player_id,player,position,team,projected_ppg,target_share,air_yard_share,history_games,seasons_used,last_season_ppg,projected_points,baseline_points,floor,ceiling,confidence,risk_score,model_value,market_value,auction_edge,value_signal,opportunity_score,efficiency_score,red_zone_share,weekly_projection,opponent,matchup
00-0034844,Saquon Barkley,RB,PHI,20.299999999999997,0.1332473951424938,-0.008965001796611492,30.0,2.0,22.20625,345.09999999999997,377.50625,276.08,414.11999999999995,High,25,41.0,45.0,-4.0,Fair,100.0,100.0,,20.299999999999997,TBD,Preseason
00-0033280,Christian McCaffrey,RB,SF,20.2875,0.1839615959004059,0.051192396373548166,20.0,2.0,11.950000000000001,344.88750000000005,203.15,275.91,413.86500000000007,Medium,45,41.0,15.0,26.0,Target,99.0,99.0,,20.2875,TBD,Preseason
00-0036900,Ja'Marr Chase,WR,CIN,21.374399999999998,0.26852615459152607,0.3356389392239476,33.0,2.0,23.705882352941178,363.36479999999995,403.0,290.69183999999996,436.03775999999993,High,25,39.0,44.0,-5.0,Overpriced,100.0,100.0,,21.374399999999998,TBD,Preseason
00-0039139,Jahmyr Gibbs,RB,DET,19.4265306122449,0.13101851331529815,0.000612552562543257,32.0,2.0,20.876470588235296,330.2510204081633,354.90000000000003,264.2008163265306,396.30122448979597,High,25,38.0,41.0,-3.0,Fair,99.0,99.0,,19.4265306122449,TBD,Preseason
00-0033906,Alvin Kamara,RB,NO,18.62439024390244,0.20407851646850567,0.016967869652747946,27.0,2.0,18.95,316.6146341463415,322.15,253.2917073170732,379.93756097560976,Medium,45,36.0,36.0,0.0,Fair,98.0,98.0,,18.62439024390244,TBD,Preseason
00-0038542,Bijan Robinson,RB,ATL,18.229411764705887,0.15518689569763913,-0.012691238815796578,34.0,2.0,20.1,309.9000000000001,341.70000000000005,247.92000000000007,371.8800000000001,High,25,35.0,39.0,-4.0,Fair,98.0,98.0,,18.229411764705887,TBD,Preseason
00-0037840,Kyren Williams,RB,LA,18.163636363636364,0.10627096630043646,-0.010796085209621291,28.0,2.0,17.00625,308.7818181818182,289.10625000000005,247.02545454545458,370.53818181818184,Medium,45,35.0,30.0,5.0,Target,97.0,97.0,,18.163636363636364,TBD,Preseason
00-0036358,CeeDee Lamb,WR,DAL,19.829787234042556,0.28632195794590665,0.3234368233409641,32.0,2.0,17.560000000000002,337.10638297872345,298.52000000000004,269.68510638297874,404.52765957446815,High,25,34.0,26.0,8.0,Target,100.0,100.0,,19.829787234042556,TBD,Preseason
00-0032764,Derrick Henry,RB,BAL,18.107058823529414,0.07522819363900465,-0.018639661327946457,34.0,2.0,19.788235294117648,307.82000000000005,336.40000000000003,246.25600000000006,369.38400000000007,High,25,34.0,38.0,-4.0,Fair,97.0,97.0,,18.107058823529414,TBD,Preseason
00-0036963,Amon-Ra St. Brown,WR,DET,19.3452,0.27628841007957533,0.31674411257352036,33.0,2.0,18.716470588235296,328.86839999999995,318.18000000000006,263.09472,394.6420799999999,High,25,33.0,29.0,4.0,Target,99.0,99.0,,19.3452,TBD,Preseason
00-0039040,Devon Achane,RB,MIA,17.566666666666666,0.1491463575458266,-0.012267751487777114,28.0,2.0,17.641176470588235,298.6333333333333,299.9,238.90666666666667,358.35999999999996,Medium,45,33.0,32.0,1.0,Fair,96.0,96.0,,17.566666666666666,TBD,Preseason
00-0034796,Lamar Jackson,QB,BAL,28.079600000000003,0.0,0.0,33.0,2.0,30.14,477.3532000000001,512.38,381.88256000000007,572.82384,High,25,32.0,37.0,-5.0,Overpriced,100.0,100.0,,28.079600000000003,TBD,Preseason
00-0036322,Justin Jefferson,WR,MIN,19.07181818181818,0.29629369536054295,0.38720841159274416,27.0,2.0,18.67529411764706,324.22090909090906,317.48,259.37672727272724,389.0650909090909,Medium,45,32.0,29.0,3.0,Fair,99.0,99.0,,19.07181818181818,TBD,Preseason
00-0036223,Jonathan Taylor,RB,IND,17.099999999999998,0.09335427253183365,-0.010144732541937056,24.0,2.0,17.62142857142857,290.7,299.5642857142857,232.56,348.84,Medium,45,31.0,32.0,-1.0,Fair,95.0,95.0,,17.099999999999998,TBD,Preseason
00-0033897,Joe Mixon,RB,HOU,16.62222222222222,0.12321864093384532,-0.01775752772356138,31.0,2.0,17.178571428571427,282.5777777777777,292.0357142857143,226.0622222222222,339.09333333333325,High,25,30.0,31.0,-1.0,Fair,95.0,95.0,,16.62222222222222,TBD,Preseason
00-0039075,Puka Nacua,WR,LA,18.24871794871795,0.30811630613325935,0.31796390702478616,28.0,2.0,18.78181818181818,310.22820512820516,319.29090909090905,248.18256410256413,372.2738461538462,Medium,45,29.0,30.0,-1.0,Fair,99.0,99.0,,18.24871794871795,TBD,Preseason
00-0039337,Malik Nabers,WR,NYG,18.240000000000002,0.35704066716052396,0.46515113937808444,15.0,1.0,18.240000000000002,310.08000000000004,310.08000000000004,248.06400000000005,372.09600000000006,Medium,45,29.0,28.0,1.0,Fair,98.0,98.0,,18.240000000000002,TBD,Preseason
00-0035700,Josh Jacobs,RB,GB,16.325531914893617,0.11927511380150976,-0.008786795321066495,30.0,2.0,17.241176470588236,277.5340425531915,293.1,222.02723404255323,333.0408510638298,High,25,29.0,31.0,-2.0,Fair,94.0,94.0,,16.325531914893617,TBD,Preseason
00-0034857,Josh Allen,QB,BUF,26.720816326530613,0.0,0.0,33.0,2.0,26.771250000000002,454.2538775510204,455.11125000000004,363.40310204081635,545.1046530612244,High,25,28.0,27.0,1.0,Fair,99.0,99.0,,26.720816326530613,TBD,Preseason
00-0036554,Nico Collins,WR,HOU,17.47692307692308,0.23840979170889223,0.32673036443740255,27.0,2.0,17.55,297.10769230769233,298.35,237.68615384615387,356.52923076923076,Medium,45,27.0,26.0,1.0,Fair,98.0,98.0,,17.47692307692308,TBD,Preseason
00-0038120,Breece Hall,RB,NYJ,15.76122448979592,0.1481242616365048,-0.0025986797171611347,33.0,2.0,15.05625,267.94081632653064,255.95625,214.35265306122452,321.52897959183673,High,25,27.0,24.0,3.0,Fair,94.0,94.0,,15.76122448979592,TBD,Preseason
00-0033553,James Conner,RB,ARI,15.757777777777777,0.10874805428550678,-0.02924390958876523,29.0,2.0,15.8625,267.8822222222222,269.6625,214.30577777777776,321.4586666666666,Medium,45,27.0,27.0,0.0,Fair,93.0,93.0,,15.757777777777777,TBD,Preseason
00-0037248,James Cook,RB,BUF,15.63469387755102,0.10167945704010774,0.022735373258328372,33.0,2.0,16.66875,265.78979591836736,283.36875,212.6318367346939,318.94775510204084,High,25,27.0,29.0,-2.0,Fair,92.0,92.0,,15.63469387755102,TBD,Preseason
00-0035685,David Montgomery,RB,DET,15.586666666666664,0.08412338384149294,-0.004447839349422945,28.0,2.0,15.98,264.9733333333333,271.66,211.97866666666664,317.96799999999996,Medium,45,27.0,27.0,0.0,Fair,92.0,92.0,,15.586666666666664,TBD,Preseason
00-0031408,Mike Evans,WR,TB,16.962222222222223,0.2509801471709104,0.4032230281444428,31.0,2.0,17.17142857142857,288.3577777777778,291.9142857142857,230.68622222222226,346.02933333333334,High,25,26.0,25.0,1.0,Fair,97.0,97.0,,16.962222222222223,TBD,Preseason
00-0038134,Kenneth Walker,RB,SEA,15.183783783783783,0.11613604391919019,-0.031494340179873744,26.0,2.0,16.472727272727273,258.12432432432433,280.03636363636366,206.49945945945947,309.74918918918917,Medium,45,26.0,29.0,-3.0,Fair,91.0,91.0,,15.183783783783783,TBD,Preseason
00-0035676,A.J. Brown,WR,PHI,16.823255813953487,0.3247629381995476,0.4715600122704562,30.0,2.0,16.684615384615384,285.9953488372093,283.6384615384615,228.79627906976745,343.19441860465116,High,25,25.0,23.0,2.0,Fair,97.0,97.0,,16.823255813953487,TBD,Preseason
00-0039893,Brian Thomas,WR,JAX,16.705882352941178,0.25452063575429745,0.36976301519939847,17.0,1.0,16.705882352941178,284.0,284.0,227.20000000000002,340.8,Medium,45,25.0,24.0,1.0,Fair,97.0,97.0,,16.705882352941178,TBD,Preseason
00-0031381,Davante Adams,WR,NYJ,16.622222222222224,0.30678547807635465,0.3957204826737592,31.0,2.0,17.854545454545455,282.5777777777778,303.52727272727276,226.06222222222223,339.0933333333333,High,25,24.0,27.0,-3.0,Fair,96.0,96.0,,16.622222222222224,TBD,Preseason
00-0036158,J.K. Dobbins,RB,LAC,14.640740740740743,0.10759477980065289,-0.018721713037649593,14.0,2.0,14.753846153846155,248.89259259259262,250.81538461538463,199.1140740740741,298.67111111111114,Medium,45,24.0,24.0,0.0,Fair,91.0,91.0,,14.640740740740743,TBD,Preseason
00-0033040,Tyreek Hill,WR,MIA,16.255999999999997,0.25296803683132724,0.4106697988938298,33.0,2.0,12.835294117647058,276.3519999999999,218.2,221.08159999999995,331.6223999999999,High,25,23.0,12.0,11.0,Target,96.0,96.0,,16.255999999999997,TBD,Preseason
00-0036410,Tee Higgins,WR,CIN,16.161111111111115,0.23260039633957716,0.3538734528928132,24.0,2.0,18.508333333333336,274.73888888888894,314.6416666666667,219.79111111111115,329.6866666666667,Medium,45,23.0,29.0,-6.0,Overpriced,96.0,96.0,,16.161111111111115,TBD,Preseason
00-0039338,Brock Bowers,TE,LV,15.45294117647059,0.2553617809786005,0.2318608838165315,17.0,1.0,15.452941176470588,262.70000000000005,262.7,210.16000000000005,315.24000000000007,Medium,45,23.0,23.0,0.0,Fair,100.0,100.0,,15.45294117647059,TBD,Preseason
00-0039361,Bucky Irving,RB,TB,14.376470588235295,0.0969490969184357,-0.0502094036909164,17.0,1.0,14.376470588235295,244.4,244.4,195.52,293.28,Medium,45,23.0,22.0,1.0,Fair,90.0,90.0,,14.376470588235295,TBD,Preseason
00-0037256,Rachaad White,RB,TB,14.193617021276596,0.11717821148559805,-0.0331156628876626,32.0,2.0,13.306666666666667,241.29148936170213,226.21333333333334,193.0331914893617,289.5497872340425,High,25,23.0,19.0,4.0,Target,90.0,90.0,,14.193617021276596,TBD,Preseason
00-0036555,Chuba Hubbard,RB,CAR,14.163829787234045,0.128180796324568,-0.027062763617582797,32.0,2.0,16.10666666666667,240.78510638297877,273.8133333333334,192.62808510638303,288.9421276595745,High,25,23.0,27.0,-4.0,Fair,89.0,89.0,,14.163829787234045,TBD,Preseason
00-0036442,Joe Burrow,QB,CIN,24.881818181818183,0.0,0.0,27.0,2.0,26.98941176470588,422.9909090909091,458.82,338.3927272727273,507.5890909090909,Medium,45,22.0,27.0,-5.0,Overpriced,98.0,98.0,,24.881818181818183,TBD,Preseason
00-0031588,Stefon Diggs,WR,HOU,15.686060606060606,0.27324840307850146,0.31723048866717346,25.0,2.0,15.24,266.66303030303027,259.08,213.33042424242421,319.9956363636363,Medium,45,22.0,19.0,3.0,Fair,95.0,95.0,,15.686060606060606,TBD,Preseason
00-0033921,Chris Godwin,WR,TB,15.638709677419353,0.2583738024595929,0.27742330052038905,24.0,2.0,19.685714285714287,265.858064516129,334.6571428571429,212.6864516129032,319.02967741935475,Medium,45,22.0,32.0,-10.0,Overpriced,95.0,95.0,,15.638709677419353,TBD,Preseason
00-0039067,Rashee Rice,WR,KC,15.55909090909091,0.22097643238696174,0.2083201010205268,19.0,2.0,21.633333333333336,264.50454545454545,367.7666666666667,211.60363636363638,317.4054545454545,Medium,45,21.0,38.0,-17.0,Overpriced,95.0,95.0,,15.55909090909091,TBD,Preseason
00-0033288,George Kittle,TE,SF,14.704347826086957,0.20335532185366034,0.21567396064593367,31.0,2.0,15.773333333333335,249.97391304347826,268.1466666666667,199.97913043478263,299.9686956521739,High,25,21.0,24.0,-3.0,Fair,99.0,99.0,,14.704347826086957,TBD,Preseason
00-0033293,Aaron Jones,RB,MIN,13.735555555555557,0.12208694246128159,0.002105434202814258,28.0,2.0,14.211764705882354,233.50444444444446,241.60000000000002,186.8035555555556,280.20533333333333,Medium,45,21.0,22.0,-1.0,Fair,88.0,88.0,,13.735555555555557,TBD,Preseason
00-0034855,Baker Mayfield,QB,TB,24.032549019607842,0.0,0.0,34.0,2.0,26.341176470588238,408.5533333333333,447.80000000000007,326.8426666666667,490.2639999999999,High,25,20.0,25.0,-5.0,Overpriced,97.0,97.0,,24.032549019607842,TBD,Preseason
00-0030279,Keenan Allen,WR,CHI,15.108372093023256,0.2798050777855134,0.34831852647527134,28.0,2.0,12.293333333333333,256.84232558139536,208.98666666666665,205.4738604651163,308.21079069767444,Medium,45,20.0,11.0,9.0,Target,94.0,94.0,,15.108372093023256,TBD,Preseason
00-0039915,Ladd McConkey,WR,LAC,15.05625,0.24561787514740085,0.30312516859228356,16.0,1.0,15.05625,255.95625,255.95625,204.76500000000001,307.1475,Medium,45,20.0,19.0,1.0,Fair,94.0,94.0,,15.05625,TBD,Preseason
00-0034827,D.J. Moore,WR,CHI,14.954901960784316,0.2788959981160683,0.31806013256431226,34.0,2.0,14.005882352941178,254.23333333333338,238.10000000000002,203.3866666666667,305.08000000000004,High,25,20.0,16.0,4.0,Target,93.0,93.0,,14.954901960784316,TBD,Preseason
00-0038597,Chase Brown,RB,CIN,13.416666666666668,0.10117064613975238,-0.0019506409586018275,26.0,2.0,15.9375,228.08333333333334,270.9375,182.4666666666667,273.7,Medium,45,20.0,27.0,-7.0,Overpriced,88.0,88.0,,13.416666666666668,TBD,Preseason
00-0039910,Jayden Daniels,QB,WAS,23.871764705882352,0.0,0.0,17.0,1.0,23.871764705882352,405.82,405.82,324.656,486.984,Medium,45,19.0,18.0,1.0,Fair,96.0,96.0,,23.871764705882352,TBD,Preseason
00-0036912,DeVonta Smith,WR,PHI,14.914285714285716,0.2611271621941582,0.3236997107465084,29.0,2.0,15.338461538461539,253.54285714285717,260.75384615384615,202.83428571428576,304.2514285714286,Medium,45,19.0,20.0,-1.0,Fair,93.0,93.0,,14.914285714285716,TBD,Preseason
00-0037238,Drake London,WR,ATL,14.719600000000002,0.26486970366060575,0.3507763882992802,33.0,2.0,16.51764705882353,250.23320000000004,280.8,200.18656000000004,300.27984000000004,High,25,19.0,23.0,-4.0,Fair,93.0,93.0,,14.719600000000002,TBD,Preseason
00-0036389,Jalen Hurts,QB,PHI,23.511914893617025,0.0,0.0,32.0,2.0,23.408,399.7025531914894,397.93600000000004,319.7620425531916,479.64306382978725,High,25,18.0,17.0,1.0,Fair,95.0,95.0,,23.511914893617025,TBD,Preseason
00-0035659,Terry McLaurin,WR,WAS,14.486274509803922,0.23140950535990215,0.38113481302756885,34.0,2.0,15.75294117647059,246.26666666666668,267.8,197.01333333333335,295.52,High,25,18.0,21.0,-3.0,Fair,92.0,92.0,,14.486274509803922,TBD,Preseason
00-0033908,Cooper Kupp,WR,LA,14.28888888888889,0.25222435495608186,0.26913732750477337,24.0,2.0,14.583333333333334,242.91111111111113,247.91666666666669,194.3288888888889,291.49333333333334,Medium,45,18.0,17.0,1.0,Fair,92.0,92.0,,14.28888888888889,TBD,Preseason
00-0037744,Trey McBride,TE,ARI,13.655102040816326,0.2556474443892928,0.23862387270053592,33.0,2.0,15.2375,232.13673469387754,259.0375,185.70938775510206,278.56408163265303,High,25,18.0,22.0,-4.0,Fair,99.0,99.0,,13.655102040816326,TBD,Preseason
00-0035261,Tony Pollard,RB,TEN,12.73469387755102,0.13294164164405123,-0.0030906328117704597,33.0,2.0,12.543750000000001,216.48979591836735,213.24375,173.19183673469388,259.7877551020408,High,25,18.0,17.0,1.0,Fair,87.0,87.0,,12.73469387755102,TBD,Preseason
00-0036275,D'Andre Swift,RB,CHI,12.565999999999999,0.1080793124661488,0.004532152871148371,33.0,2.0,12.617647058823529,213.62199999999999,214.5,170.8976,256.34639999999996,High,25,18.0,17.0,1.0,Fair,87.0,87.0,,12.565999999999999,TBD,Preseason
00-0034960,Jakobi Meyers,WR,LV,14.273478260869565,0.23576984381143004,0.31245882082237075,31.0,2.0,14.533333333333333,242.6491304347826,247.06666666666666,194.11930434782607,291.1789565217391,High,25,17.0,17.0,0.0,Fair,92.0,92.0,,14.273478260869565,TBD,Preseason
00-0037740,Garrett Wilson,WR,NYJ,14.058823529411763,0.2715289835127622,0.3904313164299828,34.0,2.0,14.81764705882353,238.99999999999997,251.9,191.2,286.79999999999995,High,25,17.0,18.0,-1.0,Fair,91.0,91.0,,14.058823529411763,TBD,Preseason
00-0034348,Courtland Sutton,WR,DEN,14.058333333333335,0.2415974483304248,0.4397179511388506,32.0,2.0,15.14375,238.9916666666667,257.44375,191.19333333333338,286.79,High,25,17.0,19.0,-2.0,Fair,91.0,91.0,,14.058333333333335,TBD,Preseason
00-0038679,Tyrell Shavers,WR,BUF,13.9,0.037037037037037,-0.0094339622641509,1.0,1.0,13.9,236.3,236.3,189.04000000000002,283.56,Low,70,16.0,15.0,1.0,Fair,91.0,91.0,,13.9,TBD,Preseason
00-0030035,Adam Thielen,WR,CAR,13.783783783783784,0.2271697167654373,0.2615082952939932,27.0,2.0,13.95,234.32432432432432,237.14999999999998,187.45945945945948,281.18918918918916,Medium,45,16.0,16.0,0.0,Fair,90.0,90.0,,13.783783783783784,TBD,Preseason
00-0038994,Jordan Addison,WR,MIN,13.751063829787233,0.19923616727013224,0.2992819746439281,32.0,2.0,14.166666666666666,233.76808510638296,240.83333333333331,187.0144680851064,280.5217021276595,High,25,16.0,16.0,0.0,Fair,90.0,90.0,,13.751063829787233,TBD,Preseason
00-0033885,David Njoku,TE,CLE,13.110526315789473,0.22133386828334167,0.14035799336071553,27.0,2.0,13.5,222.87894736842105,229.5,178.30315789473684,267.45473684210526,Medium,45,16.0,17.0,-1.0,Fair,98.0,98.0,,13.110526315789473,TBD,Preseason
00-0030506,Travis Kelce,TE,KC,12.982978723404257,0.23043416078612192,0.2455774809632478,31.0,2.0,12.2125,220.71063829787235,207.6125,176.56851063829788,264.8527659574468,High,25,16.0,13.0,3.0,Fair,97.0,97.0,,12.982978723404257,TBD,Preseason
00-0037746,Brian Robinson,RB,WAS,12.03953488372093,0.07723811228583223,-0.01359390406081445,29.0,2.0,11.414285714285715,204.67209302325583,194.04285714285714,163.73767441860468,245.60651162790697,Medium,45,16.0,14.0,2.0,Fair,86.0,86.0,,12.03953488372093,TBD,Preseason
00-0036893,Najee Harris,RB,PIT,11.85686274509804,0.11019477462945781,-0.018636635908297727,34.0,2.0,12.035294117647059,201.56666666666666,204.6,161.25333333333333,241.88,High,25,16.0,16.0,0.0,Fair,86.0,86.0,,11.85686274509804,TBD,Preseason
00-0036875,Rhamondre Stevenson,RB,NE,11.845238095238095,0.10674444556824057,-0.009063976626916714,27.0,2.0,11.726666666666667,201.36904761904762,199.35333333333332,161.0952380952381,241.64285714285714,Medium,45,16.0,15.0,1.0,Fair,85.0,85.0,,11.845238095238095,TBD,Preseason
00-0033699,Austin Ekeler,RB,WAS,11.842105263157896,0.13105036959534164,-0.029051032698521738,26.0,2.0,11.025,201.31578947368422,187.425,161.0526315789474,241.57894736842104,Medium,45,16.0,13.0,3.0,Fair,84.0,84.0,,11.842105263157896,TBD,Preseason
00-0033106,Jared Goff,QB,DET,22.470980392156864,0.0350877192982456,0.042194092827004204,34.0,2.0,23.438823529411767,382.0066666666667,398.46000000000004,305.60533333333336,458.4080000000001,High,25,15.0,17.0,-2.0,Fair,94.0,94.0,,22.470980392156864,TBD,Preseason
00-0037197,Isiah Pacheco,RB,KC,11.70357142857143,0.09577049168250792,-0.039346054458119284,21.0,2.0,8.12857142857143,198.9607142857143,138.1857142857143,159.16857142857145,238.75285714285712,Medium,45,15.0,4.0,11.0,Target,84.0,84.0,,11.70357142857143,TBD,Preseason
00-0036973,Travis Etienne,RB,JAX,11.548936170212764,0.11451445697077949,-0.005106152132396418,32.0,2.0,8.68,196.33191489361698,147.56,157.0655319148936,235.59829787234037,High,25,15.0,6.0,9.0,Target,83.0,83.0,,11.548936170212764,TBD,Preseason
00-0039732,Bo Nix,QB,DEN,22.070588235294117,0.0303030303030303,0.0079051383399209,17.0,1.0,22.070588235294117,375.2,375.2,300.16,450.23999999999995,Medium,45,14.0,13.0,1.0,Fair,93.0,93.0,,22.070588235294117,TBD,Preseason
00-0035640,DK Metcalf,WR,SEA,13.21304347826087,0.21407171496714883,0.40674939957725353,31.0,2.0,12.746666666666666,224.62173913043478,216.69333333333333,179.69739130434783,269.5460869565217,High,25,14.0,12.0,2.0,Fair,89.0,89.0,,13.21304347826087,TBD,Preseason
00-0035719,Deebo Samuel,WR,SF,12.9046511627907,0.20831790483791335,0.16610687993600634,29.0,2.0,11.114285714285716,219.37906976744188,188.94285714285718,175.5032558139535,263.25488372093025,Medium,45,13.0,7.0,6.0,Target,89.0,89.0,,12.9046511627907,TBD,Preseason
00-0038543,Jaxon Smith-Njigba,WR,SEA,12.858823529411765,0.2168039694248731,0.24273263599749778,34.0,2.0,14.882352941176471,218.60000000000002,253.0,174.88000000000002,262.32,High,25,13.0,18.0,-5.0,Overpriced,89.0,89.0,,12.858823529411765,TBD,Preseason
00-0039065,Sam LaPorta,TE,DET,12.010204081632654,0.18848470128235942,0.19011650846697042,33.0,2.0,10.9125,204.17346938775512,185.5125,163.3387755102041,245.00816326530614,High,25,13.0,10.0,3.0,Fair,97.0,97.0,,12.010204081632654,TBD,Preseason
00-0036251,Zack Moss,RB,CIN,11.113333333333335,0.10047110639206963,-0.004562038452131552,22.0,2.0,10.2375,188.9266666666667,174.03750000000002,151.14133333333336,226.71200000000005,Medium,45,13.0,10.0,3.0,Fair,83.0,83.0,,11.113333333333335,TBD,Preseason
00-0035664,Darrell Henderson,RB,LA,10.875,0.12081936462324405,-0.006281677096439127,4.0,1.0,10.875,184.875,184.875,147.9,221.85,Low,70,13.0,12.0,1.0,Fair,82.0,82.0,,10.875,TBD,Preseason
00-0039064,Zay Flowers,WR,BAL,12.508000000000001,0.24929872656326038,0.26035264349759546,33.0,2.0,12.323529411764707,212.63600000000002,209.5,170.10880000000003,255.16320000000002,High,25,12.0,11.0,1.0,Fair,88.0,88.0,,12.508000000000001,TBD,Preseason
00-0036407,Jerry Jeudy,WR,CLE,12.472,0.21760578255229027,0.3456272760708258,33.0,2.0,14.170588235294119,212.024,240.90000000000003,169.6192,254.4288,High,25,12.0,16.0,-4.0,Fair,88.0,88.0,,12.472,TBD,Preseason
00-0036261,Brandon Aiyuk,WR,SF,12.466666666666665,0.23459149836828733,0.34548076570524167,23.0,2.0,8.914285714285715,211.9333333333333,151.54285714285714,169.54666666666665,254.31999999999996,Medium,45,12.0,1.0,11.0,Target,88.0,88.0,,12.466666666666665,TBD,Preseason
00-0034837,Calvin Ridley,WR,TEN,12.319607843137256,0.23380981556240146,0.40971621921932605,34.0,2.0,11.71764705882353,209.43333333333334,199.20000000000002,167.54666666666668,251.32,High,25,12.0,9.0,3.0,Fair,87.0,87.0,,12.319607843137256,TBD,Preseason
00-0033881,Evan Engram,TE,JAX,11.694285714285714,0.2453140793003876,0.15549735369546447,26.0,2.0,9.944444444444445,198.80285714285714,169.05555555555557,159.04228571428573,238.56342857142855,Medium,45,12.0,7.0,5.0,Target,96.0,96.0,,11.694285714285714,TBD,Preseason
00-0034753,Mark Andrews,TE,BAL,11.65909090909091,0.1641814684079264,0.18344510325892202,27.0,2.0,11.105882352941178,198.20454545454547,188.8,158.5636363636364,237.84545454545454,Medium,45,12.0,10.0,2.0,Fair,95.0,95.0,,11.65909090909091,TBD,Preseason
00-0033858,Jonnu Smith,TE,MIA,11.608163265306121,0.17922533967925028,0.13955070461256072,32.0,2.0,13.076470588235296,197.33877551020407,222.3,157.87102040816328,236.80653061224487,High,25,12.0,16.0,-4.0,Fair,94.0,94.0,,11.608163265306121,TBD,Preseason
00-0039384,Tyrone Tracy,RB,NYG,10.723529411764707,0.09801423482865353,0.005453099825305963,17.0,1.0,10.723529411764707,182.3,182.3,145.84,218.76000000000002,Medium,45,12.0,12.0,0.0,Fair,82.0,82.0,,10.723529411764707,TBD,Preseason
00-0037267,Jerome Ford,RB,CLE,10.693333333333335,0.1047914322865645,-0.006042862482860906,31.0,2.0,9.571428571428571,181.7866666666667,162.71428571428572,145.42933333333335,218.14400000000003,High,25,12.0,8.0,4.0,Target,81.0,81.0,,10.693333333333335,TBD,Preseason
00-0031687,Raheem Mostert,RB,MIA,10.5,0.07141022963201338,-2.522442667762483e-05,27.0,2.0,5.908333333333334,178.5,100.44166666666668,142.8,214.2,Medium,45,12.0,1.0,11.0,Target,80.0,80.0,,10.5,TBD,Preseason
00-0033923,Kareem Hunt,RB,KC,10.470731707317071,0.06848171363689404,-0.014262856394065807,28.0,2.0,11.953846153846154,178.0024390243902,203.2153846153846,142.40195121951217,213.60292682926826,Medium,45,12.0,15.0,-3.0,Fair,80.0,80.0,,10.470731707317071,TBD,Preseason
00-0039398,Joe Milton,QB,NE,21.240000000000002,0.0,0.0,1.0,1.0,21.240000000000002,361.08000000000004,361.08000000000004,288.86400000000003,433.29600000000005,Low,70,11.0,11.0,0.0,Fair,92.0,92.0,,21.240000000000002,TBD,Preseason
00-0037834,Brock Purdy,QB,SF,21.115652173913045,0.0,0.0,31.0,2.0,20.457333333333334,358.96608695652174,347.7746666666667,287.1728695652174,430.75930434782606,High,25,11.0,8.0,3.0,Fair,91.0,91.0,,21.115652173913045,TBD,Preseason
00-0033077,Dak Prescott,QB,DAL,20.96606060606061,0.0,0.0,25.0,2.0,17.314999999999998,356.4230303030304,294.35499999999996,285.1384242424243,427.7076363636364,Medium,45,11.0,1.0,10.0,Target,90.0,90.0,,20.96606060606061,TBD,Preseason
00-0039146,Jayden Reed,WR,GB,12.223999999999998,0.16658832115799402,0.16292197914947953,33.0,2.0,11.588235294117647,207.80799999999996,197.0,166.2464,249.36959999999993,High,25,11.0,9.0,2.0,Fair,87.0,87.0,,12.223999999999998,TBD,Preseason
00-0036252,Michael Pittman,WR,IND,12.1625,0.26963095700994666,0.28429543758781944,32.0,2.0,10.3625,206.7625,176.16250000000002,165.41,248.11499999999998,High,25,11.0,5.0,6.0,Target,86.0,86.0,,12.1625,TBD,Preseason
00-0037239,Chris Olave,WR,NO,12.021875,0.22238909685228955,0.3343905239320838,24.0,2.0,9.5875,204.371875,162.9875,163.4975,245.24624999999997,Medium,45,11.0,3.0,8.0,Target,86.0,86.0,,12.021875,TBD,Preseason
00-0037240,Jameson Williams,WR,DET,12.01666666666667,0.16172543278260337,0.2900165860355935,27.0,2.0,14.146666666666668,204.2833333333334,240.49333333333337,163.42666666666673,245.14000000000004,Medium,45,11.0,16.0,-5.0,Overpriced,86.0,86.0,,12.01666666666667,TBD,Preseason
00-0037247,George Pickens,WR,PIT,11.946666666666669,0.2566158794151487,0.4481288935884016,31.0,2.0,11.742857142857144,203.09333333333336,199.62857142857143,162.4746666666667,243.71200000000002,High,25,11.0,9.0,2.0,Fair,85.0,85.0,,11.946666666666669,TBD,Preseason
00-0035229,T.J. Hockenson,TE,MIN,11.200000000000001,0.2064459679403662,0.21197795292814223,25.0,2.0,8.65,190.4,147.05,152.32000000000002,228.48,Medium,45,11.0,3.0,8.0,Target,94.0,94.0,,11.200000000000001,TBD,Preseason
00-0036139,Rico Dowdle,RB,DAL,10.147916666666667,0.07325544232888576,-0.003372507826210039,32.0,2.0,12.3625,172.51458333333335,210.16250000000002,138.01166666666668,207.0175,High,25,11.0,17.0,-6.0,Overpriced,79.0,79.0,,10.147916666666667,TBD,Preseason
00-0033873,Patrick Mahomes,QB,KC,20.922083333333333,0.024691358024691336,-0.004166666666666667,32.0,2.0,20.93875,355.67541666666665,355.95875,284.5403333333333,426.8105,High,25,10.0,10.0,0.0,Fair,89.0,89.0,,20.922083333333333,TBD,Preseason
00-0037524,Tay Martin,WR,TEN,11.9,0.0769230769230769,0.210702341137124,1.0,1.0,11.9,202.3,202.3,161.84000000000003,242.76,Low,70,10.0,10.0,0.0,Fair,85.0,85.0,,11.9,TBD,Preseason
00-0037545,Rashid Shaheed,WR,NO,11.896296296296295,0.18533770724498932,0.35061038073573725,21.0,2.0,13.633333333333335,202.23703703703703,231.76666666666668,161.78962962962964,242.6844444444444,Medium,45,10.0,15.0,-5.0,Overpriced,85.0,85.0,,11.896296296296295,TBD,Preseason
00-0038977,Tank Dell,WR,HOU,11.710526315789473,0.19033816370978382,0.2850761359175364,24.0,2.0,10.0,199.07894736842104,170.0,159.26315789473685,238.89473684210523,Medium,45,10.0,4.0,6.0,Target,84.0,84.0,,11.710526315789473,TBD,Preseason
00-0039894,Xavier Worthy,WR,KC,11.7,0.1785275723033403,0.2633402032368769,16.0,1.0,11.7,198.89999999999998,198.89999999999998,159.12,238.67999999999995,Medium,45,10.0,9.0,1.0,Fair,84.0,84.0,,11.7,TBD,Preseason
00-0033357,Taysom Hill,TE,NO,10.943750000000001,0.1153868897724693,0.05840818070325357,24.0,2.0,12.7925,186.04375000000002,217.4725,148.835,223.25250000000003,Medium,45,10.0,15.0,-5.0,Overpriced,93.0,93.0,,10.943750000000001,TBD,Preseason
00-0036997,Javonte Williams,RB,DEN,9.9,0.13172007811517866,-0.02681285354822828,33.0,2.0,9.288235294117648,168.3,157.9,134.64000000000001,201.96,High,25,10.0,8.0,2.0,Fair,79.0,79.0,,9.9,TBD,Preseason
00-0038997,Josh Downs,WR,IND,11.588888888888889,0.22758894569039256,0.16730135859123255,31.0,2.0,13.014285714285714,197.01111111111112,221.24285714285713,157.6088888888889,236.41333333333333,High,25,9.0,13.0,-4.0,Fair,84.0,84.0,,11.588888888888889,TBD,Preseason
00-0039849,Marvin Harrison,WR,ARI,11.558823529411764,0.22580166954521225,0.42665208976842367,17.0,1.0,11.558823529411764,196.5,196.5,157.20000000000002,235.79999999999998,Medium,45,9.0,9.0,0.0,Fair,83.0,83.0,,11.558823529411764,TBD,Preseason
00-0031544,Amari Cooper,WR,CLE,11.521951219512196,0.2178439452619207,0.3626610359279857,28.0,2.0,10.166666666666666,195.87317073170735,172.83333333333331,156.6985365853659,235.0478048780488,Medium,45,9.0,5.0,4.0,Target,83.0,83.0,,11.521951219512196,TBD,Preseason
00-0036613,Jaylen Waddle,WR,MIA,11.313636363636363,0.18614979023996764,0.2787667921026528,29.0,2.0,9.973333333333333,192.33181818181816,169.54666666666665,153.86545454545455,230.79818181818177,Medium,45,9.0,4.0,5.0,Target,82.0,82.0,,11.313636363636363,TBD,Preseason
00-0039165,Zach Charbonnet,RB,SEA,9.47,0.09795161804995146,-0.019810995054173594,33.0,2.0,10.805882352941177,160.99,183.70000000000002,128.792,193.18800000000002,High,25,9.0,12.0,-3.0,Fair,78.0,78.0,,9.47,TBD,Preseason
00-0037228,Jaylen Warren,RB,PIT,9.459574468085107,0.1320655515801898,-0.015233945637032783,32.0,2.0,8.273333333333333,160.8127659574468,140.64666666666668,128.65021276595743,192.97531914893617,High,25,9.0,5.0,4.0,Target,77.0,77.0,,9.459574468085107,TBD,Preseason
00-0036264,Jordan Love,QB,GB,20.229361702127658,0.0,0.0,32.0,2.0,18.924,343.8991489361702,321.70799999999997,275.1193191489362,412.6789787234042,High,25,8.0,4.0,4.0,Target,88.0,88.0,,20.229361702127658,TBD,Preseason
00-0035228,Kyler Murray,QB,ARI,20.115238095238094,0.0,0.0,25.0,2.0,19.95529411764706,341.9590476190476,339.24,273.5672380952381,410.35085714285714,Medium,45,8.0,7.0,1.0,Fair,86.0,86.0,,20.115238095238094,TBD,Preseason
00-0036259,Jauan Jennings,WR,SF,11.25,0.20907596770694736,0.2582612535920682,27.0,2.0,14.033333333333333,191.25,238.56666666666666,153.0,229.5,Medium,45,8.0,16.0,-8.0,Overpriced,82.0,82.0,,11.25,TBD,Preseason
00-0034351,Dallas Goedert,TE,PHI,10.102941176470589,0.19347466028208749,0.1526813908972745,24.0,2.0,10.36,171.75,176.12,137.4,206.1,Medium,45,8.0,8.0,0.0,Fair,92.0,92.0,,10.102941176470589,TBD,Preseason
00-0039032,Tyjae Spears,RB,TEN,9.292682926829269,0.12906367553882386,-0.013339152958534856,29.0,2.0,9.466666666666667,157.97560975609755,160.93333333333334,126.38048780487804,189.57073170731707,Medium,45,8.0,8.0,0.0,Fair,77.0,77.0,,9.292682926829269,TBD,Preseason
00-0034972,Alexander Mattison,RB,LV,9.272727272727273,0.10403978643151972,0.00010676917961208545,30.0,2.0,9.814285714285715,157.63636363636365,166.84285714285716,126.10909090909092,189.16363636363639,High,25,8.0,9.0,-1.0,Fair,76.0,76.0,,9.272727272727273,TBD,Preseason
00-0036355,Justin Herbert,QB,LAC,19.93531914893617,0.007475560667050021,-0.007563164893617021,30.0,2.0,19.49411764705882,338.9004255319149,331.4,271.12034042553194,406.68051063829785,High,25,7.0,6.0,1.0,Fair,85.0,85.0,,19.93531914893617,TBD,Preseason
00-0036212,Tua Tagovailoa,QB,MIA,19.73128205128205,0.0,0.0,28.0,2.0,19.961818181818185,335.43179487179486,339.3509090909091,268.3454358974359,402.51815384615384,Medium,45,7.0,7.0,0.0,Fair,84.0,84.0,,19.73128205128205,TBD,Preseason
00-0026158,Joe Flacco,QB,IND,19.627368421052633,0.0,0.0,12.0,2.0,17.57714285714286,333.66526315789474,298.8114285714286,266.9322105263158,400.39831578947366,Medium,45,7.0,1.0,6.0,Target,83.0,83.0,,19.627368421052633,TBD,Preseason
00-0030061,Zach Ertz,TE,WAS,9.914634146341465,0.1806816625443863,0.18156781953184867,24.0,2.0,10.435294117647059,168.5487804878049,177.4,134.8390243902439,202.25853658536587,Medium,45,7.0,8.0,-1.0,Fair,92.0,92.0,,9.914634146341465,TBD,Preseason
00-0036290,Cole Kmet,TE,CHI,9.811627906976744,0.15051381253357482,0.1372927811666574,29.0,2.0,8.6,166.79767441860466,146.2,133.43813953488373,200.15720930232558,Medium,45,7.0,3.0,4.0,Target,91.0,91.0,,9.811627906976744,TBD,Preseason
00-0029263,Russell Wilson,QB,PIT,19.41783783783784,0.0,0.0,26.0,2.0,18.616363636363637,330.1032432432433,316.47818181818184,264.08259459459464,396.12389189189196,Medium,45,6.0,3.0,3.0,Fair,82.0,82.0,,19.41783783783784,TBD,Preseason
00-0030564,DeAndre Hopkins,WR,TEN,10.56326530612245,0.19270323553853916,0.29925255808633405,33.0,2.0,6.383333333333333,179.57551020408164,108.51666666666665,143.66040816326532,215.49061224489796,High,25,6.0,1.0,5.0,Target,82.0,82.0,,10.56326530612245,TBD,Preseason
00-0034775,Christian Kirk,WR,JAX,10.430714285714286,0.1998031271044515,0.2933295185535156,20.0,2.0,8.8625,177.32214285714286,150.66250000000002,141.8577142857143,212.78657142857142,Medium,45,6.0,1.0,5.0,Target,81.0,81.0,,10.430714285714286,TBD,Preseason
00-0039855,Jalen McMillan,WR,TB,10.415384615384616,0.13403868483219297,0.21504469474509433,13.0,1.0,10.415384615384616,177.06153846153848,177.06153846153848,141.6492307692308,212.47384615384615,Medium,45,6.0,5.0,1.0,Fair,81.0,81.0,,10.415384615384616,TBD,Preseason
00-0037261,Khalil Shakir,WR,BUF,10.393478260869566,0.18064801974427816,0.13627840988906748,31.0,2.0,12.166666666666666,176.6891304347826,206.83333333333331,141.3513043478261,212.02695652173912,High,25,6.0,10.0,-4.0,Fair,81.0,81.0,,10.393478260869566,TBD,Preseason
00-0031610,Darren Waller,TE,NYG,9.433333333333335,0.2059936025153369,0.3012417127832004,12.0,1.0,9.433333333333334,160.3666666666667,160.36666666666667,128.29333333333338,192.44000000000003,Medium,45,6.0,5.0,1.0,Fair,90.0,90.0,,9.433333333333335,TBD,Preseason
00-0037816,Romeo Doubs,WR,GB,10.2,0.1854299834132341,0.27471632336977414,30.0,2.0,10.161538461538461,173.39999999999998,172.74615384615385,138.72,208.07999999999996,High,25,5.0,5.0,0.0,Fair,80.0,80.0,,10.2,TBD,Preseason
00-0038117,Wan'Dale Robinson,WR,NYG,10.175510204081633,0.2303295952303053,0.1674828285414703,32.0,2.0,10.747058823529413,172.98367346938775,182.70000000000002,138.3869387755102,207.5804081632653,High,25,5.0,6.0,-1.0,Fair,80.0,80.0,,10.175510204081633,TBD,Preseason
00-0036309,Darnell Mooney,WR,ATL,10.115217391304348,0.1879157628003419,0.3036128876097337,30.0,2.0,12.075000000000001,171.95869565217393,205.275,137.56695652173914,206.35043478260872,High,25,5.0,10.0,-5.0,Overpriced,80.0,80.0,,10.115217391304348,TBD,Preseason
00-0035662,Marquise Brown,WR,KC,10.05294117647059,0.23746654802769962,0.36247207890089034,15.0,2.0,9.05,170.90000000000003,153.85000000000002,136.72000000000003,205.08000000000004,Medium,45,5.0,1.0,4.0,Target,79.0,79.0,,10.05294117647059,TBD,Preseason
00-0038996,Tucker Kraft,TE,GB,9.206818181818182,0.14403912552029627,0.08443664870147113,27.0,2.0,9.605882352941178,156.5159090909091,163.3,125.21272727272729,187.81909090909093,Medium,45,5.0,6.0,-1.0,Fair,90.0,90.0,,9.206818181818182,TBD,Preseason
00-0036894,Pat Freiermuth,TE,PIT,9.186666666666666,0.16434923470147653,0.13640590136261646,28.0,2.0,9.9,156.17333333333332,168.3,124.93866666666666,187.408,Medium,45,5.0,7.0,-2.0,Fair,89.0,89.0,,9.186666666666666,TBD,Preseason
00-0033090,Hunter Henry,TE,NE,9.126666666666667,0.18720679852962885,0.1950808903138414,29.0,2.0,9.0875,155.15333333333334,154.4875,124.12266666666667,186.184,Medium,45,5.0,4.0,1.0,Fair,88.0,88.0,,9.126666666666667,TBD,Preseason
00-0037525,Jordan Mason,RB,SF,8.324242424242424,0.055869741997383794,0.019754468915068435,21.0,2.0,9.583333333333334,141.5121212121212,162.91666666666669,113.20969696969696,169.81454545454542,Medium,45,5.0,9.0,-4.0,Fair,76.0,76.0,,8.324242424242424,TBD,Preseason
00-0034791,Nick Chubb,RB,CLE,8.316666666666666,0.04877600720944565,4.222216571704913e-05,10.0,2.0,7.9125,141.38333333333333,134.5125,113.10666666666667,169.66,Low,70,5.0,4.0,1.0,Fair,75.0,75.0,,8.316666666666666,TBD,Preseason
00-0036183,Kristian Wilkerson,WR,LV,9.8,0.0810810810810811,0.0874316939890711,1.0,1.0,9.8,166.60000000000002,166.60000000000002,133.28000000000003,199.92000000000002,Low,70,4.0,3.0,1.0,Fair,79.0,79.0,,9.8,TBD,Preseason
00-0038129,Cade Otton,TE,TB,9.038636363636364,0.16404361878891152,0.13767005662201046,30.0,2.0,10.042857142857143,153.65681818181818,170.72857142857143,122.92545454545456,184.3881818181818,High,25,4.0,7.0,-3.0,Fair,88.0,88.0,,9.038636363636364,TBD,Preseason
00-0034184,Gus Edwards,RB,LAC,8.082051282051282,0.05149590826358214,-0.003160217181011873,28.0,2.0,5.827272727272727,137.3948717948718,99.06363636363636,109.91589743589743,164.87384615384613,Medium,45,4.0,1.0,3.0,Fair,75.0,75.0,,8.082051282051282,TBD,Preseason
00-0034975,Justice Hill,RB,BAL,7.9021739130434785,0.12225980186547417,0.0004170321608272324,31.0,2.0,8.473333333333334,134.33695652173913,144.04666666666668,107.4695652173913,161.20434782608694,High,25,4.0,5.0,-1.0,Fair,74.0,74.0,,7.9021739130434785,TBD,Preseason
00-0036265,AJ Dillon,RB,GB,7.84,0.06969738920049853,-0.0020163143306720747,15.0,1.0,7.840000000000001,133.28,133.28,106.62400000000001,159.936,Medium,45,4.0,3.0,1.0,Fair,73.0,73.0,,7.84,TBD,Preseason
00-0038400,Tanner McKee,QB,PHI,18.41,0.0,0.0,2.0,1.0,18.41,312.97,312.97,250.37600000000003,375.564,Low,70,3.0,2.0,1.0,Fair,81.0,81.0,,18.41,TBD,Preseason
00-0035216,Diontae Johnson,WR,HOU,9.454285714285714,0.20677107302267436,0.36704525190753007,24.0,2.0,3.2,160.72285714285712,54.400000000000006,128.5782857142857,192.86742857142855,Medium,45,3.0,1.0,2.0,Fair,78.0,78.0,,9.454285714285714,TBD,Preseason
00-0038544,Quentin Johnston,WR,LAC,9.43404255319149,0.17362874080702387,0.24422888182920044,32.0,2.0,11.646666666666668,160.37872340425534,197.99333333333337,128.30297872340427,192.4544680851064,High,25,3.0,9.0,-6.0,Overpriced,78.0,78.0,,9.43404255319149,TBD,Preseason
00-0039916,Ricky Pearsall,WR,SF,9.35,0.14103304230059438,0.2067748494102879,10.0,1.0,9.35,158.95,158.95,127.16,190.73999999999998,Low,70,3.0,2.0,1.0,Fair,78.0,78.0,,9.35,TBD,Preseason
00-0038041,Jake Ferguson,TE,DAL,8.575555555555555,0.17167875598130336,0.0984361175326225,31.0,2.0,7.457142857142857,145.78444444444443,126.77142857142857,116.62755555555555,174.94133333333332,High,25,3.0,1.0,2.0,Fair,87.0,87.0,,8.575555555555555,TBD,Preseason
00-0035250,Devin Singletary,RB,NYG,7.713617021276595,0.06545497057716086,-0.019943110906333526,32.0,2.0,6.4399999999999995,131.1314893617021,109.47999999999999,104.9051914893617,157.35778723404252,High,25,3.0,1.0,2.0,Fair,73.0,73.0,,7.713617021276595,TBD,Preseason
00-0038454,Keaton Mitchell,RB,BAL,7.590909090909093,0.05918384152079804,-0.011593363841317128,9.0,2.0,3.4000000000000004,129.04545454545456,57.800000000000004,103.23636363636365,154.85454545454547,Low,70,3.0,1.0,2.0,Fair,72.0,72.0,,7.590909090909093,TBD,Preseason
00-0030565,Geno Smith,QB,SEA,18.025714285714283,0.011773940345368928,-0.01913265306122449,32.0,2.0,18.11764705882353,306.4371428571428,308.0,245.14971428571425,367.7245714285714,High,25,2.0,2.0,0.0,Fair,80.0,80.0,,18.025714285714283,TBD,Preseason
00-0036182,Nick Westbrook-Ikhine,WR,TEN,9.138461538461538,0.14324082608697744,0.18357664906871352,26.0,2.0,10.438461538461537,155.35384615384615,177.45384615384611,124.28307692307692,186.42461538461538,Medium,45,2.0,5.0,-3.0,Fair,77.0,77.0,,9.138461538461538,TBD,Preseason
00-0036550,Rashod Bateman,WR,BAL,9.057446808510639,0.15808286378975794,0.2626596953165708,31.0,2.0,10.912500000000001,153.97659574468085,185.51250000000002,123.18127659574469,184.771914893617,High,25,2.0,7.0,-5.0,Overpriced,77.0,77.0,,9.057446808510639,TBD,Preseason
00-0032765,Michael Thomas,WR,NO,8.98,0.1838348569493431,0.21032160257048038,10.0,1.0,8.98,152.66,152.66,122.128,183.19199999999998,Low,70,2.0,1.0,1.0,Fair,77.0,77.0,,8.98,TBD,Preseason
00-0038933,Dalton Kincaid,TE,BUF,8.378571428571428,0.1930389830998647,0.16163163747052917,29.0,2.0,7.753846153846154,142.43571428571428,131.8153846153846,113.94857142857143,170.92285714285714,Medium,45,2.0,1.0,1.0,Fair,86.0,86.0,,8.378571428571428,TBD,Preseason
00-0037838,Isaiah Likely,TE,BAL,8.104651162790697,0.125607298697527,0.11657794049584036,28.0,2.0,8.246666666666666,137.77906976744185,140.19333333333333,110.22325581395349,165.3348837209302,Medium,45,2.0,2.0,0.0,Fair,85.0,85.0,,8.104651162790697,TBD,Preseason
00-0039363,Isaac Guerendo,RB,SF,7.4,0.09469134000443293,0.02434774796329085,13.0,1.0,7.4,125.80000000000001,125.80000000000001,100.64000000000001,150.96,Medium,45,2.0,2.0,0.0,Fair,72.0,72.0,,7.4,TBD,Preseason
00-0039875,Ray Davis,RB,BUF,7.25625,0.058956402361841805,0.005839569150777066,16.0,1.0,7.2562500000000005,123.35624999999999,123.35625,98.685,148.02749999999997,Medium,45,2.0,2.0,0.0,Fair,71.0,71.0,,7.25625,TBD,Preseason
00-0031376,Jerick McKinnon,RB,KC,7.196666666666666,0.07206576366059124,0.005269043147254667,12.0,1.0,7.196666666666666,122.34333333333333,122.34333333333333,97.87466666666667,146.81199999999998,Medium,45,2.0,2.0,0.0,Fair,71.0,71.0,,7.196666666666666,TBD,Preseason
00-0032436,Jeff Driskel,QB,CLE,17.94,0.0,0.0,1.0,1.0,17.94,304.98,304.98,243.98400000000004,365.976,Low,70,1.0,1.0,0.0,Fair,79.0,79.0,,17.94,TBD,Preseason
00-0023459,Aaron Rodgers,QB,NYJ,17.86171428571428,0.0,0.0,18.0,2.0,18.38705882352941,303.6491428571428,312.58,242.91931428571425,364.37897142857133,Medium,45,1.0,2.0,-1.0,Fair,78.0,78.0,,17.86171428571428,TBD,Preseason
00-0034869,Sam Darnold,QB,MIN,17.802272727272726,0.0,0.0,27.0,2.0,22.232941176470586,302.63863636363635,377.96,242.1109090909091,363.1663636363636,Medium,45,1.0,14.0,-13.0,Overpriced,77.0,77.0,,17.802272727272726,TBD,Preseason
00-0036971,Trevor Lawrence,QB,JAX,17.776111111111113,0.0,0.0,26.0,2.0,16.77,302.1938888888889,285.09,241.75511111111115,362.6326666666667,Medium,45,1.0,1.0,0.0,Fair,76.0,76.0,,17.776111111111113,TBD,Preseason
00-0031280,Derek Carr,QB,NO,17.646486486486484,0.0,0.0,27.0,2.0,18.09,299.99027027027023,307.53,239.9922162162162,359.98832432432425,Medium,45,1.0,1.0,0.0,Fair,75.0,75.0,,17.646486486486484,TBD,Preseason
00-0033949,Joshua Dobbs,QB,SF,17.549411764705884,0.0,0.0,15.0,2.0,17.419999999999998,298.34000000000003,296.14,238.67200000000003,358.00800000000004,Medium,45,1.0,1.0,0.0,Fair,74.0,74.0,,17.549411764705884,TBD,Preseason
00-0039918,Caleb Williams,QB,CHI,17.32588235294118,0.0,0.0,17.0,1.0,17.32588235294118,294.54,294.54,235.63200000000003,353.44800000000004,Medium,45,1.0,1.0,0.0,Fair,73.0,73.0,,17.32588235294118,TBD,Preseason
00-0039163,C.J. Stroud,QB,HOU,17.17918367346939,0.031045938824607672,0.014556790795857831,32.0,2.0,15.316470588235294,292.0461224489796,260.38,233.63689795918367,350.4553469387755,High,25,1.0,1.0,0.0,Fair,72.0,72.0,,17.17918367346939,TBD,Preseason
00-0026498,Matthew Stafford,QB,LA,17.026808510638297,0.0,0.0,31.0,2.0,15.91125,289.45574468085107,270.49125000000004,231.56459574468087,347.3468936170213,High,25,1.0,1.0,0.0,Fair,71.0,71.0,,17.026808510638297,TBD,Preseason
00-0029604,Kirk Cousins,QB,ATL,16.955,0.0,0.0,22.0,2.0,15.165714285714285,288.23499999999996,257.81714285714287,230.58799999999997,345.88199999999995,Medium,45,1.0,1.0,0.0,Fair,70.0,70.0,,16.955,TBD,Preseason
00-0039164,Anthony Richardson,QB,IND,16.823076923076925,0.023504273504273525,-0.021489621489621493,15.0,2.0,16.30545454545455,285.99230769230775,277.1927272727273,228.7938461538462,343.19076923076926,Medium,45,1.0,1.0,0.0,Fair,69.0,69.0,,16.823076923076925,TBD,Preseason
00-0039851,Drake Maye,QB,NE,15.933846153846153,0.0,0.0,13.0,1.0,15.933846153846153,270.8753846153846,270.8753846153846,216.70030769230766,325.0504615384615,Medium,45,1.0,1.0,0.0,Fair,68.0,68.0,,15.933846153846153,TBD,Preseason
00-0036945,Justin Fields,QB,PIT,15.771515151515155,0.0,0.0,23.0,2.0,12.914000000000001,268.11575757575764,219.538,214.49260606060614,321.73890909090915,Medium,45,1.0,1.0,0.0,Fair,67.0,67.0,,15.771515151515155,TBD,Preseason
00-0037077,Sam Howell,QB,SEA,15.676842105263159,0.031954887218045104,0.005809979494189938,18.0,2.0,-0.8400000000000001,266.5063157894737,-14.280000000000001,213.20505263157898,319.8075789473684,Medium,45,1.0,1.0,0.0,Fair,66.0,66.0,,15.676842105263159,TBD,Preseason
00-0032268,Marcus Mariota,QB,WAS,15.16,0.0,0.0,5.0,2.0,17.92,257.72,304.64000000000004,206.17600000000004,309.264,Low,70,1.0,1.0,0.0,Fair,65.0,65.0,,15.16,TBD,Preseason
00-0035282,Easton Stick,QB,LAC,14.711999999999998,0.0,0.0,5.0,1.0,14.712,250.10399999999996,250.10399999999998,200.08319999999998,300.12479999999994,Low,70,1.0,1.0,0.0,Fair,64.0,64.0,,14.711999999999998,TBD,Preseason
00-0039150,Bryce Young,QB,CAR,14.282272727272728,0.0,0.0,30.0,2.0,16.072857142857142,242.79863636363638,273.2385714285714,194.23890909090912,291.35836363636366,High,25,1.0,1.0,0.0,Fair,62.0,62.0,,14.282272727272728,TBD,Preseason
00-0035710,Daniel Jones,QB,NYG,13.983076923076924,0.0,0.0,16.0,2.0,15.13,237.71230769230772,257.21000000000004,190.16984615384618,285.2547692307692,Medium,45,1.0,1.0,0.0,Fair,61.0,61.0,,13.983076923076924,TBD,Preseason
00-0031345,Jimmy Garoppolo,QB,LA,13.98,0.0,0.0,8.0,2.0,23.86,237.66,405.62,190.12800000000001,285.192,Low,70,1.0,18.0,-17.0,Overpriced,60.0,60.0,,13.98,TBD,Preseason
00-0033537,Deshaun Watson,QB,CLE,13.711999999999998,0.0,0.0,13.0,2.0,12.388571428571428,233.10399999999996,210.60571428571427,186.48319999999998,279.72479999999996,Medium,45,1.0,1.0,0.0,Fair,59.0,59.0,,13.711999999999998,TBD,Preseason
00-0034771,Mason Rudolph,QB,TEN,13.658000000000001,0.0,0.0,12.0,2.0,14.225,232.18600000000004,241.825,185.74880000000005,278.62320000000005,Medium,45,1.0,1.0,0.0,Fair,58.0,58.0,,13.658000000000001,TBD,Preseason
00-0035100,Jake Browning,QB,CIN,12.926153846153845,0.018711018711018695,-0.033889187735341615,11.0,2.0,-0.1,219.74461538461537,-1.7000000000000002,175.79569230769232,263.6935384615384,Low,70,1.0,1.0,0.0,Fair,57.0,57.0,,12.926153846153845,TBD,Preseason
00-0038579,Aidan O'Connell,QB,LV,12.716551724137933,0.0,0.0,20.0,2.0,12.164444444444445,216.18137931034485,206.79555555555558,172.9451034482759,259.4176551724138,Medium,45,1.0,1.0,0.0,Fair,56.0,56.0,,12.716551724137933,TBD,Preseason
00-0035289,Gardner Minshew,QB,LV,12.634444444444444,0.0,0.0,26.0,2.0,11.432,214.78555555555556,194.344,171.82844444444447,257.74266666666665,Medium,45,1.0,1.0,0.0,Fair,55.0,55.0,,12.634444444444444,TBD,Preseason
00-0039152,Will Levis,QB,TEN,12.421212121212124,0.0,0.0,21.0,2.0,12.161666666666667,211.1606060606061,206.74833333333333,168.9284848484849,253.3927272727273,Medium,45,1.0,1.0,0.0,Fair,54.0,54.0,,12.421212121212124,TBD,Preseason
00-0027973,Andy Dalton,QB,CAR,12.397142857142857,0.0,0.0,8.0,2.0,12.159999999999998,210.75142857142856,206.71999999999997,168.60114285714286,252.90171428571426,Low,70,1.0,1.0,0.0,Fair,53.0,53.0,,12.397142857142857,TBD,Preseason
00-0035704,Drew Lock,QB,NYG,12.18888888888889,0.0,0.0,11.0,2.0,13.162857142857144,207.21111111111114,223.76857142857145,165.7688888888889,248.65333333333336,Low,70,1.0,1.0,0.0,Fair,52.0,52.0,,12.18888888888889,TBD,Preseason
00-0031503,Jameis Winston,QB,CLE,11.794285714285714,0.0,0.0,17.0,2.0,14.285454545454543,200.50285714285712,242.85272727272724,160.4022857142857,240.60342857142854,Medium,45,1.0,1.0,0.0,Fair,51.0,51.0,,11.794285714285714,TBD,Preseason
00-0037013,Zach Wilson,QB,NYJ,11.328333333333333,0.0,0.0,12.0,1.0,11.328333333333333,192.58166666666665,192.58166666666665,154.06533333333334,231.09799999999996,Medium,45,1.0,1.0,0.0,Fair,50.0,50.0,,11.328333333333333,TBD,Preseason
00-0036972,Mac Jones,QB,JAX,11.308387096774194,0.0,0.0,21.0,2.0,11.208,192.2425806451613,190.536,153.79406451612905,230.69109677419354,Medium,45,1.0,1.0,0.0,Fair,49.0,49.0,,11.308387096774194,TBD,Preseason
00-0035993,Tyler Huntley,QB,MIA,10.996,0.0,0.0,10.0,2.0,13.331999999999999,186.93200000000002,226.64399999999998,149.5456,224.31840000000003,Low,70,1.0,1.0,0.0,Fair,48.0,48.0,,10.996,TBD,Preseason
00-0039376,Spencer Rattler,QB,NO,10.754285714285714,0.0,0.0,7.0,1.0,10.754285714285714,182.82285714285715,182.82285714285715,146.25828571428573,219.38742857142856,Low,70,1.0,1.0,0.0,Fair,47.0,47.0,,10.754285714285714,TBD,Preseason
00-0028118,Tyrod Taylor,QB,NYJ,10.675714285714285,0.0,0.0,12.0,2.0,13.030000000000001,181.48714285714286,221.51000000000002,145.1897142857143,217.7845714285714,Medium,45,1.0,1.0,0.0,Fair,46.0,46.0,,10.675714285714285,TBD,Preseason
00-0038476,Tommy DeVito,QB,NYG,10.5,0.0,0.0,11.0,2.0,6.740000000000001,178.5,114.58000000000001,142.8,214.2,Low,70,1.0,1.0,0.0,Fair,45.0,45.0,,10.5,TBD,Preseason
00-0038122,Desmond Ridder,QB,LV,10.2792,0.03333333333333336,-0.05714285714285713,20.0,2.0,5.184,174.7464,88.128,139.79712,209.69567999999998,Medium,45,1.0,1.0,0.0,Fair,44.0,44.0,,10.2792,TBD,Preseason
00-0039917,Michael Penix,QB,ATL,10.02,0.0,0.0,5.0,1.0,10.02,170.34,170.34,136.27200000000002,204.408,Low,70,1.0,1.0,0.0,Fair,43.0,43.0,,10.02,TBD,Preseason
00-0029701,Ryan Tannehill,QB,TEN,9.782222222222222,0.0384615384615385,-0.006578947368421,9.0,1.0,9.782222222222222,166.29777777777778,166.29777777777778,133.03822222222223,199.55733333333333,Low,70,1.0,1.0,0.0,Fair,42.0,42.0,,9.782222222222222,TBD,Preseason
00-0038621,Demario Douglas,WR,NE,8.752173913043478,0.1832437349409349,0.17533563937931496,30.0,2.0,9.231250000000001,148.7869565217391,156.93125,119.0295652173913,178.54434782608692,High,25,1.0,2.0,-1.0,Fair,76.0,76.0,,8.752173913043478,TBD,Preseason
00-0039751,Jordan Whittington,WR,LA,8.75,0.1397179055974658,0.0938051665425621,6.0,1.0,8.75,148.75,148.75,119.0,178.5,Low,70,1.0,1.0,0.0,Fair,76.0,76.0,,8.75,TBD,Preseason
00-0033662,Cooper Rush,QB,DAL,8.721935483870968,0.0,0.0,19.0,2.0,11.13,148.27290322580646,189.21,118.61832258064517,177.92748387096773,Medium,45,1.0,1.0,0.0,Fair,41.0,41.0,,8.721935483870968,TBD,Preseason
00-0032211,Tyler Lockett,WR,SEA,8.71372549019608,0.16223488385969176,0.2458469128839489,34.0,2.0,7.117647058823529,148.13333333333335,121.0,118.50666666666669,177.76000000000002,High,25,1.0,1.0,0.0,Fair,76.0,76.0,,8.71372549019608,TBD,Preseason
00-0031236,Brandin Cooks,WR,DAL,8.677777777777775,0.1556657957864468,0.24068047579184676,26.0,2.0,6.959999999999999,147.52222222222218,118.31999999999998,118.01777777777775,177.0266666666666,Medium,45,1.0,1.0,0.0,Fair,75.0,75.0,,8.677777777777775,TBD,Preseason
00-0039901,Keon Coleman,WR,BUF,8.576923076923077,0.15478651630898083,0.28085296181429276,13.0,1.0,8.576923076923077,145.8076923076923,145.8076923076923,116.64615384615384,174.96923076923073,Medium,45,1.0,1.0,0.0,Fair,75.0,75.0,,8.576923076923077,TBD,Preseason
00-0033591,Noah Brown,WR,WAS,8.568750000000001,0.1716266984662653,0.26068337451596446,21.0,2.0,7.845454545454547,145.66875000000002,133.3727272727273,116.53500000000003,174.8025,Medium,45,1.0,1.0,0.0,Fair,74.0,74.0,,8.568750000000001,TBD,Preseason
00-0037664,Alec Pierce,WR,IND,8.534693877551021,0.136819148125063,0.26943429607177627,33.0,2.0,10.0875,145.08979591836737,171.4875,116.0718367346939,174.10775510204084,High,25,1.0,4.0,-3.0,Fair,74.0,74.0,,8.534693877551021,TBD,Preseason
00-0039919,Rome Odunze,WR,CHI,8.523529411764706,0.1891281555158179,0.3260296007840569,17.0,1.0,8.523529411764706,144.9,144.9,115.92000000000002,173.88,Medium,45,1.0,1.0,0.0,Fair,74.0,74.0,,8.523529411764706,TBD,Preseason
00-0038128,Malik Willis,QB,GB,8.475714285714288,0.0,0.0,8.0,2.0,9.633333333333335,144.08714285714288,163.76666666666668,115.26971428571431,172.90457142857144,Low,70,1.0,1.0,0.0,Fair,40.0,40.0,,8.475714285714288,TBD,Preseason
00-0034521,Allen Lazard,WR,NYJ,8.435135135135136,0.1351079644745864,0.23404600397192019,25.0,2.0,10.5,143.3972972972973,178.5,114.71783783783786,172.07675675675677,Medium,45,1.0,6.0,-5.0,Overpriced,73.0,73.0,,8.435135135135136,TBD,Preseason
00-0038124,Christian Watson,WR,GB,8.42972972972973,0.15469870687379267,0.32036761797007746,23.0,2.0,7.521428571428571,143.3054054054054,127.86428571428571,114.64432432432432,171.96648648648647,Medium,45,1.0,1.0,0.0,Fair,73.0,73.0,,8.42972972972973,TBD,Preseason
00-0039491,Jalen Coker,WR,CAR,8.414545454545454,0.14763726814528944,0.21205170333508258,11.0,1.0,8.414545454545454,143.0472727272727,143.0472727272727,114.43781818181817,171.65672727272724,Low,70,1.0,1.0,0.0,Fair,73.0,73.0,,8.414545454545454,TBD,Preseason
00-0039342,Xavier Legette,WR,CAR,8.34,0.1853177104395627,0.23798427460968494,15.0,1.0,8.34,141.78,141.78,113.424,170.136,Medium,45,1.0,1.0,0.0,Fair,72.0,72.0,,8.34,TBD,Preseason
00-0038108,Bailey Zappe,QB,CLE,8.264999999999999,0.0,0.0,11.0,2.0,9.0,140.50499999999997,153.0,112.40399999999998,168.60599999999997,Low,70,1.0,1.0,0.0,Fair,39.0,39.0,,8.264999999999999,TBD,Preseason
00-0038102,Kenny Pickett,QB,PHI,8.203636363636363,0.0,0.0,17.0,2.0,5.828,139.46181818181816,99.07600000000001,111.56945454545453,167.3541818181818,Medium,45,1.0,1.0,0.0,Fair,38.0,38.0,,8.203636363636363,TBD,Preseason
00-0039424,Devaughn Vele,WR,DEN,8.192307692307692,0.12595088630271672,0.15939581396887315,13.0,1.0,8.192307692307692,139.26923076923075,139.26923076923075,111.4153846153846,167.1230769230769,Medium,45,1.0,1.0,0.0,Fair,72.0,72.0,,8.192307692307692,TBD,Preseason
00-0038559,Michael Wilson,WR,ARI,8.07777777777778,0.14246056271536395,0.24866157268311978,29.0,2.0,7.78125,137.32222222222225,132.28125,109.85777777777781,164.7866666666667,Medium,45,1.0,1.0,0.0,Fair,72.0,72.0,,8.07777777777778,TBD,Preseason
00-0036988,Josh Palmer,WR,LAC,8.0375,0.15335710403750907,0.25908250065170685,25.0,2.0,7.16,136.6375,121.72,109.31,163.96499999999997,Medium,45,1.0,1.0,0.0,Fair,71.0,71.0,,8.0375,TBD,Preseason
00-0036040,Juwan Johnson,TE,NO,7.986046511627907,0.136870459059916,0.14221509823298084,28.0,2.0,8.186666666666667,135.76279069767443,139.17333333333335,108.61023255813956,162.9153488372093,Medium,45,1.0,2.0,-1.0,Fair,85.0,85.0,,7.986046511627907,TBD,Preseason
00-0032775,Demarcus Robinson,WR,LA,7.961904761904761,0.12011075583505565,0.24919404285671318,25.0,2.0,7.264705882352941,135.35238095238094,123.5,108.28190476190476,162.4228571428571,Medium,45,1.0,1.0,0.0,Fair,71.0,71.0,,7.961904761904761,TBD,Preseason
00-0033119,Jacoby Brissett,QB,NE,7.958750000000001,0.0,0.0,9.0,2.0,7.034285714285715,135.29875,119.58285714285715,108.23900000000002,162.35850000000002,Low,70,1.0,1.0,0.0,Fair,36.0,36.0,,7.958750000000001,TBD,Preseason
00-0031260,Logan Thomas,TE,WAS,7.925,0.13136683718580272,0.11858657020129683,16.0,1.0,7.925,134.725,134.725,107.78,161.67,Medium,45,1.0,1.0,0.0,Fair,84.0,84.0,,7.925,TBD,Preseason
00-0036196,Gabe Davis,WR,JAX,7.917647058823529,0.15800168715124932,0.26391539251584006,25.0,2.0,5.988888888888889,134.6,101.81111111111112,107.68,161.51999999999998,Medium,45,1.0,1.0,0.0,Fair,70.0,70.0,,7.917647058823529,TBD,Preseason
00-0032950,Carson Wentz,QB,KC,7.911999999999999,0.0,0.0,3.0,2.0,2.36,134.504,40.12,107.6032,161.4048,Low,70,1.0,1.0,0.0,Fair,35.0,35.0,,7.911999999999999,TBD,Preseason
00-0034383,Dalton Schultz,TE,HOU,7.895918367346939,0.1610641417634849,0.1536156647707822,32.0,2.0,6.952941176470588,134.23061224489797,118.2,107.38448979591838,161.07673469387757,High,25,1.0,1.0,0.0,Fair,83.0,83.0,,7.895918367346939,TBD,Preseason
00-0036970,Kyle Pitts,TE,ATL,7.837254901960785,0.15274569914008973,0.19002760371913274,34.0,2.0,7.717647058823529,133.23333333333335,131.2,106.58666666666669,159.88000000000002,High,25,1.0,1.0,0.0,Fair,83.0,83.0,,7.837254901960785,TBD,Preseason
00-0037666,Jalen Tolbert,WR,DAL,7.761702127659574,0.1115134034186732,0.1780052557441363,30.0,2.0,8.941176470588236,131.94893617021276,152.0,105.55914893617022,158.33872340425532,High,25,1.0,1.0,0.0,Fair,70.0,70.0,,7.761702127659574,TBD,Preseason
00-0033110,Tyler Higbee,TE,LA,7.7,0.13643182729301395,0.09781807966691475,18.0,2.0,8.866666666666667,130.9,150.73333333333335,104.72000000000001,157.08,Medium,45,1.0,4.0,-3.0,Fair,82.0,82.0,,7.7,TBD,Preseason
00-0034407,Ray-Ray McCloud,WR,ATL,7.646341463414634,0.14936195465567095,0.1268171317415785,24.0,2.0,8.382352941176471,129.9878048780488,142.5,103.99024390243903,155.98536585365855,Medium,45,1.0,1.0,0.0,Fair,70.0,70.0,,7.646341463414634,TBD,Preseason
00-0038612,A.T. Perry,WR,NO,7.575,0.0722761220263756,0.16202492991351664,8.0,1.0,7.575,128.775,128.775,103.02000000000001,154.53,Low,70,1.0,1.0,0.0,Fair,69.0,69.0,,7.575,TBD,Preseason
00-0035535,Darius Slayton,WR,NYG,7.571428571428571,0.1438345047939351,0.27431178278337176,33.0,2.0,6.875,128.71428571428572,116.875,102.97142857142859,154.45714285714286,High,25,1.0,1.0,0.0,Fair,69.0,69.0,,7.571428571428571,TBD,Preseason
00-0038608,Kayshon Boutte,WR,NE,7.506060606060606,0.14672064153392037,0.28138410631035465,18.0,2.0,8.126666666666667,127.6030303030303,138.15333333333334,102.08242424242424,153.12363636363634,Medium,45,1.0,1.0,0.0,Fair,69.0,69.0,,7.506060606060606,TBD,Preseason
00-0034270,Tyler Conklin,TE,NYJ,7.487755102040817,0.13526806422663645,0.11260541148196397,33.0,2.0,7.61875,127.29183673469389,129.51875,101.83346938775512,152.75020408163266,High,25,1.0,1.0,0.0,Fair,81.0,81.0,,7.487755102040817,TBD,Preseason
00-0036980,Elijah Moore,WR,CLE,7.478,0.16417725814174783,0.19076382338347198,33.0,2.0,7.111764705882353,127.12599999999999,120.9,101.7008,152.5512,High,25,1.0,1.0,0.0,Fair,68.0,68.0,,7.478,TBD,Preseason
00-0034829,Mike Gesicki,TE,CIN,7.412765957446808,0.12033830485939599,0.1336983136624027,31.0,2.0,8.84375,126.01702127659574,150.34375,100.8136170212766,151.22042553191488,High,25,1.0,4.0,-3.0,Fair,81.0,81.0,,7.412765957446808,TBD,Preseason
00-0038606,Parker Washington,WR,JAX,7.373333333333333,0.11946087494564542,0.14949435901899144,18.0,2.0,7.583333333333333,125.34666666666666,128.91666666666666,100.27733333333333,150.416,Medium,45,1.0,1.0,0.0,Fair,68.0,68.0,,7.373333333333333,TBD,Preseason
00-0035045,D.J. Montgomery,WR,IND,7.3,0.131216931216931,0.171287579714546,2.0,1.0,7.300000000000001,124.1,124.10000000000001,99.28,148.92,Low,70,1.0,1.0,0.0,Fair,68.0,68.0,,7.3,TBD,Preseason
00-0033307,Kendrick Bourne,WR,NE,7.1937500000000005,0.126295839886877,0.15169453689982446,20.0,2.0,5.425,122.29375,92.225,97.83500000000001,146.7525,Medium,45,1.0,1.0,0.0,Fair,67.0,67.0,,7.1937500000000005,TBD,Preseason
00-0038976,Marvin Mims,WR,DEN,7.100000000000001,0.09362155820518804,0.10378593626348025,31.0,2.0,8.09375,120.70000000000002,137.59375,96.56000000000002,144.84,High,25,1.0,1.0,0.0,Fair,67.0,67.0,,7.100000000000001,TBD,Preseason
00-0038979,Cedric Tillman,WR,CLE,7.068965517241379,0.13397760883542936,0.16192090238921997,20.0,2.0,8.933333333333334,120.17241379310344,151.86666666666667,96.13793103448276,144.20689655172413,Medium,45,1.0,1.0,0.0,Fair,66.0,66.0,,7.068965517241379,TBD,Preseason
00-0036849,Tutu Atwell,WR,LA,7.050000000000001,0.14066556614056147,0.21112631548996766,29.0,2.0,6.593333333333334,119.85000000000001,112.08666666666667,95.88000000000001,143.82,Medium,45,1.0,1.0,0.0,Fair,66.0,66.0,,7.050000000000001,TBD,Preseason
00-0036271,Quez Watkins,WR,PHI,7.040000000000002,0.12336134453781504,0.1589581807554088,5.0,1.0,7.040000000000001,119.68000000000004,119.68000000000002,95.74400000000003,143.61600000000004,Low,70,1.0,1.0,0.0,Fair,66.0,66.0,,7.040000000000002,TBD,Preseason
00-0038563,Tre Tucker,WR,LV,7.029787234042554,0.12380035916765325,0.22870845317870162,30.0,2.0,7.605882352941177,119.50638297872342,129.3,95.60510638297875,143.4076595744681,High,25,1.0,1.0,0.0,Fair,65.0,65.0,,7.029787234042554,TBD,Preseason
00-0036269,La'Mical Perine,RB,KC,7.000000000000001,0.08682266009852235,0.0058479532163742,2.0,1.0,7.000000000000001,119.00000000000001,119.00000000000001,95.20000000000002,142.8,Low,70,1.0,1.0,0.0,Fair,70.0,70.0,,7.000000000000001,TBD,Preseason
00-0038393,Dontayvion Wicks,WR,GB,6.954285714285715,0.1496580026249446,0.19434516721048067,32.0,2.0,6.5,118.22285714285715,110.5,94.57828571428573,141.86742857142858,High,25,1.0,1.0,0.0,Fair,65.0,65.0,,6.954285714285715,TBD,Preseason
00-0037809,Chigoziem Okonkwo,TE,TEN,6.951020408163265,0.1482440297690943,0.11761669011393862,33.0,2.0,7.1000000000000005,118.1673469387755,120.7,94.5338775510204,141.8008163265306,High,25,1.0,1.0,0.0,Fair,80.0,80.0,,6.951020408163265,TBD,Preseason
00-0032104,Ameer Abdullah,RB,LV,6.938095238095237,0.08146987510823402,0.00918262211541602,29.0,2.0,9.63076923076923,117.94761904761904,163.72307692307692,94.35809523809525,141.53714285714284,Medium,45,1.0,9.0,-8.0,Overpriced,69.0,69.0,,6.938095238095237,TBD,Preseason
00-0035860,Tony Jones,RB,ARI,6.8999999999999995,0.06767875253549688,-0.05317396888825468,7.0,2.0,11.5,117.3,195.5,93.84,140.76,Low,70,1.0,14.0,-13.0,Overpriced,69.0,69.0,,6.8999999999999995,TBD,Preseason
00-0039754,Devin Culp,TE,TB,6.8999999999999995,0.09475806451612906,0.1419701795688503,2.0,1.0,6.8999999999999995,117.3,117.3,93.84,140.76,Low,70,1.0,1.0,0.0,Fair,79.0,79.0,,6.8999999999999995,TBD,Preseason
00-0037263,Tyler Allgeier,RB,ATL,6.862745098039216,0.050217305952349654,-0.0033939841863553626,34.0,2.0,6.247058823529412,116.66666666666667,106.2,93.33333333333334,140.0,High,25,1.0,1.0,0.0,Fair,68.0,68.0,,6.862745098039216,TBD,Preseason
00-0039847,Theo Johnson,TE,NYG,6.81,0.13497390330688294,0.13612909121011638,10.0,1.0,6.81,115.77,115.77,92.616,138.92399999999998,Low,70,1.0,1.0,0.0,Fair,78.0,78.0,,6.81,TBD,Preseason
00-0037509,Sincere McCormick,RB,LV,6.800000000000001,0.06778711484593837,0.0013952704204893997,4.0,1.0,6.800000000000001,115.60000000000001,115.60000000000001,92.48000000000002,138.72,Low,70,1.0,1.0,0.0,Fair,68.0,68.0,,6.800000000000001,TBD,Preseason
00-0038519,Nikko Remigio,WR,KC,6.800000000000001,0.352941176470588,0.533333333333333,1.0,1.0,6.800000000000001,115.60000000000001,115.60000000000001,92.48000000000002,138.72,Low,70,1.0,1.0,0.0,Fair,65.0,65.0,,6.800000000000001,TBD,Preseason
00-0027696,Jimmy Graham,TE,NO,6.7799999999999985,0.05324643713284688,0.04702216417379052,5.0,1.0,6.779999999999999,115.25999999999998,115.25999999999999,92.20799999999998,138.31199999999995,Low,70,1.0,1.0,0.0,Fair,78.0,78.0,,6.7799999999999985,TBD,Preseason
00-0038619,Andrei Iosivas,WR,CIN,6.753488372093025,0.09563874106893124,0.1592154122374591,26.0,2.0,7.052941176470589,114.80930232558143,119.9,91.84744186046515,137.7711627906977,Medium,45,1.0,1.0,0.0,Fair,64.0,64.0,,6.753488372093025,TBD,Preseason
00-0037291,Jalen Nailor,WR,MIN,6.746875,0.095026501215506,0.1335294207081103,17.0,2.0,7.0,114.696875,119.0,91.75750000000001,137.63625,Medium,45,1.0,1.0,0.0,Fair,64.0,64.0,,6.746875,TBD,Preseason
00-0035644,Noah Fant,TE,SEA,6.699999999999999,0.1276893829602635,0.09657276175466978,28.0,2.0,7.428571428571429,113.89999999999999,126.28571428571429,91.12,136.67999999999998,Medium,45,1.0,1.0,0.0,Fair,77.0,77.0,,6.699999999999999,TBD,Preseason
00-0039386,Bub Means,WR,NO,6.699999999999999,0.10167847503373822,0.15112819411874812,4.0,1.0,6.7,113.89999999999999,113.9,91.12,136.67999999999998,Low,70,1.0,1.0,0.0,Fair,64.0,64.0,,6.699999999999999,TBD,Preseason
00-0036328,Antonio Gibson,RB,NE,6.683999999999999,0.08674946444149031,0.008266477414025936,33.0,2.0,6.082352941176471,113.62799999999999,103.4,90.9024,136.35359999999997,High,25,1.0,1.0,0.0,Fair,67.0,67.0,,6.683999999999999,TBD,Preseason
00-0039021,Roschon Johnson,RB,CHI,6.587179487179487,0.1014916792569021,-0.014796078765680386,27.0,2.0,6.45,111.98205128205127,109.65,89.58564102564102,134.37846153846152,Medium,45,1.0,1.0,0.0,Fair,66.0,66.0,,6.587179487179487,TBD,Preseason
00-0038555,Tank Bigsby,RB,JAX,6.57674418604651,0.040520085373396963,0.001461601209948321,28.0,2.0,8.6,111.80465116279068,146.2,89.44372093023254,134.1655813953488,Medium,45,1.0,6.0,-5.0,Overpriced,66.0,66.0,,6.57674418604651,TBD,Preseason
00-0035208,Olamide Zaccheaus,WR,WAS,6.517073170731707,0.11950083506734918,0.10620416906688289,26.0,2.0,7.626666666666667,110.79024390243902,129.65333333333334,88.63219512195121,132.94829268292682,Medium,45,1.0,1.0,0.0,Fair,63.0,63.0,,6.517073170731707,TBD,Preseason
00-0033282,Curtis Samuel,WR,BUF,6.468181818181818,0.1358605729061496,0.10661962438731666,30.0,2.0,4.55,109.9590909090909,77.35,87.96727272727273,131.95090909090908,High,25,1.0,1.0,0.0,Fair,63.0,63.0,,6.468181818181818,TBD,Preseason
00-0033375,Tim Patrick,WR,DET,6.457142857142857,0.09548377065016633,0.16114069120426117,14.0,1.0,6.457142857142857,109.77142857142857,109.77142857142857,87.81714285714287,131.72571428571428,Medium,45,1.0,1.0,0.0,Fair,62.0,62.0,,6.457142857142857,TBD,Preseason
00-0034777,D.J. Chark,WR,LAC,6.440909090909091,0.11993723802038658,0.22941392485877993,18.0,2.0,3.275,109.49545454545455,55.675,87.59636363636365,131.39454545454547,Medium,45,1.0,1.0,0.0,Fair,62.0,62.0,,6.440909090909091,TBD,Preseason
00-0037382,Brandon Johnson,WR,PIT,6.4333333333333345,0.08849019421936088,0.12436742090613691,11.0,2.0,1.9,109.36666666666669,32.3,87.49333333333335,131.24,Low,70,1.0,1.0,0.0,Fair,62.0,62.0,,6.4333333333333345,TBD,Preseason
00-0033943,Josh Reynolds,WR,JAX,6.425,0.10575373309029452,0.1592761771420266,24.0,2.0,0.7000000000000001,109.225,11.9,87.38,131.07,Medium,45,1.0,1.0,0.0,Fair,61.0,61.0,,6.425,TBD,Preseason
00-0033319,Nick Mullens,QB,MIN,6.413846153846156,0.0,0.0,9.0,2.0,0.33,109.03538461538464,5.61,87.22830769230772,130.84246153846158,Low,70,1.0,1.0,0.0,Fair,34.0,34.0,,6.413846153846156,TBD,Preseason
00-0033009,Tyler Boyd,WR,TEN,6.412765957446807,0.1449680304858226,0.1477168200571966,32.0,2.0,5.22,109.01702127659573,88.74,87.21361702127659,130.82042553191488,High,25,1.0,1.0,0.0,Fair,61.0,61.0,,6.412765957446807,TBD,Preseason
00-0035891,Cody White,WR,SEA,6.4,0.0882352941176471,0.114613180515759,1.0,1.0,6.4,108.80000000000001,108.80000000000001,87.04000000000002,130.56,Low,70,1.0,1.0,0.0,Fair,61.0,61.0,,6.4,TBD,Preseason
00-0037801,Kavontae Turpin,WR,DAL,6.383333333333334,0.07937605048631102,0.08542861700573495,27.0,2.0,6.946666666666667,108.51666666666668,118.09333333333335,86.81333333333335,130.22,Medium,45,1.0,1.0,0.0,Fair,60.0,60.0,,6.383333333333334,TBD,Preseason
00-0035243,Miles Sanders,RB,CAR,6.373684210526316,0.09521645751502553,-0.006446838158662626,27.0,2.0,7.027272727272728,108.35263157894738,119.46363636363638,86.68210526315791,130.02315789473684,Medium,45,1.0,1.0,0.0,Fair,65.0,65.0,,6.373684210526316,TBD,Preseason
00-0031800,Taylor Heinicke,QB,LAC,6.326153846153845,0.0,0.0,9.0,2.0,0.78,107.54461538461537,13.26,86.0356923076923,129.05353846153844,Low,70,1.0,1.0,0.0,Fair,33.0,33.0,,6.326153846153845,TBD,Preseason
00-0036414,Cam Akers,RB,MIN,6.300000000000001,0.054782920406618536,-0.009648291331116058,22.0,2.0,6.290000000000001,107.10000000000001,106.93000000000002,85.68,128.52,Medium,45,1.0,1.0,0.0,Fair,65.0,65.0,,6.300000000000001,TBD,Preseason
00-0031941,Jamison Crowder,WR,WAS,6.286666666666666,0.08256641936670396,0.07650072702246387,11.0,2.0,7.05,106.87333333333332,119.85,85.49866666666667,128.248,Low,70,1.0,1.0,0.0,Fair,60.0,60.0,,6.286666666666666,TBD,Preseason
00-0036906,Khalil Herbert,RB,CIN,6.267857142857144,0.09307376653374669,-0.01662535959127207,20.0,2.0,4.3,106.55357142857144,73.1,85.24285714285716,127.86428571428573,Medium,45,1.0,1.0,0.0,Fair,64.0,64.0,,6.267857142857144,TBD,Preseason
00-0036924,Michael Carter,RB,ARI,6.2095238095238106,0.07963427942868705,0.0016014091017954378,18.0,2.0,11.933333333333332,105.56190476190478,202.86666666666665,84.44952380952384,126.67428571428573,Medium,45,1.0,15.0,-14.0,Overpriced,64.0,64.0,,6.2095238095238106,TBD,Preseason
00-0034159,Will Dissly,TE,LAC,6.2,0.12382514288393755,0.0674123979641779,27.0,2.0,7.34,105.4,124.78,84.32000000000001,126.48,Medium,45,1.0,1.0,0.0,Fair,76.0,76.0,,6.2,TBD,Preseason
00-0032156,Trevor Siemian,QB,NYJ,6.192,0.0,0.0,5.0,1.0,6.192,105.26400000000001,105.26400000000001,84.21120000000002,126.3168,Low,70,1.0,1.0,0.0,Fair,32.0,32.0,,6.192,TBD,Preseason
00-0036637,Noah Gray,TE,KC,6.191666666666666,0.0866661562800497,0.0803578369108295,32.0,2.0,7.08125,105.25833333333333,120.38125,84.20666666666666,126.30999999999999,High,25,1.0,1.0,0.0,Fair,76.0,76.0,,6.191666666666666,TBD,Preseason
00-0036936,Rondale Moore,WR,ARI,6.176470588235294,0.11962119382403129,0.07876630844085149,17.0,1.0,6.176470588235294,105.0,105.0,84.0,126.0,Medium,45,1.0,1.0,0.0,Fair,59.0,59.0,,6.176470588235294,TBD,Preseason
00-0034981,Foster Moreau,TE,NO,6.168292682926829,0.08819103407578395,0.09375495215444092,26.0,2.0,6.886666666666667,104.8609756097561,117.07333333333334,83.88878048780488,125.83317073170731,Medium,45,1.0,1.0,0.0,Fair,75.0,75.0,,6.168292682926829,TBD,Preseason
00-0033045,Ezekiel Elliott,RB,DAL,6.159574468085106,0.07847692414134319,-0.010391673854962341,32.0,2.0,3.8333333333333335,104.7127659574468,65.16666666666667,83.77021276595745,125.65531914893616,High,25,1.0,1.0,0.0,Fair,63.0,63.0,,6.159574468085106,TBD,Preseason
00-0037837,Calvin Austin,WR,PIT,6.13125,0.11907780160381132,0.19081694014654943,31.0,2.0,7.105882352941176,104.23124999999999,120.8,83.38499999999999,125.07749999999999,High,25,1.0,1.0,0.0,Fair,59.0,59.0,,6.13125,TBD,Preseason
00-0038794,Jaleel McLaughlin,RB,DEN,6.13061224489796,0.08016196006116087,-0.05130148034660773,33.0,2.0,6.075,104.22040816326532,103.275,83.37632653061226,125.06448979591838,High,25,1.0,1.0,0.0,Fair,62.0,62.0,,6.13061224489796,TBD,Preseason
00-0036020,Salvon Ahmed,RB,MIA,6.128571428571428,0.09513546798029561,0.008754582285844087,7.0,1.0,6.128571428571428,104.18571428571428,104.18571428571428,83.34857142857143,125.02285714285713,Low,70,1.0,1.0,0.0,Fair,62.0,62.0,,6.128571428571428,TBD,Preseason
00-0035329,Donald Parham,TE,LAC,6.115384615384615,0.08656690591983342,0.08267575013473613,13.0,1.0,6.115384615384615,103.96153846153845,103.96153846153845,83.16923076923077,124.75384615384614,Medium,45,1.0,1.0,0.0,Fair,74.0,74.0,,6.115384615384615,TBD,Preseason
00-0035602,Alex Bachman,WR,LV,6.1,0.0810810810810811,0.114754098360656,1.0,1.0,6.1,103.69999999999999,103.69999999999999,82.96,124.43999999999998,Low,70,1.0,1.0,0.0,Fair,59.0,59.0,,6.1,TBD,Preseason
00-0038935,Brenton Strange,TE,JAX,5.960606060606061,0.10619927276600957,0.08288120273426475,19.0,2.0,6.507142857142857,101.33030303030304,110.62142857142857,81.06424242424244,121.59636363636365,Medium,45,1.0,1.0,0.0,Fair,74.0,74.0,,5.960606060606061,TBD,Preseason
00-0039747,Ainias Smith,WR,PHI,5.8999999999999995,0.09660657476139974,0.04676268016785243,3.0,1.0,5.8999999999999995,100.3,100.3,80.24000000000001,120.35999999999999,Low,70,1.0,1.0,0.0,Fair,58.0,58.0,,5.8999999999999995,TBD,Preseason
00-0033555,Mack Hollins,WR,BUF,5.8707317073170735,0.106141517710089,0.15900834095488472,25.0,2.0,6.175,99.80243902439025,104.975,79.84195121951221,119.7629268292683,Medium,45,1.0,1.0,0.0,Fair,58.0,58.0,,5.8707317073170735,TBD,Preseason
00-0028986,Case Keenum,QB,HOU,5.87,0.0,0.0,2.0,1.0,5.87,99.79,99.79,79.83200000000001,119.748,Low,70,1.0,1.0,0.0,Fair,31.0,31.0,,5.87,TBD,Preseason
00-0036345,K.J. Osborn,WR,NE,5.82962962962963,0.12578006225764818,0.12954622989339934,21.0,2.0,3.1166666666666667,99.10370370370372,52.983333333333334,79.28296296296298,118.92444444444445,Medium,45,1.0,1.0,0.0,Fair,58.0,58.0,,5.82962962962963,TBD,Preseason
00-0034418,Cedrick Wilson,WR,NO,5.72516129032258,0.08877553252718992,0.1044644894117329,21.0,2.0,5.394,97.32774193548386,91.69800000000001,77.8621935483871,116.79329032258062,Medium,45,1.0,1.0,0.0,Fair,57.0,57.0,,5.72516129032258,TBD,Preseason
00-0038951,Sean Tucker,RB,TB,5.704,0.04479698205588023,0.000625074784415099,14.0,2.0,6.245454545454546,96.96799999999999,106.17272727272729,77.5744,116.36159999999998,Medium,45,1.0,1.0,0.0,Fair,61.0,61.0,,5.704,TBD,Preseason
00-0035500,Greg Dortch,WR,ARI,5.699999999999999,0.10603403611681973,0.07649390716034771,26.0,2.0,5.311764705882353,96.89999999999999,90.3,77.52,116.27999999999999,Medium,45,1.0,1.0,0.0,Fair,57.0,57.0,,5.699999999999999,TBD,Preseason
00-0036427,Tyler Johnson,WR,LA,5.695652173913044,0.11617373532761745,0.09628619334118683,12.0,2.0,5.554545454545455,96.82608695652175,94.42727272727274,77.46086956521741,116.19130434782609,Medium,45,1.0,1.0,0.0,Fair,57.0,57.0,,5.695652173913044,TBD,Preseason
00-0032464,Kalif Raymond,WR,DET,5.686486486486487,0.08509461212811456,0.09007164462198713,27.0,2.0,5.65,96.67027027027028,96.05000000000001,77.33621621621623,116.00432432432433,Medium,45,1.0,1.0,0.0,Fair,56.0,56.0,,5.686486486486487,TBD,Preseason
00-0032543,Alex Erickson,WR,LAC,5.65,0.09422518136744135,0.14163811647645033,8.0,1.0,5.65,96.05000000000001,96.05000000000001,76.84000000000002,115.26,Low,70,1.0,1.0,0.0,Fair,56.0,56.0,,5.65,TBD,Preseason
00-0033536,Mike Williams,WR,PIT,5.648275862068966,0.09603803087654597,0.18300516444121506,16.0,2.0,4.7,96.02068965517243,79.9,76.81655172413795,115.22482758620691,Medium,45,1.0,1.0,0.0,Fair,55.0,55.0,,5.648275862068966,TBD,Preseason
00-0039793,A.J. Barner,TE,SEA,5.607142857142857,0.0854075796289955,0.05346018014624297,14.0,1.0,5.607142857142857,95.32142857142857,95.32142857142857,76.25714285714285,114.38571428571429,Medium,45,1.0,1.0,0.0,Fair,73.0,73.0,,5.607142857142857,TBD,Preseason
00-0033589,David Moore,WR,CAR,5.605882352941178,0.11478133779437001,0.1494209062145076,20.0,2.0,6.078571428571429,95.30000000000003,103.33571428571429,76.24000000000002,114.36000000000003,Medium,45,1.0,1.0,0.0,Fair,55.0,55.0,,5.605882352941178,TBD,Preseason
00-0033526,Samaje Perine,RB,KC,5.570588235294117,0.08174704045950489,0.00233075148222248,34.0,2.0,4.788235294117648,94.69999999999999,81.4,75.75999999999999,113.63999999999999,High,25,1.0,1.0,0.0,Fair,61.0,61.0,,5.570588235294117,TBD,Preseason
00-0031547,DeVante Parker,WR,NE,5.56923076923077,0.14090683448303024,0.21055969520796444,13.0,1.0,5.56923076923077,94.67692307692309,94.67692307692309,75.74153846153847,113.61230769230771,Medium,45,1.0,1.0,0.0,Fair,55.0,55.0,,5.56923076923077,TBD,Preseason
00-0030513,Latavius Murray,RB,BUF,5.526666666666667,0.05329761177975467,0.008199417951140209,15.0,1.0,5.526666666666667,93.95333333333335,93.95333333333335,75.16266666666668,112.74400000000001,Medium,45,1.0,1.0,0.0,Fair,60.0,60.0,,5.526666666666667,TBD,Preseason
00-0034764,Michael Gallup,WR,DAL,5.4875,0.10441423259437962,0.15084336465291515,16.0,1.0,5.4875,93.2875,93.2875,74.63,111.945,Medium,45,1.0,1.0,0.0,Fair,54.0,54.0,,5.4875,TBD,Preseason
00-0037258,Dameon Pierce,RB,HOU,5.474193548387097,0.04862741975945643,-0.001985535628666603,22.0,2.0,4.833333333333333,93.06129032258065,82.16666666666666,74.44903225806452,111.67354838709677,Medium,45,1.0,1.0,0.0,Fair,60.0,60.0,,5.474193548387097,TBD,Preseason
00-0037257,David Bell,WR,CLE,5.463636363636364,0.0783636287331275,0.06518016116701268,10.0,2.0,5.7,92.88181818181819,96.9,74.30545454545455,111.45818181818183,Low,70,1.0,1.0,0.0,Fair,54.0,54.0,,5.463636363636364,TBD,Preseason
00-0035249,Josh Oliver,TE,MIN,5.438235294117647,0.07608987769629996,0.058347483587825,23.0,2.0,5.9818181818181815,92.45,101.69090909090909,73.96000000000001,110.94,Medium,45,1.0,1.0,0.0,Fair,72.0,72.0,,5.438235294117647,TBD,Preseason
00-0033925,D'Onta Foreman,RB,CLE,5.393103448275863,0.056588968642221786,0.0017349625965273926,19.0,2.0,3.2600000000000002,91.68275862068967,55.42,73.34620689655173,110.0193103448276,Medium,45,1.0,1.0,0.0,Fair,59.0,59.0,,5.393103448275863,TBD,Preseason
00-0034272,Marquez Valdes-Scantling,WR,NO,5.3690476190476195,0.099706830502449,0.22760609105412144,29.0,2.0,9.9875,91.27380952380953,169.78750000000002,73.01904761904763,109.52857142857144,Medium,45,1.0,4.0,-3.0,Fair,54.0,54.0,,5.3690476190476195,TBD,Preseason
00-0038551,Kendre Miller,RB,NO,5.342105263157895,0.05009203897559263,-0.0007619954455705144,13.0,2.0,4.85,90.8157894736842,82.44999999999999,72.65263157894736,108.97894736842105,Medium,45,1.0,1.0,0.0,Fair,58.0,58.0,,5.342105263157895,TBD,Preseason
00-0037286,Kevin Harris,RB,NE,5.325,0.05890804597701151,-0.00253807106598985,4.0,1.0,5.325,90.525,90.525,72.42,108.63000000000001,Low,70,1.0,1.0,0.0,Fair,58.0,58.0,,5.325,TBD,Preseason
00-0032392,Austin Hooper,TE,NE,5.311999999999999,0.10474302835677898,0.08537809815214358,33.0,2.0,6.3882352941176475,90.30399999999999,108.60000000000001,72.24319999999999,108.36479999999999,High,25,1.0,1.0,0.0,Fair,72.0,72.0,,5.311999999999999,TBD,Preseason
00-0038797,Emanuel Wilson,RB,GB,5.302564102564102,0.054365051211843346,-0.028330706179432966,22.0,2.0,5.647058823529412,90.14358974358974,96.0,72.1148717948718,108.17230769230768,Medium,45,1.0,1.0,0.0,Fair,57.0,57.0,,5.302564102564102,TBD,Preseason
00-0033891,Zay Jones,WR,ARI,5.280952380952381,0.10850002886254753,0.17347927061892848,15.0,2.0,2.733333333333334,89.77619047619048,46.466666666666676,71.82095238095239,107.73142857142857,Medium,45,1.0,1.0,0.0,Fair,53.0,53.0,,5.280952380952381,TBD,Preseason
00-0035264,Jarrett Stidham,QB,DEN,5.273333333333334,0.0,0.0,4.0,2.0,0.25,89.64666666666669,4.25,71.71733333333336,107.57600000000002,Low,70,1.0,1.0,0.0,Fair,30.0,30.0,,5.273333333333334,TBD,Preseason
00-0035537,Ty Johnson,RB,BUF,5.263414634146343,0.06612096770095822,0.05637987844184804,24.0,2.0,5.394117647058824,89.47804878048782,91.7,71.58243902439027,107.37365853658538,Medium,45,1.0,1.0,0.0,Fair,57.0,57.0,,5.263414634146343,TBD,Preseason
00-0037005,Tommy Tremble,TE,CAR,5.248484848484848,0.09212741886268351,0.07047240504123685,23.0,2.0,5.64,89.22424242424242,95.88,71.37939393939394,107.0690909090909,Medium,45,1.0,1.0,0.0,Fair,71.0,71.0,,5.248484848484848,TBD,Preseason
00-0034613,Tanner Hudson,TE,CIN,5.239999999999999,0.08836325246385802,0.06264183671074992,21.0,2.0,4.277777777777778,89.07999999999998,72.72222222222221,71.264,106.89599999999997,Medium,45,1.0,1.0,0.0,Fair,70.0,70.0,,5.239999999999999,TBD,Preseason
00-0034838,Royce Freeman,RB,LA,5.133333333333334,0.0402576489533011,-0.0012387211182391502,9.0,1.0,5.133333333333334,87.26666666666668,87.26666666666668,69.81333333333335,104.72000000000001,Low,70,1.0,1.0,0.0,Fair,56.0,56.0,,5.133333333333334,TBD,Preseason
00-0039798,Isaiah Davis,RB,NYJ,5.1,0.06621378056013032,0.00937266996659836,9.0,1.0,5.1,86.69999999999999,86.69999999999999,69.36,104.03999999999998,Low,70,1.0,1.0,0.0,Fair,55.0,55.0,,5.1,TBD,Preseason
00-0032385,Sterling Shepard,WR,TB,5.080555555555554,0.10609973604472168,0.1461031440496783,23.0,2.0,6.176923076923076,86.36944444444441,105.0076923076923,69.09555555555553,103.64333333333329,Medium,45,1.0,1.0,0.0,Fair,53.0,53.0,,5.080555555555554,TBD,Preseason
00-0033857,JuJu Smith-Schuster,WR,KC,5.066666666666667,0.09035786889677569,0.09389361118246806,22.0,2.0,4.827272727272727,86.13333333333334,82.06363636363636,68.90666666666668,103.36,Medium,45,1.0,1.0,0.0,Fair,53.0,53.0,,5.066666666666667,TBD,Preseason
00-0038611,Chris Rodriguez,RB,WAS,5.045,0.028154761904761915,-0.00410275345340284,14.0,2.0,5.25,85.765,89.25,68.61200000000001,102.91799999999999,Medium,45,1.0,1.0,0.0,Fair,55.0,55.0,,5.045,TBD,Preseason
00-0033572,Jamal Agnew,WR,JAX,5.0375000000000005,0.09960036281616351,0.1645399839122069,8.0,1.0,5.0375000000000005,85.6375,85.6375,68.51,102.765,Low,70,1.0,1.0,0.0,Fair,52.0,52.0,,5.0375000000000005,TBD,Preseason
00-0039794,Braelon Allen,RB,NYJ,5.011764705882353,0.058510239956167005,-0.0014468681886385844,17.0,1.0,5.011764705882353,85.2,85.2,68.16000000000001,102.24,Medium,45,1.0,1.0,0.0,Fair,54.0,54.0,,5.011764705882353,TBD,Preseason
00-0039050,Payne Durham,TE,TB,4.987500000000001,0.0597971879038907,0.07282544774741313,11.0,2.0,6.9,84.78750000000001,117.30000000000001,67.83000000000001,101.745,Low,70,1.0,1.0,0.0,Fair,69.0,69.0,,4.987500000000001,TBD,Preseason
00-0034177,Tim Boyle,QB,NYG,4.975555555555556,0.0,0.0,6.0,2.0,8.82,84.58444444444446,149.94,67.66755555555557,101.50133333333335,Low,70,1.0,1.0,0.0,Fair,29.0,29.0,,4.975555555555556,TBD,Preseason
00-0038705,Emari Demercado,RB,ARI,4.937837837837838,0.08558440272090477,0.011884968387150975,24.0,2.0,4.207692307692308,83.94324324324324,71.53076923076924,67.1545945945946,100.73189189189189,Medium,45,1.0,1.0,0.0,Fair,54.0,54.0,,4.937837837837838,TBD,Preseason
00-0032144,Melvin Gordon,RB,BAL,4.925,0.06111111111111115,0.06885342789598105,4.0,1.0,4.925,83.725,83.725,66.98,100.46999999999998,Low,70,1.0,1.0,0.0,Fair,53.0,53.0,,4.925,TBD,Preseason
00-0039617,Jacob Kibodi,RB,CLE,4.9,0.0909090909090909,0.0357142857142857,1.0,1.0,4.9,83.30000000000001,83.30000000000001,66.64000000000001,99.96000000000001,Low,70,1.0,1.0,0.0,Fair,53.0,53.0,,4.9,TBD,Preseason
00-0039356,Ja'Tavion Sanders,TE,CAR,4.88,0.10303626588075539,0.09475079533493286,15.0,1.0,4.88,82.96,82.96,66.368,99.55199999999999,Medium,45,1.0,1.0,0.0,Fair,69.0,69.0,,4.88,TBD,Preseason
00-0037276,Ty Chandler,RB,MIN,4.781818181818182,0.0766740007626364,-0.014863762286987697,23.0,2.0,2.8400000000000003,81.2909090909091,48.28000000000001,65.03272727272729,97.5490909090909,Medium,45,1.0,1.0,0.0,Fair,52.0,52.0,,4.781818181818182,TBD,Preseason
00-0034386,Justin Watson,WR,KC,4.773333333333333,0.0785420898020382,0.1891470501652882,30.0,2.0,4.193333333333333,81.14666666666668,71.28666666666666,64.91733333333335,97.376,High,25,1.0,1.0,0.0,Fair,52.0,52.0,,4.773333333333333,TBD,Preseason
00-0036360,Clyde Edwards-Helaire,RB,NO,4.742105263157895,0.059209552248490144,-0.02119194568479604,17.0,2.0,5.0,80.61578947368422,85.0,64.49263157894738,96.73894736842105,Medium,45,1.0,1.0,0.0,Fair,51.0,51.0,,4.742105263157895,TBD,Preseason
00-0039880,Malik Washington,WR,MIA,4.733333333333333,0.10242283322418468,0.09309888615508174,12.0,1.0,4.733333333333333,80.46666666666667,80.46666666666667,64.37333333333333,96.56,Medium,45,1.0,1.0,0.0,Fair,51.0,51.0,,4.733333333333333,TBD,Preseason
00-0036841,Austin Trammell,WR,JAX,4.7250000000000005,0.11098339719029376,0.12031182090870889,3.0,2.0,6.0,80.325,102.0,64.26,96.39,Low,70,1.0,1.0,0.0,Fair,51.0,51.0,,4.7250000000000005,TBD,Preseason
00-0036527,D.J. Turner,WR,LV,4.71,0.09261948860023593,0.1349423864087556,10.0,1.0,4.71,80.07,80.07,64.056,96.08399999999999,Low,70,1.0,1.0,0.0,Fair,51.0,51.0,,4.71,TBD,Preseason
00-0034364,Jordan Akins,TE,CLE,4.671111111111111,0.0870332078731166,0.062139654031459254,29.0,2.0,5.6875,79.4088888888889,96.6875,63.52711111111112,95.29066666666667,Medium,45,1.0,1.0,0.0,Fair,68.0,68.0,,4.671111111111111,TBD,Preseason
00-0035120,Keelan Doss,WR,LAC,4.65,0.1636636636636635,0.1750661375661375,2.0,1.0,4.65,79.05000000000001,79.05000000000001,63.24000000000001,94.86000000000001,Low,70,1.0,1.0,0.0,Fair,50.0,50.0,,4.65,TBD,Preseason
00-0031549,Nelson Agholor,WR,BAL,4.6499999999999995,0.08683535813270601,0.11889651068867045,29.0,2.0,3.776923076923077,79.05,64.20769230769231,63.24,94.86,Medium,45,1.0,1.0,0.0,Fair,50.0,50.0,,4.6499999999999995,TBD,Preseason
00-0036919,Kenneth Gainwell,RB,PHI,4.637083333333334,0.06802210661763174,0.011191599518390579,32.0,2.0,3.9125,78.83041666666668,66.5125,63.064333333333344,94.5965,High,25,1.0,1.0,0.0,Fair,51.0,51.0,,4.637083333333334,TBD,Preseason
00-0037741,Jahan Dotson,WR,PHI,4.635555555555555,0.103785868394079,0.13297578236509788,31.0,2.0,2.992857142857143,78.80444444444444,50.878571428571426,63.04355555555556,94.56533333333333,High,25,1.0,1.0,0.0,Fair,50.0,50.0,,4.635555555555555,TBD,Preseason
00-0038824,Ryan Miller,WR,TB,4.6,0.07250029988299944,0.11059878616474363,8.0,1.0,4.6,78.19999999999999,78.19999999999999,62.559999999999995,93.83999999999999,Low,70,1.0,1.0,0.0,Fair,49.0,49.0,,4.6,TBD,Preseason
00-0038040,Zamir White,RB,LV,4.56896551724138,0.06849946576237181,-0.01706727824108999,21.0,2.0,3.6625,77.67241379310346,62.2625,62.13793103448277,93.20689655172414,Medium,45,1.0,1.0,0.0,Fair,50.0,50.0,,4.56896551724138,TBD,Preseason
00-0033955,Jeremy McNichols,RB,WAS,4.557142857142858,0.06309273968972608,0.010896201958140317,14.0,1.0,4.557142857142858,77.47142857142859,77.47142857142859,61.97714285714287,92.9657142857143,Medium,45,1.0,1.0,0.0,Fair,50.0,50.0,,4.557142857142858,TBD,Preseason
00-0037086,Grant Calcaterra,TE,PHI,4.553571428571428,0.09609516767827823,0.08147710877228663,15.0,2.0,4.6000000000000005,77.41071428571428,78.2,61.92857142857142,92.89285714285712,Medium,45,1.0,1.0,0.0,Fair,67.0,67.0,,4.553571428571428,TBD,Preseason
00-0032398,Chris Moore,WR,TEN,4.553333333333334,0.08611448415369986,0.17814129588829747,15.0,1.0,4.553333333333334,77.40666666666667,77.40666666666667,61.925333333333334,92.88799999999999,Medium,45,1.0,1.0,0.0,Fair,49.0,49.0,,4.553333333333334,TBD,Preseason
00-0031235,Odell Beckham,WR,MIA,4.550000000000001,0.11292858155612076,0.16397896716331972,22.0,2.0,1.8125,77.35000000000001,30.8125,61.88000000000001,92.82000000000001,Medium,45,1.0,1.0,0.0,Fair,49.0,49.0,,4.550000000000001,TBD,Preseason
00-0027944,Julio Jones,WR,PHI,4.55,0.08068377878160479,0.06189474830074325,8.0,1.0,4.55,77.35,77.35,61.879999999999995,92.82,Low,70,1.0,1.0,0.0,Fair,48.0,48.0,,4.55,TBD,Preseason
00-0029239,Brandon Bolden,RB,LV,4.55,0.0,0.0,2.0,1.0,4.55,77.35,77.35,61.879999999999995,92.82,Low,70,1.0,1.0,0.0,Fair,49.0,49.0,,4.55,TBD,Preseason
00-0039792,Devontez Walker,WR,BAL,4.55,0.08333333333333334,0.2104166666666665,2.0,1.0,4.55,77.35,77.35,61.879999999999995,92.82,Low,70,1.0,1.0,0.0,Fair,48.0,48.0,,4.55,TBD,Preseason
00-0035689,Dawson Knox,TE,BUF,4.5473684210526315,0.08680512031354529,0.10040536028112387,24.0,2.0,4.2214285714285715,77.30526315789473,71.76428571428572,61.844210526315784,92.76631578947367,Medium,45,1.0,1.0,0.0,Fair,67.0,67.0,,4.5473684210526315,TBD,Preseason
00-0038547,Luke Schoonmaker,TE,DAL,4.538709677419354,0.07171705804116642,0.05401019332443482,21.0,2.0,5.71,77.15806451612902,97.07,61.72645161290322,92.58967741935481,Medium,45,1.0,1.0,0.0,Fair,66.0,66.0,,4.538709677419354,TBD,Preseason
00-0033869,Mitchell Trubisky,QB,BUF,4.533333333333334,0.0,0.0,13.0,2.0,2.4074999999999998,77.06666666666668,40.927499999999995,61.65333333333334,92.48,Medium,45,1.0,1.0,0.0,Fair,28.0,28.0,,4.533333333333334,TBD,Preseason
00-0036145,Lawrence Cager,TE,NYG,4.533333333333333,0.058433452956779534,0.04340401623222037,3.0,1.0,4.533333333333333,77.06666666666666,77.06666666666666,61.653333333333336,92.47999999999999,Low,70,1.0,1.0,0.0,Fair,65.0,65.0,,4.533333333333333,TBD,Preseason
00-0038416,Tyson Bagent,QB,CHI,4.518461538461539,0.0,0.0,9.0,2.0,-0.06500000000000002,76.81384615384616,-1.1050000000000002,61.451076923076926,92.17661538461539,Low,70,1.0,1.0,0.0,Fair,27.0,27.0,,4.518461538461539,TBD,Preseason
00-0035406,Lil'Jordan Humphrey,WR,DEN,4.507692307692308,0.0884086454160884,0.0888310872405321,25.0,2.0,4.5928571428571425,76.63076923076923,78.07857142857142,61.30461538461539,91.95692307692308,Medium,45,1.0,1.0,0.0,Fair,47.0,47.0,,4.507692307692308,TBD,Preseason
00-0039052,Trey Palmer,WR,TB,4.48918918918919,0.08805717245716184,0.14183148578826396,27.0,2.0,3.5200000000000005,76.31621621621623,59.84000000000001,61.05297297297299,91.57945945945947,Medium,45,1.0,1.0,0.0,Fair,47.0,47.0,,4.48918918918919,TBD,Preseason
00-0030431,Robert Woods,WR,HOU,4.4837837837837835,0.10774507669821386,0.1226383574838475,25.0,2.0,3.1916666666666664,76.22432432432431,54.258333333333326,60.979459459459456,91.46918918918918,Medium,45,1.0,1.0,0.0,Fair,47.0,47.0,,4.4837837837837835,TBD,Preseason
00-0035140,Mecole Hardman,WR,KC,4.480952380952381,0.08314499794192445,0.02045324150634727,14.0,2.0,4.742857142857143,76.17619047619047,80.62857142857143,60.94095238095238,91.41142857142856,Medium,45,1.0,1.0,0.0,Fair,46.0,46.0,,4.480952380952381,TBD,Preseason
00-0035973,Patrick Taylor,RB,SF,4.4799999999999995,0.07035838097063983,0.015456599800454015,15.0,2.0,5.96,76.16,101.32,60.928,91.392,Medium,45,1.0,1.0,0.0,Fair,49.0,49.0,,4.4799999999999995,TBD,Preseason
00-0039814,Erick All,TE,CIN,4.4750000000000005,0.08615458252732784,0.0399242049959931,8.0,1.0,4.4750000000000005,76.075,76.075,60.86000000000001,91.29,Low,70,1.0,1.0,0.0,Fair,65.0,65.0,,4.4750000000000005,TBD,Preseason
00-0037120,Tyler Goodson,RB,IND,4.454166666666666,0.06554698920975002,0.004708283861600258,15.0,2.0,4.933333333333334,75.72083333333332,83.86666666666667,60.576666666666654,90.86499999999998,Medium,45,1.0,1.0,0.0,Fair,48.0,48.0,,4.454166666666666,TBD,Preseason
00-0036635,Ihmir Smith-Marsette,WR,CAR,4.416666666666667,0.06650141551088253,-0.0012036714314461177,6.0,1.0,4.416666666666667,75.08333333333334,75.08333333333334,60.06666666666668,90.10000000000001,Low,70,1.0,1.0,0.0,Fair,46.0,46.0,,4.416666666666667,TBD,Preseason
00-0038465,Malik Heath,WR,GB,4.404545454545455,0.07742947264461492,0.068636621066273,17.0,2.0,6.340000000000001,74.87727272727274,107.78000000000002,59.90181818181819,89.85272727272728,Medium,45,1.0,1.0,0.0,Fair,46.0,46.0,,4.404545454545455,TBD,Preseason
00-0036630,Tylan Wallace,WR,BAL,4.394117647058824,0.0535896465346412,0.040322917175737355,9.0,2.0,4.5375000000000005,74.7,77.1375,59.760000000000005,89.64,Low,70,1.0,1.0,0.0,Fair,45.0,45.0,,4.394117647058824,TBD,Preseason
00-0033275,P.J. Walker,QB,CLE,4.392,0.0,0.0,5.0,1.0,4.392,74.664,74.664,59.7312,89.5968,Low,70,1.0,1.0,0.0,Fair,26.0,26.0,,4.392,TBD,Preseason
00-0036244,Colby Parkinson,TE,LA,4.375,0.0953642351341746,0.07142493047728908,29.0,2.0,4.36,74.375,74.12,59.5,89.25,Medium,45,1.0,1.0,0.0,Fair,64.0,64.0,,4.375,TBD,Preseason
00-0036556,Brevin Jordan,TE,HOU,4.330769230769231,0.06563687268317661,0.027632500290184648,11.0,2.0,1.35,73.62307692307694,22.950000000000003,58.898461538461554,88.34769230769233,Low,70,1.0,1.0,0.0,Fair,63.0,63.0,,4.330769230769231,TBD,Preseason
00-0036567,Elijah Mitchell,RB,SF,4.318181818181818,0.05412324929971988,-0.023310970084567242,11.0,1.0,4.318181818181818,73.4090909090909,73.4090909090909,58.72727272727273,88.09090909090908,Low,70,1.0,1.0,0.0,Fair,47.0,47.0,,4.318181818181818,TBD,Preseason
00-0037410,Jashaun Corbin,RB,NYG,4.300000000000001,0.115384615384615,-0.0066225165562913,1.0,1.0,4.300000000000001,73.10000000000001,73.10000000000001,58.48000000000001,87.72000000000001,Low,70,1.0,1.0,0.0,Fair,47.0,47.0,,4.300000000000001,TBD,Preseason
00-0039066,Michael Mayer,TE,LV,4.252941176470588,0.09100540897240596,0.07380486229375986,23.0,2.0,3.3272727272727276,72.3,56.56363636363637,57.84,86.75999999999999,Medium,45,1.0,1.0,0.0,Fair,62.0,62.0,,4.252941176470588,TBD,Preseason
00-0039365,Jacob Cowing,WR,SF,4.233333333333333,0.060951593209657734,0.0991302954922358,3.0,1.0,4.233333333333333,71.96666666666667,71.96666666666667,57.57333333333334,86.36,Low,70,1.0,1.0,0.0,Fair,45.0,45.0,,4.233333333333333,TBD,Preseason
00-0037614,John Metchie,WR,HOU,4.205882352941178,0.09867727172394172,0.10570447619890587,24.0,2.0,5.540000000000001,71.50000000000003,94.18000000000002,57.200000000000024,85.80000000000003,Medium,45,1.0,1.0,0.0,Fair,45.0,45.0,,4.205882352941178,TBD,Preseason
00-0039868,Troy Franklin,WR,DEN,4.1937500000000005,0.10762691477495798,0.18254724500115257,16.0,1.0,4.1937500000000005,71.29375,71.29375,57.035000000000004,85.5525,Medium,45,1.0,1.0,0.0,Fair,44.0,44.0,,4.1937500000000005,TBD,Preseason
00-0038492,Jason Brownlee,WR,NYJ,4.15,0.05580808080808085,0.10421074555535001,4.0,1.0,4.15,70.55000000000001,70.55000000000001,56.44000000000001,84.66000000000001,Low,70,1.0,1.0,0.0,Fair,44.0,44.0,,4.15,TBD,Preseason
00-0037273,Kyle Philips,WR,TEN,4.1375,0.09455235778765178,0.09065629560682802,8.0,1.0,4.1375,70.3375,70.3375,56.27000000000001,84.405,Low,70,1.0,1.0,0.0,Fair,43.0,43.0,,4.1375,TBD,Preseason
00-0033895,Gerald Everett,TE,CHI,4.069696969696971,0.08669458514990692,0.03828381644164005,24.0,2.0,1.2888888888888888,69.18484848484852,21.911111111111108,55.34787878787881,83.02181818181822,Medium,45,1.0,1.0,0.0,Fair,62.0,62.0,,4.069696969696971,TBD,Preseason
00-0038589,Josh Whyle,TE,TEN,4.055555555555555,0.08170091490549745,0.05788478833100656,22.0,2.0,4.342857142857143,68.94444444444444,73.82857142857144,55.15555555555556,82.73333333333333,Medium,45,1.0,1.0,0.0,Fair,61.0,61.0,,4.055555555555555,TBD,Preseason
00-0034860,Dante Pettis,WR,NO,4.0,0.11257249969381089,0.1336422985614923,8.0,1.0,4.0,68.0,68.0,54.400000000000006,81.6,Low,70,1.0,1.0,0.0,Fair,43.0,43.0,,4.0,TBD,Preseason
00-0035341,Trenton Irwin,WR,CIN,3.9777777777777774,0.08300654097251803,0.11784071735344012,14.0,2.0,1.125,67.62222222222222,19.125,54.09777777777778,81.14666666666666,Medium,45,1.0,1.0,0.0,Fair,43.0,43.0,,3.9777777777777774,TBD,Preseason
00-0036626,Dyami Brown,WR,WAS,3.947906976744186,0.0796469945423674,0.09720526684513316,28.0,2.0,4.493333333333334,67.11441860465116,76.38666666666668,53.691534883720934,80.5373023255814,Medium,45,1.0,1.0,0.0,Fair,42.0,42.0,,3.947906976744186,TBD,Preseason
00-0037327,Skylar Thompson,QB,MIA,3.940000000000001,0.0,0.0,2.0,1.0,3.9400000000000004,66.98000000000002,66.98,53.58400000000002,80.37600000000002,Low,70,1.0,1.0,0.0,Fair,25.0,25.0,,3.940000000000001,TBD,Preseason
00-0032394,Nick Vannett,TE,TEN,3.9320000000000004,0.05213645677770799,0.0070122390270102196,13.0,2.0,4.041666666666667,66.84400000000001,68.70833333333334,53.47520000000001,80.2128,Medium,45,1.0,1.0,0.0,Fair,60.0,60.0,,3.9320000000000004,TBD,Preseason
00-0039144,Luke Musgrave,TE,GB,3.928,0.08526994375777734,0.06640094214272266,18.0,2.0,1.6428571428571428,66.776,27.928571428571427,53.4208,80.13119999999999,Medium,45,1.0,1.0,0.0,Fair,60.0,60.0,,3.928,TBD,Preseason
00-0037475,Stone Smartt,TE,LAC,3.9269230769230767,0.06987650139112077,0.07759305023806311,19.0,2.0,4.971428571428571,66.75769230769231,84.5142857142857,53.40615384615385,80.10923076923076,Medium,45,1.0,1.0,0.0,Fair,59.0,59.0,,3.9269230769230767,TBD,Preseason
00-0039921,Trey Benson,RB,ARI,3.9166666666666665,0.0484315627779125,-0.02437824908931658,12.0,1.0,3.9166666666666665,66.58333333333333,66.58333333333333,53.266666666666666,79.89999999999999,Medium,45,1.0,1.0,0.0,Fair,46.0,46.0,,3.9166666666666665,TBD,Preseason
00-0038046,Charlie Kolar,TE,BAL,3.9150000000000005,0.05617606758558841,0.04998253932478477,13.0,2.0,4.042857142857143,66.555,68.72857142857143,53.24400000000001,79.866,Medium,45,1.0,1.0,0.0,Fair,58.0,58.0,,3.9150000000000005,TBD,Preseason
00-0033936,C.J. Beathard,QB,JAX,3.91,0.0,0.0,6.0,1.0,3.91,66.47,66.47,53.176,79.764,Low,70,1.0,1.0,0.0,Fair,24.0,24.0,,3.91,TBD,Preseason
00-0038862,Elijah Dotson,RB,LAC,3.900000000000001,0.0512820512820513,-0.0024630541871921,1.0,1.0,3.9000000000000004,66.30000000000001,66.30000000000001,53.04000000000001,79.56000000000002,Low,70,1.0,1.0,0.0,Fair,46.0,46.0,,3.900000000000001,TBD,Preseason
00-0034854,KhaDarel Hodge,WR,ATL,3.88695652173913,0.062404789791025886,0.07511799750735747,18.0,2.0,5.22,66.07826086956521,88.74,52.86260869565217,79.29391304347826,Medium,45,1.0,1.0,0.0,Fair,42.0,42.0,,3.88695652173913,TBD,Preseason
00-0034054,River Cracraft,WR,MIA,3.878571428571429,0.06482221209537277,0.07043456251722235,10.0,2.0,3.4000000000000004,65.9357142857143,57.800000000000004,52.74857142857144,79.12285714285716,Low,70,1.0,1.0,0.0,Fair,42.0,42.0,,3.878571428571429,TBD,Preseason
00-0036569,Gary Brightwell,RB,NYG,3.8666666666666667,0.07507183908045977,-0.024092584925376068,3.0,1.0,3.8666666666666667,65.73333333333333,65.73333333333333,52.58666666666667,78.88,Low,70,1.0,1.0,0.0,Fair,45.0,45.0,,3.8666666666666667,TBD,Preseason
00-0038498,E.J. Jenkins,TE,PHI,3.85,0.0399728997289973,0.02114367114367115,2.0,1.0,3.85,65.45,65.45,52.36000000000001,78.54,Low,70,1.0,1.0,0.0,Fair,58.0,58.0,,3.85,TBD,Preseason
00-0038115,Daniel Bellinger,TE,NYG,3.8333333333333335,0.07241488128375477,0.05030449622032649,20.0,2.0,3.7857142857142856,65.16666666666667,64.35714285714286,52.13333333333334,78.2,Medium,45,1.0,1.0,0.0,Fair,57.0,57.0,,3.8333333333333335,TBD,Preseason
00-0036415,Van Jefferson,WR,PIT,3.829545454545455,0.09973315936557889,0.1554800396521903,29.0,2.0,4.24,65.10227272727273,72.08,52.08181818181819,78.12272727272727,Medium,45,1.0,1.0,0.0,Fair,41.0,41.0,,3.829545454545455,TBD,Preseason
00-0036297,Darrynton Evans,RB,CHI,3.8250000000000006,0.049080765944990085,-0.04385067030508061,7.0,2.0,0.30000000000000004,65.025,5.1000000000000005,52.02000000000001,78.03,Low,70,1.0,1.0,0.0,Fair,45.0,45.0,,3.8250000000000006,TBD,Preseason
00-0038685,Christopher Brooks,RB,GB,3.8,0.0544691285985403,-0.015684425913701873,14.0,2.0,3.8363636363636364,64.6,65.21818181818182,51.68,77.52,Medium,45,1.0,1.0,0.0,Fair,44.0,44.0,,3.8,TBD,Preseason
00-0035639,Parris Campbell,WR,PHI,3.7750000000000004,0.09477171104405517,0.05781437382293794,12.0,2.0,3.75,64.17500000000001,63.75,51.34000000000001,77.01,Medium,45,1.0,1.0,0.0,Fair,41.0,41.0,,3.7750000000000004,TBD,Preseason
00-0039373,Audric Estime,RB,DEN,3.746153846153846,0.052419354838709666,-0.02241995721041963,13.0,1.0,3.746153846153846,63.684615384615384,63.684615384615384,50.94769230769231,76.42153846153846,Medium,45,1.0,1.0,0.0,Fair,43.0,43.0,,3.746153846153846,TBD,Preseason
00-0036646,Simi Fehoko,WR,LAC,3.736363636363637,0.10555148212194043,0.18369026200777397,6.0,2.0,3.3200000000000003,63.51818181818183,56.440000000000005,50.81454545454547,76.2218181818182,Low,70,1.0,1.0,0.0,Fair,41.0,41.0,,3.736363636363637,TBD,Preseason
00-0033246,Johnny Mundt,TE,MIN,3.7314285714285713,0.0766049960527018,0.03601689363302097,22.0,2.0,3.476923076923077,63.434285714285714,59.10769230769231,50.74742857142857,76.12114285714286,Medium,45,1.0,1.0,0.0,Fair,56.0,56.0,,3.7314285714285713,TBD,Preseason
00-0034983,Hunter Renfrow,WR,LV,3.730769230769231,0.09428862980262198,0.07094486334194178,13.0,1.0,3.730769230769231,63.42307692307693,63.42307692307693,50.73846153846154,76.1076923076923,Medium,45,1.0,1.0,0.0,Fair,40.0,40.0,,3.730769230769231,TBD,Preseason
00-0034970,Irv Smith,TE,CIN,3.7222222222222223,0.08379271863142831,0.04920185079602004,9.0,1.0,3.7222222222222223,63.27777777777778,63.27777777777778,50.62222222222223,75.93333333333334,Low,70,1.0,1.0,0.0,Fair,56.0,56.0,,3.7222222222222223,TBD,Preseason
00-0035298,Scott Miller,WR,PIT,3.7000000000000006,0.07220885093787315,0.1006417556738461,13.0,2.0,2.975,62.90000000000001,50.575,50.320000000000014,75.48000000000002,Medium,45,1.0,1.0,0.0,Fair,40.0,40.0,,3.7000000000000006,TBD,Preseason
00-0036165,Isaiah Hodgins,WR,NYG,3.688888888888889,0.06928204014847579,0.07853768725491451,16.0,2.0,1.6,62.711111111111116,27.200000000000003,50.168888888888894,75.25333333333333,Medium,45,1.0,1.0,0.0,Fair,39.0,39.0,,3.688888888888889,TBD,Preseason
00-0039810,Jermaine Burton,WR,CIN,3.6750000000000003,0.08042649426920526,0.214997517860855,4.0,1.0,3.6750000000000003,62.475,62.475,49.980000000000004,74.97,Low,70,1.0,1.0,0.0,Fair,39.0,39.0,,3.6750000000000003,TBD,Preseason
00-0035567,Craig Reynolds,RB,DET,3.6699999999999995,0.04561732767756032,-0.016405148612339795,13.0,2.0,2.9857142857142853,62.38999999999999,50.75714285714285,49.912,74.868,Medium,45,1.0,1.0,0.0,Fair,43.0,43.0,,3.6699999999999995,TBD,Preseason
00-0032688,Robbie Chosen,WR,MIA,3.657142857142858,0.05606476824964219,0.13114048663008815,6.0,2.0,1.5,62.171428571428585,25.5,49.73714285714287,74.6057142857143,Low,70,1.0,1.0,0.0,Fair,39.0,39.0,,3.657142857142858,TBD,Preseason
00-0039041,Elijah Higgins,TE,ARI,3.640540540540541,0.06113896714931623,0.04691719157497608,23.0,2.0,3.5142857142857147,61.889189189189196,59.74285714285715,49.51135135135136,74.26702702702703,Medium,45,1.0,1.0,0.0,Fair,55.0,55.0,,3.640540540540541,TBD,Preseason
00-0039391,Kimani Vidal,RB,LAC,3.6333333333333337,0.053955182935994966,0.03142734718419872,9.0,1.0,3.6333333333333337,61.76666666666667,61.76666666666667,49.41333333333334,74.12,Low,70,1.0,1.0,0.0,Fair,42.0,42.0,,3.6333333333333337,TBD,Preseason
00-0037132,Britain Covey,WR,PHI,3.625,0.09578608089003636,0.03506071443019181,5.0,2.0,3.466666666666667,61.625,58.93333333333334,49.300000000000004,73.95,Low,70,1.0,1.0,0.0,Fair,38.0,38.0,,3.625,TBD,Preseason
00-0034646,Brandon Powell,WR,MIN,3.6037037037037036,0.07298858191286024,0.07639395773345607,20.0,2.0,2.0142857142857142,61.26296296296296,34.24285714285714,49.01037037037037,73.51555555555555,Medium,45,1.0,1.0,0.0,Fair,38.0,38.0,,3.6037037037037036,TBD,Preseason
00-0035414,Jalen Guyton,WR,LAC,3.5571428571428574,0.08258849960125669,0.131534318670417,7.0,1.0,3.5571428571428574,60.471428571428575,60.471428571428575,48.377142857142864,72.5657142857143,Low,70,1.0,1.0,0.0,Fair,38.0,38.0,,3.5571428571428574,TBD,Preseason
00-0036984,Trey Sermon,RB,IND,3.552777777777778,0.05271540548400411,0.0038203761936701592,22.0,2.0,3.842857142857143,60.397222222222226,65.32857142857144,48.317777777777785,72.47666666666667,Medium,45,1.0,1.0,0.0,Fair,42.0,42.0,,3.552777777777778,TBD,Preseason
00-0036422,Adam Trautman,TE,DEN,3.5238095238095237,0.06177916680158994,0.05748748425083893,29.0,2.0,3.369230769230769,59.904761904761905,57.27692307692307,47.923809523809524,71.88571428571429,Medium,45,1.0,1.0,0.0,Fair,54.0,54.0,,3.5238095238095237,TBD,Preseason
00-0036754,Brock Wright,TE,DET,3.5035714285714286,0.06306164568450152,0.036498540135941455,18.0,2.0,3.5,59.56071428571428,59.5,47.64857142857143,71.47285714285714,Medium,45,1.0,1.0,0.0,Fair,53.0,53.0,,3.5035714285714286,TBD,Preseason
00-0035215,Deonte Harty,WR,BUF,3.4999999999999996,0.05298869492835014,0.0659985422685238,12.0,1.0,3.5,59.49999999999999,59.5,47.599999999999994,71.39999999999999,Medium,45,1.0,1.0,0.0,Fair,37.0,37.0,,3.4999999999999996,TBD,Preseason
00-0037091,Bo Melton,WR,GB,3.4961538461538466,0.08055372360315227,0.12400945712136463,15.0,2.0,2.045454545454546,59.43461538461539,34.77272727272728,47.547692307692316,71.32153846153847,Medium,45,1.0,1.0,0.0,Fair,37.0,37.0,,3.4961538461538466,TBD,Preseason
00-0038678,Jordan Mims,RB,NO,3.4799999999999995,0.11711920827710309,0.008904778900874294,8.0,2.0,3.728571428571428,59.15999999999999,63.38571428571428,47.327999999999996,70.99199999999999,Low,70,1.0,1.0,0.0,Fair,41.0,41.0,,3.4799999999999995,TBD,Preseason
00-0039062,Jonathan Mingo,WR,DAL,3.4697674418604647,0.1219161527833459,0.17281835929684936,29.0,2.0,1.6000000000000003,58.9860465116279,27.200000000000006,47.18883720930232,70.78325581395347,Medium,45,1.0,1.0,0.0,Fair,36.0,36.0,,3.4697674418604647,TBD,Preseason
00-0033948,Jamaal Williams,RB,NO,3.4615384615384617,0.05545181735674567,-0.013211488782751806,26.0,2.0,2.853846153846154,58.84615384615385,48.51538461538462,47.07692307692308,70.61538461538461,Medium,45,1.0,1.0,0.0,Fair,40.0,40.0,,3.4615384615384617,TBD,Preseason
00-0039912,Ben Sinnott,TE,WAS,3.4499999999999997,0.04955574419920768,0.014117420093597526,4.0,1.0,3.45,58.65,58.650000000000006,46.92,70.38,Low,70,1.0,1.0,0.0,Fair,53.0,53.0,,3.4499999999999997,TBD,Preseason
00-0035631,Drew Sample,TE,CIN,3.4249999999999994,0.054912173401383234,0.006426517968654293,25.0,2.0,3.3181818181818183,58.22499999999999,56.409090909090914,46.57999999999999,69.86999999999998,Medium,45,1.0,1.0,0.0,Fair,52.0,52.0,,3.4249999999999994,TBD,Preseason
00-0036898,Davis Mills,QB,HOU,3.4150000000000005,0.0,0.0,8.0,2.0,2.3950000000000005,58.05500000000001,40.71500000000001,46.44400000000001,69.66600000000001,Low,70,1.0,1.0,0.0,Fair,23.0,23.0,,3.4150000000000005,TBD,Preseason
00-0037304,Connor Heyward,TE,PIT,3.4142857142857146,0.0830782992887137,0.056759387828324466,16.0,2.0,3.2,58.042857142857144,54.400000000000006,46.43428571428572,69.65142857142857,Medium,45,1.0,1.0,0.0,Fair,51.0,51.0,,3.4142857142857146,TBD,Preseason
00-0037539,Lucas Krull,TE,DEN,3.4037037037037043,0.07172469171854454,0.062394472807675516,17.0,2.0,3.4200000000000004,57.862962962962975,58.14000000000001,46.29037037037038,69.43555555555557,Medium,45,1.0,1.0,0.0,Fair,51.0,51.0,,3.4037037037037043,TBD,Preseason
00-0038667,Elijah Cooks,WR,JAX,3.4000000000000004,0.045995670995671006,0.039474548799719594,2.0,1.0,3.4000000000000004,57.800000000000004,57.800000000000004,46.24000000000001,69.36,Low,70,1.0,1.0,0.0,Fair,36.0,36.0,,3.4000000000000004,TBD,Preseason
00-0034955,Brett Rypien,QB,LA,3.3899999999999997,0.0,0.0,2.0,1.0,3.39,57.629999999999995,57.63,46.104,69.15599999999999,Low,70,1.0,1.0,0.0,Fair,22.0,22.0,,3.3899999999999997,TBD,Preseason
00-0037231,Kevin Austin,WR,NO,3.375,0.09337028214212012,0.1275625212690004,8.0,1.0,3.375,57.375,57.375,45.900000000000006,68.85,Low,70,1.0,1.0,0.0,Fair,36.0,36.0,,3.375,TBD,Preseason
00-0037557,Ronnie Rivers,RB,LA,3.3352941176470594,0.06284626721477933,-0.04973935871454149,12.0,2.0,3.66,56.70000000000001,62.22,45.360000000000014,68.04,Medium,45,1.0,1.0,0.0,Fair,40.0,40.0,,3.3352941176470594,TBD,Preseason
00-0038783,Nate Adkins,TE,DEN,3.3285714285714287,0.040656489880199494,0.019121250783032555,16.0,2.0,3.625,56.58571428571429,61.625,45.268571428571434,67.90285714285714,Medium,45,1.0,1.0,0.0,Fair,50.0,50.0,,3.3285714285714287,TBD,Preseason
00-0036590,Quintin Morris,TE,BUF,3.316666666666667,0.05457375930660085,0.07166424230299913,7.0,2.0,2.9200000000000004,56.38333333333334,49.64000000000001,45.106666666666676,67.66000000000001,Low,70,1.0,1.0,0.0,Fair,49.0,49.0,,3.316666666666667,TBD,Preseason
00-0038496,Xavier Gipson,WR,NYJ,3.3148148148148153,0.07151423855109998,0.1047449721962151,20.0,2.0,2.3428571428571425,56.35185185185186,39.82857142857142,45.08148148148149,67.62222222222223,Medium,45,1.0,1.0,0.0,Fair,35.0,35.0,,3.3148148148148153,TBD,Preseason
00-0033854,Dare Ogunbowale,RB,HOU,3.3138888888888887,0.06733240892308717,0.01531823578022622,21.0,2.0,3.7333333333333334,56.33611111111111,63.46666666666667,45.06888888888889,67.60333333333332,Medium,45,1.0,1.0,0.0,Fair,39.0,39.0,,3.3138888888888887,TBD,Preseason
00-0039816,Anthony Gould,WR,IND,3.3000000000000003,0.0277777777777778,0.0571428571428571,1.0,1.0,3.3000000000000003,56.1,56.1,44.88,67.32,Low,70,1.0,1.0,0.0,Fair,35.0,35.0,,3.3000000000000003,TBD,Preseason
00-0039573,Blake Watson,RB,DEN,3.3,0.0512820512820513,-0.0317460317460317,1.0,1.0,3.3,56.099999999999994,56.099999999999994,44.879999999999995,67.32,Low,70,1.0,1.0,0.0,Fair,39.0,39.0,,3.3,TBD,Preseason
00-0037078,Cole Turner,TE,WAS,3.2857142857142856,0.06885614747466391,0.06437824647493637,7.0,1.0,3.2857142857142856,55.857142857142854,55.857142857142854,44.68571428571428,67.02857142857142,Low,70,1.0,1.0,0.0,Fair,49.0,49.0,,3.2857142857142856,TBD,Preseason
00-0038573,Derius Davis,WR,LAC,3.2749999999999995,0.054676707744425804,0.008650179601521977,25.0,2.0,3.6454545454545455,55.67499999999999,61.972727272727276,44.53999999999999,66.80999999999999,Medium,45,1.0,1.0,0.0,Fair,35.0,35.0,,3.2749999999999995,TBD,Preseason
00-0036370,Joshua Kelley,RB,TEN,3.268421052631579,0.03722917783897275,0.008080379994587685,18.0,2.0,0.2,55.56315789473685,3.4000000000000004,44.45052631578948,66.67578947368422,Medium,45,1.0,1.0,0.0,Fair,38.0,38.0,,3.268421052631579,TBD,Preseason
00-0038098,Pierre Strong,RB,CLE,3.2342857142857144,0.05523297071108148,0.00028352719442589406,24.0,2.0,3.2,54.98285714285714,54.400000000000006,43.986285714285714,65.97942857142857,Medium,45,1.0,1.0,0.0,Fair,38.0,38.0,,3.2342857142857144,TBD,Preseason
00-0038752,Jake Bobo,WR,SEA,3.230555555555555,0.04649081218750689,0.04605463309641747,25.0,2.0,2.6999999999999997,54.91944444444444,45.9,43.93555555555555,65.90333333333332,Medium,45,1.0,1.0,0.0,Fair,34.0,34.0,,3.230555555555555,TBD,Preseason
00-0036424,Brycen Hopkins,TE,LA,3.2,0.06179172483520318,0.09459480649796717,4.0,1.0,3.2,54.400000000000006,54.400000000000006,43.52000000000001,65.28,Low,70,1.0,1.0,0.0,Fair,47.0,47.0,,3.2,TBD,Preseason
00-0036534,Shane Zylstra,TE,DET,3.2,0.032258064516129,0.0348837209302326,1.0,1.0,3.2,54.400000000000006,54.400000000000006,43.52000000000001,65.28,Low,70,1.0,1.0,0.0,Fair,47.0,47.0,,3.2,TBD,Preseason
00-0036860,Jake Funk,RB,IND,3.2,0.0256410256410256,0.0,1.0,1.0,3.2,54.400000000000006,54.400000000000006,43.52000000000001,65.28,Low,70,1.0,1.0,0.0,Fair,37.0,37.0,,3.2,TBD,Preseason
00-0037317,Nick Muse,TE,MIN,3.2,0.0232558139534884,0.029925187032419,1.0,1.0,3.2,54.400000000000006,54.400000000000006,43.52000000000001,65.28,Low,70,1.0,1.0,0.0,Fair,47.0,47.0,,3.2,TBD,Preseason
00-0038636,Kenny McIntosh,RB,SEA,3.2,0.04327069269598003,0.0082949897750511,7.0,1.0,3.2,54.400000000000006,54.400000000000006,43.52000000000001,65.28,Low,70,1.0,1.0,0.0,Fair,37.0,37.0,,3.2,TBD,Preseason
00-0036876,Kylen Granson,TE,IND,3.195348837209302,0.08556220028982406,0.08896529123714808,29.0,2.0,2.3000000000000003,54.32093023255813,39.1,43.45674418604651,65.18511627906976,Medium,45,1.0,1.0,0.0,Fair,46.0,46.0,,3.195348837209302,TBD,Preseason
00-0037012,Trey Lance,QB,DAL,3.185,0.0,0.0,4.0,1.0,3.185,54.145,54.145,43.316,64.974,Low,70,1.0,1.0,0.0,Fair,21.0,21.0,,3.185,TBD,Preseason
00-0036232,Harrison Bryant,TE,LV,3.178260869565217,0.05861051212102476,0.028193061373710603,18.0,2.0,3.5200000000000005,54.03043478260869,59.84000000000001,43.224347826086955,64.83652173913042,Medium,45,1.0,1.0,0.0,Fair,45.0,45.0,,3.178260869565217,TBD,Preseason
00-0034830,Hayden Hurst,TE,LAC,3.173913043478261,0.09007226058919725,0.08119601540339152,16.0,2.0,2.185714285714286,53.95652173913044,37.15714285714286,43.16521739130435,64.74782608695652,Medium,45,1.0,1.0,0.0,Fair,44.0,44.0,,3.173913043478261,TBD,Preseason
00-0035657,Damien Harris,RB,BUF,3.1666666666666665,0.0512820512820513,0.0,6.0,1.0,3.1666666666666665,53.83333333333333,53.83333333333333,43.06666666666666,64.6,Low,70,1.0,1.0,0.0,Fair,36.0,36.0,,3.1666666666666665,TBD,Preseason
00-0039890,Adonai Mitchell,WR,IND,3.16235294117647,0.11211458679949635,0.16031514847494538,17.0,1.0,3.1623529411764704,53.75999999999999,53.76,43.007999999999996,64.51199999999999,Medium,45,1.0,1.0,0.0,Fair,34.0,34.0,,3.16235294117647,TBD,Preseason
00-0038090,Skyy Moore,WR,KC,3.1588235294117655,0.07585151405891773,0.09014369074225491,15.0,2.0,0.0,53.70000000000001,0.0,42.96000000000001,64.44000000000001,Medium,45,1.0,1.0,0.0,Fair,34.0,34.0,,3.1588235294117655,TBD,Preseason
00-0039746,Will Shipley,RB,PHI,3.1399999999999992,0.09756097560975611,0.025925925925925897,5.0,1.0,3.1399999999999997,53.37999999999999,53.379999999999995,42.70399999999999,64.05599999999998,Low,70,1.0,1.0,0.0,Fair,35.0,35.0,,3.1399999999999992,TBD,Preseason
00-0037085,Tyler Badie,RB,DEN,3.1333333333333333,0.05515151515151515,-0.01240891613562425,3.0,1.0,3.1333333333333333,53.266666666666666,53.266666666666666,42.61333333333334,63.919999999999995,Low,70,1.0,1.0,0.0,Fair,35.0,35.0,,3.1333333333333333,TBD,Preseason
00-0033308,Matt Breida,RB,NYG,3.1266666666666665,0.062067548363732565,0.004163443196858117,15.0,1.0,3.1266666666666665,53.15333333333333,53.15333333333333,42.522666666666666,63.78399999999999,Medium,45,1.0,1.0,0.0,Fair,34.0,34.0,,3.1266666666666665,TBD,Preseason
00-0038640,Jalen Brooks,WR,DAL,3.1037037037037036,0.063983927377079,0.11970607419714348,15.0,2.0,2.975,52.76296296296296,50.575,42.21037037037037,63.31555555555555,Medium,45,1.0,1.0,0.0,Fair,33.0,33.0,,3.1037037037037036,TBD,Preseason
00-0036326,Chase Claypool,WR,MIA,3.1,0.10935704507133084,0.12614493939549112,7.0,1.0,1.65,52.7,28.049999999999997,42.160000000000004,63.24,Low,70,1.0,1.0,0.0,Fair,33.0,33.0,,3.1,TBD,Preseason
00-0036336,Anthony McFarland,RB,PIT,3.1,0.0444444444444444,0.0122324159021407,1.0,1.0,3.1,52.7,52.7,42.160000000000004,63.24,Low,70,1.0,1.0,0.0,Fair,34.0,34.0,,3.1,TBD,Preseason
00-0039650,Bryce Oliver,WR,TEN,3.1,0.06442558995969785,0.07571888969295522,5.0,1.0,3.1000000000000005,52.7,52.70000000000001,42.160000000000004,63.24,Low,70,1.0,1.0,0.0,Fair,33.0,33.0,,3.1,TBD,Preseason
00-0033217,Mo Alie-Cox,TE,IND,3.0945945945945943,0.06769116087929068,0.06517707669418657,25.0,2.0,2.725,52.608108108108105,46.325,42.086486486486486,63.129729729729725,Medium,45,1.0,1.0,0.0,Fair,44.0,44.0,,3.0945945945945943,TBD,Preseason
00-0036913,Kadarius Toney,WR,CLE,3.0705882352941174,0.0691084139546828,0.02470737514122493,15.0,2.0,-0.2,52.199999999999996,-3.4000000000000004,41.76,62.63999999999999,Medium,45,1.0,1.0,0.0,Fair,32.0,32.0,,3.0705882352941174,TBD,Preseason
00-0034681,Chase Edmonds,RB,TB,3.053846153846154,0.057934124086294315,-0.008892371960940488,13.0,1.0,3.053846153846154,51.91538461538462,51.91538461538462,41.5323076923077,62.29846153846154,Medium,45,1.0,1.0,0.0,Fair,33.0,33.0,,3.053846153846154,TBD,Preseason
00-0038389,Israel Abanikanda,RB,NYJ,3.0500000000000003,0.09704184704184698,0.015256621703387666,6.0,1.0,3.0500000000000003,51.85,51.85,41.480000000000004,62.22,Low,70,1.0,1.0,0.0,Fair,32.0,32.0,,3.0500000000000003,TBD,Preseason
00-0034419,Braxton Berrios,WR,MIA,3.047368421052632,0.06462387705517329,0.05909139090761734,16.0,2.0,0.0,51.80526315789474,0.0,41.4442105263158,62.166315789473686,Medium,45,1.0,1.0,0.0,Fair,32.0,32.0,,3.047368421052632,TBD,Preseason
00-0038558,Darnell Washington,TE,PIT,3.032352941176471,0.06484933976659471,0.03073094528357073,21.0,2.0,3.4615384615384617,51.550000000000004,58.84615384615385,41.24000000000001,61.86,Medium,45,1.0,1.0,0.0,Fair,43.0,43.0,,3.032352941176471,TBD,Preseason
00-0033576,Eric Saubert,TE,SF,3.0315789473684216,0.04939950626971294,0.03656116432555973,11.0,2.0,3.3375,51.53684210526317,56.7375,41.22947368421054,61.8442105263158,Low,70,1.0,1.0,0.0,Fair,42.0,42.0,,3.0315789473684216,TBD,Preseason
00-0035806,Jamycal Hasty,RB,NE,3.031578947368421,0.060007986427581206,0.008407437080650384,10.0,2.0,3.2,51.53684210526316,54.400000000000006,41.22947368421053,61.84421052631579,Low,70,1.0,1.0,0.0,Fair,32.0,32.0,,3.031578947368421,TBD,Preseason
00-0037617,Hassan Haskins,RB,LAC,2.9818181818181815,0.04583333333333335,0.013532763532763553,11.0,1.0,2.9818181818181815,50.69090909090909,50.69090909090909,40.552727272727275,60.8290909090909,Low,70,1.0,1.0,0.0,Fair,31.0,31.0,,2.9818181818181815,TBD,Preseason
00-0039530,Brevyn Spann-Ford,TE,DAL,2.966666666666667,0.05707031799511475,0.04976776336689279,6.0,1.0,2.966666666666667,50.43333333333334,50.43333333333334,40.34666666666667,60.52,Low,70,1.0,1.0,0.0,Fair,42.0,42.0,,2.966666666666667,TBD,Preseason
00-0027948,Blaine Gabbert,QB,KC,2.950000000000001,0.0,0.0,2.0,1.0,2.950000000000001,50.15000000000002,50.15000000000002,40.12000000000002,60.18000000000002,Low,70,1.0,1.0,0.0,Fair,20.0,20.0,,2.950000000000001,TBD,Preseason
00-0038576,Charlie Jones,WR,CIN,2.9499999999999997,0.05326443920896694,0.09009343859152295,5.0,2.0,1.5,50.15,25.5,40.120000000000005,60.17999999999999,Low,70,1.0,1.0,0.0,Fair,31.0,31.0,,2.9499999999999997,TBD,Preseason
00-0030578,Cordarrelle Patterson,RB,PIT,2.9447368421052635,0.06740036197336911,0.022667896814377794,25.0,2.0,2.8846153846153846,50.06052631578948,49.03846153846154,40.04842105263159,60.07263157894737,Medium,45,1.0,1.0,0.0,Fair,31.0,31.0,,2.9447368421052635,TBD,Preseason
00-0038821,Rakim Jarrett,WR,TB,2.9333333333333336,0.051702750352335174,0.0929808213799974,12.0,2.0,3.566666666666667,49.866666666666674,60.63333333333334,39.893333333333345,59.84,Medium,45,1.0,1.0,0.0,Fair,31.0,31.0,,2.9333333333333336,TBD,Preseason
00-0038583,Dorian Thompson-Robinson,QB,CLE,2.931578947368421,0.0,0.0,13.0,2.0,2.6333333333333333,49.83684210526316,44.766666666666666,39.86947368421053,59.804210526315785,Medium,45,1.0,1.0,0.0,Fair,19.0,19.0,,2.931578947368421,TBD,Preseason
00-0039355,Luke McCaffrey,WR,WAS,2.9000000000000004,0.06880630133249556,0.05923173496382538,12.0,1.0,2.9,49.300000000000004,49.3,39.440000000000005,59.160000000000004,Medium,45,1.0,1.0,0.0,Fair,31.0,31.0,,2.9000000000000004,TBD,Preseason
00-0037742,Treylon Burks,WR,TEN,2.8894736842105266,0.08885136104950349,0.17633830605214276,14.0,2.0,1.5,49.121052631578955,25.5,39.29684210526317,58.94526315789474,Medium,45,1.0,1.0,0.0,Fair,30.0,30.0,,2.8894736842105266,TBD,Preseason
00-0039074,Davis Allen,TE,LA,2.8312500000000003,0.06234836648346125,0.03080996300556329,10.0,2.0,1.6500000000000001,48.13125,28.05,38.505,57.7575,Low,70,1.0,1.0,0.0,Fair,41.0,41.0,,2.8312500000000003,TBD,Preseason
00-0032134,C.J. Uzomah,TE,NYJ,2.8285714285714287,0.047026696711570705,0.03324642895023277,7.0,1.0,2.8285714285714287,48.08571428571429,48.08571428571429,38.46857142857144,57.70285714285714,Low,70,1.0,1.0,0.0,Fair,40.0,40.0,,2.8285714285714287,TBD,Preseason
00-0036364,Lynn Bowden,WR,NO,2.8125,0.07120674715549018,0.03868942227902495,8.0,1.0,2.8125,47.8125,47.8125,38.25,57.375,Low,70,1.0,1.0,0.0,Fair,30.0,30.0,,2.8125,TBD,Preseason
00-0034487,Trent Sherfield,WR,MIN,2.8080000000000003,0.052191116475277945,0.042966458933576174,17.0,2.0,2.7875,47.736000000000004,47.3875,38.18880000000001,57.2832,Medium,45,1.0,1.0,0.0,Fair,30.0,30.0,,2.8080000000000003,TBD,Preseason
00-0038647,Ronnie Bell,WR,SF,2.8000000000000003,0.06362412288272955,0.08051235225035981,11.0,2.0,1.4000000000000001,47.6,23.8,38.080000000000005,57.12,Low,70,1.0,1.0,0.0,Fair,29.0,29.0,,2.8000000000000003,TBD,Preseason
00-0039811,MarShawn Lloyd,RB,GB,2.8,0.0769230769230769,-0.06172839506172839,1.0,1.0,2.8,47.599999999999994,47.599999999999994,38.08,57.11999999999999,Low,70,1.0,1.0,0.0,Fair,30.0,30.0,,2.8,TBD,Preseason
00-0032434,Brandon Allen,QB,SF,2.786666666666667,0.0,0.0,3.0,1.0,2.786666666666667,47.37333333333334,47.37333333333334,37.89866666666668,56.848000000000006,Low,70,1.0,1.0,0.0,Fair,18.0,18.0,,2.786666666666667,TBD,Preseason
00-0031585,MyCole Pruitt,TE,PIT,2.7619047619047623,0.051458610523368004,0.02541514847807134,15.0,2.0,2.6666666666666665,46.952380952380956,45.33333333333333,37.56190476190476,56.34285714285715,Medium,45,1.0,1.0,0.0,Fair,40.0,40.0,,2.7619047619047623,TBD,Preseason
00-0036482,Mike Strachan,WR,CAR,2.75,0.0486425339366516,0.1523037542662116,2.0,1.0,2.75,46.75,46.75,37.4,56.1,Low,70,1.0,1.0,0.0,Fair,29.0,29.0,,2.75,TBD,Preseason
00-0031428,Allen Robinson,WR,DET,2.7407407407407414,0.07987167361929576,0.08477484080496675,21.0,2.0,1.0,46.5925925925926,17.0,37.274074074074086,55.91111111111112,Medium,45,1.0,1.0,0.0,Fair,28.0,28.0,,2.7407407407407414,TBD,Preseason
00-0037292,Andrew Ogletree,TE,IND,2.734375,0.054418809397994615,0.06432670857826793,21.0,2.0,2.3545454545454545,46.484375,40.027272727272724,37.1875,55.78125,Medium,45,1.0,1.0,0.0,Fair,39.0,39.0,,2.734375,TBD,Preseason
00-0035628,D'Ernest Johnson,RB,JAX,2.7333333333333334,0.06398525105596749,-0.00022916598468589316,27.0,2.0,2.9916666666666667,46.46666666666667,50.858333333333334,37.17333333333334,55.76,Medium,45,1.0,1.0,0.0,Fair,29.0,29.0,,2.7333333333333334,TBD,Preseason
00-0034115,Jeffery Wilson,RB,MIA,2.717391304347826,0.05233155865919839,0.011681675098568555,16.0,2.0,1.5142857142857145,46.19565217391305,25.742857142857147,36.95652173913044,55.434782608695656,Medium,45,1.0,1.0,0.0,Fair,29.0,29.0,,2.717391304347826,TBD,Preseason
00-0037004,Hunter Long,TE,LA,2.7142857142857144,0.042407849934338784,0.019354255252999046,7.0,1.0,2.7142857142857144,46.142857142857146,46.142857142857146,36.91428571428572,55.371428571428574,Low,70,1.0,1.0,0.0,Fair,38.0,38.0,,2.7142857142857144,TBD,Preseason
00-0037300,Mike Woods,WR,CLE,2.7000000000000006,0.08581840294710946,0.13588188149725292,5.0,1.0,2.7,45.90000000000001,45.900000000000006,36.72000000000001,55.08000000000001,Low,70,1.0,1.0,0.0,Fair,28.0,28.0,,2.7000000000000006,TBD,Preseason
00-0038938,Jalin Hyatt,WR,NYG,2.6878787878787875,0.07615453273502924,0.20547262017668866,23.0,2.0,1.42,45.69393939393939,24.14,36.555151515151515,54.83272727272726,Medium,45,1.0,1.0,0.0,Fair,28.0,28.0,,2.6878787878787875,TBD,Preseason
00-0033893,Dalvin Cook,RB,DAL,2.6777777777777776,0.04955669441780553,-0.008265184801366232,16.0,2.0,2.0,45.52222222222222,34.0,36.41777777777778,54.62666666666666,Medium,45,1.0,1.0,0.0,Fair,28.0,28.0,,2.6777777777777776,TBD,Preseason
00-0034286,Richie James,WR,KC,2.6750000000000003,0.05042809190464785,0.06794381481102142,8.0,1.0,2.6750000000000003,45.475,45.475,36.38,54.57,Low,70,1.0,1.0,0.0,Fair,27.0,27.0,,2.6750000000000003,TBD,Preseason
00-0036862,Ben Skowronek,WR,PIT,2.6647058823529415,0.04625688714993343,0.04753137388310753,13.0,2.0,2.975,45.300000000000004,50.575,36.24,54.36000000000001,Medium,45,1.0,1.0,0.0,Fair,27.0,27.0,,2.6647058823529415,TBD,Preseason
00-0039623,Mason Tipton,WR,NO,2.6555555555555554,0.08930763984158345,0.13108087933589457,9.0,1.0,2.6555555555555554,45.144444444444446,45.144444444444446,36.11555555555556,54.17333333333333,Low,70,1.0,1.0,0.0,Fair,27.0,27.0,,2.6555555555555554,TBD,Preseason
00-0039359,Cade Stover,TE,HOU,2.6384615384615384,0.053830603133230515,0.034717055240007795,13.0,1.0,2.6384615384615384,44.853846153846156,44.853846153846156,35.88307692307693,53.824615384615385,Medium,45,1.0,1.0,0.0,Fair,38.0,38.0,,2.6384615384615384,TBD,Preseason
00-0037252,Greg Dulcich,TE,DEN,2.6375,0.10763933982683971,0.0834131146631146,5.0,2.0,2.6,44.837500000000006,44.2,35.870000000000005,53.80500000000001,Low,70,1.0,1.0,0.0,Fair,37.0,37.0,,2.6375,TBD,Preseason
00-0038104,Tyquan Thornton,WR,NE,2.623529411764706,0.08063645878342164,0.15326680538889184,13.0,2.0,2.175,44.6,36.974999999999994,35.68,53.52,Medium,45,1.0,1.0,0.0,Fair,26.0,26.0,,2.623529411764706,TBD,Preseason
00-0036955,Terrace Marshall,WR,LV,2.616666666666667,0.0715777678159914,0.07451837065783298,13.0,2.0,1.4200000000000002,44.48333333333334,24.140000000000004,35.58666666666667,53.38000000000001,Medium,45,1.0,1.0,0.0,Fair,26.0,26.0,,2.616666666666667,TBD,Preseason
00-0039410,Ryan Flournoy,WR,DAL,2.6000000000000005,0.05331668134976721,0.06107104868115371,7.0,1.0,2.6000000000000005,44.20000000000001,44.20000000000001,35.36000000000001,53.04000000000001,Low,70,1.0,1.0,0.0,Fair,26.0,26.0,,2.6000000000000005,TBD,Preseason
00-0032951,Laquon Treadwell,WR,BAL,2.6,0.115384615384615,0.23529411764705896,1.0,1.0,2.6,44.2,44.2,35.36000000000001,53.04,Low,70,1.0,1.0,0.0,Fair,25.0,25.0,,2.6,TBD,Preseason
00-0034353,Anthony Miller,WR,BAL,2.6,0.0625,0.0793650793650794,1.0,1.0,2.6,44.2,44.2,35.36000000000001,53.04,Low,70,1.0,1.0,0.0,Fair,25.0,25.0,,2.6,TBD,Preseason
00-0039451,Isaiah Williams,WR,DET,2.6,0.166666666666667,0.22388059701492502,1.0,1.0,2.6,44.2,44.2,35.36000000000001,53.04,Low,70,1.0,1.0,0.0,Fair,25.0,25.0,,2.6,TBD,Preseason
00-0038941,Tyler Scott,WR,CHI,2.5933333333333337,0.09061525858371894,0.1466488997127531,14.0,2.0,1.5,44.08666666666667,25.5,35.26933333333334,52.904,Medium,45,1.0,1.0,0.0,Fair,24.0,24.0,,2.5933333333333337,TBD,Preseason
00-0036510,Kenny Yeboah,TE,NYJ,2.585714285714286,0.04095804558719703,0.04023451627875849,8.0,2.0,2.6166666666666667,43.95714285714286,44.483333333333334,35.165714285714294,52.74857142857143,Low,70,1.0,1.0,0.0,Fair,36.0,36.0,,2.585714285714286,TBD,Preseason
00-0034798,Durham Smythe,TE,MIA,2.5692307692307694,0.058532356059592276,0.05011632948422017,26.0,2.0,1.1,43.67692307692308,18.700000000000003,34.941538461538464,52.4123076923077,Medium,45,1.0,1.0,0.0,Fair,35.0,35.0,,2.5692307692307694,TBD,Preseason
00-0039613,Dallin Holker,TE,NO,2.55,0.05459057071960295,0.0548686966931022,2.0,1.0,2.55,43.349999999999994,43.349999999999994,34.68,52.01999999999999,Low,70,1.0,1.0,0.0,Fair,35.0,35.0,,2.55,TBD,Preseason
00-0032141,Geoff Swaim,TE,CLE,2.533333333333333,0.04632159846260734,0.029446961546713092,8.0,2.0,1.7000000000000002,43.06666666666666,28.900000000000002,34.45333333333333,51.67999999999999,Low,70,1.0,1.0,0.0,Fair,34.0,34.0,,2.533333333333333,TBD,Preseason
00-0036387,Jalen Reagor,WR,LAC,2.5173913043478255,0.06760910857362254,0.09257362839427045,16.0,2.0,2.1,42.795652173913034,35.7,34.23652173913043,51.354782608695636,Medium,45,1.0,1.0,0.0,Fair,24.0,24.0,,2.5173913043478255,TBD,Preseason
00-0039907,Ja'Lynn Polk,WR,NE,2.5153846153846144,0.08664541394137357,0.15216118242454324,13.0,1.0,2.515384615384615,42.76153846153844,42.76153846153845,34.20923076923076,51.31384615384613,Medium,45,1.0,1.0,0.0,Fair,23.0,23.0,,2.5153846153846144,TBD,Preseason
00-0033439,Pharaoh Brown,TE,SEA,2.512,0.050441030197636065,0.04197320304414726,17.0,2.0,1.5625,42.704,26.5625,34.1632,51.2448,Medium,45,1.0,1.0,0.0,Fair,33.0,33.0,,2.512,TBD,Preseason
00-0034297,Byron Pringle,WR,WAS,2.5083333333333333,0.04629422184569245,0.08735883986722574,12.0,1.0,2.5083333333333333,42.641666666666666,42.641666666666666,34.11333333333334,51.169999999999995,Medium,45,1.0,1.0,0.0,Fair,23.0,23.0,,2.5083333333333333,TBD,Preseason
00-0039344,Jonathon Brooks,RB,CAR,2.5000000000000004,0.0731707317073171,-0.0199501246882793,3.0,1.0,2.5,42.50000000000001,42.5,34.00000000000001,51.00000000000001,Low,70,1.0,1.0,0.0,Fair,28.0,28.0,,2.5000000000000004,TBD,Preseason
00-0030874,Damien Williams,RB,ARI,2.4999999999999996,0.027046783625731,0.0013054830287206,3.0,1.0,2.4999999999999996,42.49999999999999,42.49999999999999,33.99999999999999,50.99999999999999,Low,70,1.0,1.0,0.0,Fair,27.0,27.0,,2.4999999999999996,TBD,Preseason
00-0032128,Chris Conley,WR,SF,2.4733333333333336,0.06542591936140324,0.11879489437386054,8.0,2.0,1.9428571428571428,42.046666666666674,33.028571428571425,33.63733333333334,50.45600000000001,Low,70,1.0,1.0,0.0,Fair,23.0,23.0,,2.4733333333333336,TBD,Preseason
00-0026625,Brian Hoyer,QB,LV,2.47,0.0,0.0,2.0,1.0,2.47,41.99,41.99,33.592000000000006,50.388,Low,70,1.0,1.0,0.0,Fair,17.0,17.0,,2.47,TBD,Preseason
00-0035934,Trishton Jackson,WR,MIN,2.45,0.05448504983388705,0.0361450240473548,2.0,1.0,2.45,41.650000000000006,41.650000000000006,33.32000000000001,49.980000000000004,Low,70,1.0,1.0,0.0,Fair,22.0,22.0,,2.45,TBD,Preseason
00-0037805,Jeremy Ruckert,TE,NYJ,2.4472222222222224,0.06651351985504662,0.03996877065912085,23.0,2.0,2.1923076923076925,41.60277777777778,37.269230769230774,33.282222222222224,49.92333333333334,Medium,45,1.0,1.0,0.0,Fair,33.0,33.0,,2.4472222222222224,TBD,Preseason
00-0038710,Blake Whiteheart,TE,CLE,2.442857142857143,0.037166681138529355,0.04514564785158694,7.0,1.0,2.442857142857143,41.52857142857143,41.52857142857143,33.222857142857144,49.83428571428572,Low,70,1.0,1.0,0.0,Fair,32.0,32.0,,2.442857142857143,TBD,Preseason
00-0037487,Deven Thompkins,WR,CAR,2.4149999999999996,0.07167150423259538,0.027792327057912403,16.0,2.0,1.675,41.05499999999999,28.475,32.843999999999994,49.26599999999999,Medium,45,1.0,1.0,0.0,Fair,22.0,22.0,,2.4149999999999996,TBD,Preseason
00-0038622,Deuce Vaughn,RB,DAL,2.4125000000000005,0.035911285809659785,-0.0019314959594632993,11.0,2.0,2.3600000000000003,41.01250000000001,40.120000000000005,32.81000000000001,49.21500000000001,Low,70,1.0,1.0,0.0,Fair,27.0,27.0,,2.4125000000000005,TBD,Preseason
00-0037282,James Mitchell,TE,DET,2.4000000000000004,0.0317540322580645,0.0321530022529141,2.0,1.0,2.4000000000000004,40.800000000000004,40.800000000000004,32.64000000000001,48.96,Low,70,1.0,1.0,0.0,Fair,31.0,31.0,,2.4000000000000004,TBD,Preseason
00-0037311,Ko Kieft,TE,TB,2.4,0.055089931885908903,0.08261189634864546,3.0,1.0,2.4,40.8,40.8,32.64,48.959999999999994,Low,70,1.0,1.0,0.0,Fair,31.0,31.0,,2.4,TBD,Preseason
00-0039738,Blake Corum,RB,LA,2.392857142857143,0.04196381867950488,-0.002415271023622933,14.0,1.0,2.392857142857143,40.67857142857143,40.67857142857143,32.542857142857144,48.81428571428572,Medium,45,1.0,1.0,0.0,Fair,26.0,26.0,,2.392857142857143,TBD,Preseason
00-0037429,Raheem Blackshear,RB,CAR,2.392307692307692,0.022833606851633426,0.004570980801880629,10.0,2.0,2.6666666666666665,40.66923076923076,45.33333333333333,32.53538461538461,48.80307692307691,Low,70,1.0,1.0,0.0,Fair,25.0,25.0,,2.392307692307692,TBD,Preseason
00-0036233,Donovan Peoples-Jones,WR,DET,2.3750000000000004,0.0628109224604922,0.08669703500730473,12.0,1.0,1.8,40.37500000000001,30.6,32.300000000000004,48.45000000000001,Medium,45,1.0,1.0,0.0,Fair,22.0,22.0,,2.3750000000000004,TBD,Preseason
00-0031763,DeAndre Carter,WR,CHI,2.3388888888888886,0.060068230644667556,0.061654657623000854,13.0,2.0,3.2399999999999998,39.761111111111106,55.08,31.808888888888887,47.713333333333324,Medium,45,1.0,1.0,0.0,Fair,21.0,21.0,,2.3388888888888886,TBD,Preseason
00-0036332,Josiah Deguara,TE,JAX,2.33,0.043355074945338606,0.010547190831782361,7.0,2.0,1.4666666666666668,39.61,24.933333333333337,31.688000000000002,47.532,Low,70,1.0,1.0,0.0,Fair,30.0,30.0,,2.33,TBD,Preseason
00-0031484,Chris Manhertz,TE,NYG,2.3000000000000003,0.036624284469112076,0.015638167678984592,8.0,2.0,3.0,39.1,51.0,31.28,46.92,Low,70,1.0,1.0,0.0,Fair,29.0,29.0,,2.3000000000000003,TBD,Preseason
00-0035184,Devine Ozigbo,RB,DET,2.3,0.024390243902439,0.0105263157894737,1.0,1.0,2.3,39.099999999999994,39.099999999999994,31.279999999999998,46.919999999999995,Low,70,1.0,1.0,0.0,Fair,25.0,25.0,,2.3,TBD,Preseason
00-0037348,Tanner Conner,WR,MIA,2.3,0.07987711213517665,0.11869470970765704,2.0,1.0,2.3,39.099999999999994,39.099999999999994,31.279999999999998,46.919999999999995,Low,70,1.0,1.0,0.0,Fair,21.0,21.0,,2.3,TBD,Preseason
00-0033466,Isaiah McKenzie,WR,IND,2.288888888888889,0.08306254677222422,0.04156362858031654,9.0,1.0,2.288888888888889,38.91111111111112,38.91111111111112,31.128888888888895,46.69333333333334,Low,70,1.0,1.0,0.0,Fair,20.0,20.0,,2.288888888888889,TBD,Preseason
00-0036887,Luke Farrell,TE,JAX,2.272413793103448,0.053285924625580926,0.028265720207384673,19.0,2.0,1.8699999999999999,38.631034482758615,31.79,30.904827586206892,46.35724137931034,Medium,45,1.0,1.0,0.0,Fair,28.0,28.0,,2.272413793103448,TBD,Preseason
00-0034279,Equanimeous St. Brown,WR,CHI,2.2399999999999998,0.05118181818181818,0.05226980917968954,5.0,1.0,2.2399999999999998,38.08,38.08,30.464,45.696,Low,70,1.0,1.0,0.0,Fair,20.0,20.0,,2.2399999999999998,TBD,Preseason
00-0035976,Dan Chisena,WR,CAR,2.2333333333333334,0.05105937423010593,0.050455799620270934,3.0,1.0,2.2333333333333334,37.96666666666667,37.96666666666667,30.373333333333335,45.56,Low,70,1.0,1.0,0.0,Fair,20.0,20.0,,2.2333333333333334,TBD,Preseason
00-0036497,Tim Jones,WR,JAX,2.233333333333333,0.057332270394392,0.05889242307094108,12.0,2.0,2.3666666666666667,37.96666666666666,40.233333333333334,30.37333333333333,45.559999999999995,Medium,45,1.0,1.0,0.0,Fair,19.0,19.0,,2.233333333333333,TBD,Preseason
00-0037098,Samori Toure,WR,GB,2.225,0.07054853965014435,0.1399807686658058,8.0,1.0,2.225,37.825,37.825,30.260000000000005,45.39,Low,70,1.0,1.0,0.0,Fair,19.0,19.0,,2.225,TBD,Preseason
00-0024243,Marcedes Lewis,TE,CHI,2.185714285714285,0.03784599645731582,0.018443541559366953,6.0,2.0,1.2,37.157142857142844,20.4,29.725714285714275,44.58857142857141,Low,70,1.0,1.0,0.0,Fair,28.0,28.0,,2.185714285714285,TBD,Preseason
00-0036268,Laviska Shenault Jr.,WR,SEA,2.1611111111111105,0.04020872527661671,-0.011139227888911007,13.0,2.0,1.7399999999999998,36.73888888888888,29.579999999999995,29.391111111111105,44.08666666666665,Medium,45,1.0,1.0,0.0,Fair,19.0,19.0,,2.1611111111111105,TBD,Preseason
00-0035021,Ashton Dulin,WR,IND,2.1333333333333333,0.05242585256450566,0.0857461938189062,9.0,1.0,2.1333333333333333,36.266666666666666,36.266666666666666,29.013333333333335,43.519999999999996,Low,70,1.0,1.0,0.0,Fair,18.0,18.0,,2.1333333333333333,TBD,Preseason
00-0036096,J.J. Taylor,RB,HOU,2.1333333333333333,0.0360763267740012,-0.01011047666335645,3.0,1.0,2.1333333333333333,36.266666666666666,36.266666666666666,29.013333333333335,43.519999999999996,Low,70,1.0,1.0,0.0,Fair,24.0,24.0,,2.1333333333333333,TBD,Preseason
00-0038045,Isaiah Spiller,RB,LAC,2.111111111111111,0.04873829421526791,-0.004345085648895975,9.0,1.0,2.111111111111111,35.88888888888889,35.88888888888889,28.711111111111116,43.06666666666667,Low,70,1.0,1.0,0.0,Fair,24.0,24.0,,2.111111111111111,TBD,Preseason
00-0034317,Keith Kirkwood,WR,NO,2.1,0.03870313235859456,0.0421154902836529,7.0,1.0,2.1,35.7,35.7,28.560000000000002,42.84,Low,70,1.0,1.0,0.0,Fair,18.0,18.0,,2.1,TBD,Preseason
00-0036670,Jermar Jefferson,RB,DET,2.1,0.03125,0.0,2.0,1.0,2.1,35.7,35.7,28.560000000000002,42.84,Low,70,1.0,1.0,0.0,Fair,23.0,23.0,,2.1,TBD,Preseason
00-0036857,Chris Evans,RB,CIN,2.1,0.032258064516129,-0.0042372881355932,1.0,1.0,2.1,35.7,35.7,28.560000000000002,42.84,Low,70,1.0,1.0,0.0,Fair,23.0,23.0,,2.1,TBD,Preseason
00-0038394,Will Mallory,TE,IND,2.1,0.051465323709073106,0.05218478916751506,18.0,2.0,0.9857142857142858,35.7,16.75714285714286,28.560000000000002,42.84,Medium,45,1.0,1.0,0.0,Fair,27.0,27.0,,2.1,TBD,Preseason
00-0038359,Xavier Smith,WR,LA,2.066666666666667,0.0444444444444444,0.0027247956403269,3.0,1.0,2.066666666666667,35.13333333333334,35.13333333333334,28.106666666666673,42.160000000000004,Low,70,1.0,1.0,0.0,Fair,18.0,18.0,,2.066666666666667,TBD,Preseason
00-0038396,Eric Gray,RB,NYG,2.0640000000000005,0.05025872414820795,-0.016243056122594322,15.0,2.0,1.9300000000000002,35.08800000000001,32.81,28.070400000000006,42.10560000000001,Medium,45,1.0,1.0,0.0,Fair,22.0,22.0,,2.0640000000000005,TBD,Preseason
00-0039874,Jaylen Wright,RB,MIA,2.053846153846154,0.041964285714285725,-0.005127865752429199,13.0,1.0,2.053846153846154,34.91538461538462,34.91538461538462,27.932307692307695,41.89846153846154,Medium,45,1.0,1.0,0.0,Fair,21.0,21.0,,2.053846153846154,TBD,Preseason
00-0036438,Stephen Sullivan,TE,CAR,2.041666666666667,0.07279837254336319,0.09186440866307766,11.0,2.0,0.0,34.708333333333336,0.0,27.76666666666667,41.65,Low,70,1.0,1.0,0.0,Fair,26.0,26.0,,2.041666666666667,TBD,Preseason
00-0038809,Ben Sims,TE,GB,2.035714285714286,0.039557329546321386,0.03512158275347065,10.0,2.0,2.0500000000000003,34.60714285714286,34.85,27.68571428571429,41.52857142857143,Low,70,1.0,1.0,0.0,Fair,26.0,26.0,,2.035714285714286,TBD,Preseason
00-0039364,Sione Vaki,RB,DET,2.025,0.04068396226415095,0.0252923976608187,4.0,1.0,2.025,34.425,34.425,27.54,41.309999999999995,Low,70,1.0,1.0,0.0,Fair,21.0,21.0,,2.025,TBD,Preseason
00-0033757,Robert Tonyan,TE,CHI,2.018181818181818,0.05638334785073913,0.05042100354108101,11.0,1.0,2.018181818181818,34.309090909090905,34.309090909090905,27.447272727272725,41.170909090909085,Low,70,1.0,1.0,0.0,Fair,25.0,25.0,,2.018181818181818,TBD,Preseason
00-0036493,Deon Jackson,RB,NYG,2.0000000000000004,0.076923076923077,-0.013761467889908249,2.0,1.0,0.2,34.00000000000001,3.4000000000000004,27.200000000000006,40.800000000000004,Low,70,1.0,1.0,0.0,Fair,20.0,20.0,,2.0000000000000004,TBD,Preseason
00-0033856,Leonard Fournette,RB,BUF,2.0,0.0,0.0,2.0,1.0,2.0,34.0,34.0,27.200000000000003,40.8,Low,70,1.0,1.0,0.0,Fair,19.0,19.0,,2.0,TBD,Preseason
00-0035164,Cody Thompson,WR,SEA,2.0,0.0384615384615385,0.046875,1.0,1.0,2.0,34.0,34.0,27.200000000000003,40.8,Low,70,1.0,1.0,0.0,Fair,17.0,17.0,,2.0,TBD,Preseason
00-0037299,Keaontay Ingram,RB,ARI,2.0,0.04267613478139793,-0.011472608506869932,7.0,1.0,2.0,34.0,34.0,27.200000000000003,40.8,Low,70,1.0,1.0,0.0,Fair,19.0,19.0,,2.0,TBD,Preseason
00-0039325,Carson Steele,RB,KC,1.9916666666666667,0.06612175336084247,-0.01768441269244485,12.0,1.0,1.9916666666666665,33.858333333333334,33.85833333333333,27.08666666666667,40.63,Medium,45,1.0,1.0,0.0,Fair,18.0,18.0,,1.9916666666666667,TBD,Preseason
00-0039631,Cam Grandy,TE,CIN,1.9500000000000004,0.029452167340366077,0.013408224335792075,4.0,1.0,1.9500000000000002,33.150000000000006,33.150000000000006,26.520000000000007,39.78000000000001,Low,70,1.0,1.0,0.0,Fair,24.0,24.0,,1.9500000000000004,TBD,Preseason
00-0039737,Tip Reiman,TE,ARI,1.9400000000000002,0.0439358260617786,0.011238661590779681,5.0,1.0,1.94,32.980000000000004,32.98,26.384000000000004,39.576,Low,70,1.0,1.0,0.0,Fair,24.0,24.0,,1.9400000000000002,TBD,Preseason
00-0032062,Blake Bell,TE,KC,1.9333333333333333,0.04250588297055916,0.020366939743965168,6.0,1.0,1.9333333333333333,32.86666666666667,32.86666666666667,26.293333333333337,39.44,Low,70,1.0,1.0,0.0,Fair,23.0,23.0,,1.9333333333333333,TBD,Preseason
00-0036425,DeeJay Dallas,RB,ARI,1.9181818181818182,0.03266100406526904,-0.006362105513372843,16.0,2.0,2.5,32.60909090909091,42.5,26.08727272727273,39.13090909090909,Medium,45,1.0,1.0,0.0,Fair,18.0,18.0,,1.9181818181818182,TBD,Preseason
00-0038998,Jake Haener,QB,NO,1.905,0.0,0.0,8.0,1.0,1.905,32.385,32.385,25.908,38.861999999999995,Low,70,1.0,1.0,0.0,Fair,16.0,16.0,,1.905,TBD,Preseason
00-0037594,Julius Chestnut,RB,TEN,1.9000000000000001,0.03321637426900583,0.0004858182419581666,7.0,1.0,1.9000000000000001,32.300000000000004,32.300000000000004,25.840000000000003,38.760000000000005,Low,70,1.0,1.0,0.0,Fair,17.0,17.0,,1.9000000000000001,TBD,Preseason
00-0039703,Cody Schrader,RB,LA,1.9000000000000004,0.025,0.0,1.0,1.0,1.9000000000000001,32.300000000000004,32.300000000000004,25.840000000000003,38.760000000000005,Low,70,1.0,1.0,0.0,Fair,17.0,17.0,,1.9000000000000004,TBD,Preseason
00-0037422,Kendric Pryor,WR,CIN,1.9,0.027027027027027,0.0430622009569378,1.0,1.0,1.9,32.3,32.3,25.84,38.76,Low,70,1.0,1.0,0.0,Fair,17.0,17.0,,1.9,TBD,Preseason
00-0038720,Julian Hill,TE,MIA,1.8857142857142861,0.05028718583614766,0.0441835646017546,17.0,2.0,2.0,32.057142857142864,34.0,25.64571428571429,38.46857142857144,Medium,45,1.0,1.0,0.0,Fair,22.0,22.0,,1.8857142857142861,TBD,Preseason
00-0028002,Randall Cobb,WR,NYJ,1.8777777777777773,0.06377277043943716,0.0800073676388063,9.0,1.0,1.8777777777777775,31.922222222222214,31.922222222222217,25.537777777777773,38.30666666666666,Low,70,1.0,1.0,0.0,Fair,16.0,16.0,,1.8777777777777773,TBD,Preseason
00-0037569,Peyton Hendershot,TE,KC,1.8666666666666667,0.04304671271298399,0.025593959683008996,11.0,2.0,2.525,31.733333333333334,42.925,25.38666666666667,38.08,Low,70,1.0,1.0,0.0,Fair,22.0,22.0,,1.8666666666666667,TBD,Preseason
00-0036628,John Bates,TE,WAS,1.8500000000000005,0.0478626254913513,0.03708277377121733,24.0,2.0,1.44,31.45000000000001,24.48,25.16000000000001,37.74000000000001,Medium,45,1.0,1.0,0.0,Fair,21.0,21.0,,1.8500000000000005,TBD,Preseason
00-0036176,Mason Kinsey,WR,TEN,1.8,0.030932022932022924,0.02896616085491772,3.0,2.0,1.85,30.6,31.450000000000003,24.480000000000004,36.72,Low,70,1.0,1.0,0.0,Fair,16.0,16.0,,1.8,TBD,Preseason
00-0034414,Boston Scott,RB,PHI,1.78,0.02916456928084835,0.014593078657834433,10.0,1.0,1.78,30.26,30.26,24.208000000000002,36.312,Low,70,1.0,1.0,0.0,Fair,16.0,16.0,,1.78,TBD,Preseason
00-0038618,Xavier Hutchinson,WR,HOU,1.776923076923077,0.06180876172248504,0.07270934802354673,25.0,2.0,1.6928571428571428,30.20769230769231,28.77857142857143,24.166153846153847,36.24923076923077,Medium,45,1.0,1.0,0.0,Fair,16.0,16.0,,1.776923076923077,TBD,Preseason
00-0037277,Teagan Quitoriano,TE,HOU,1.7666666666666668,0.029662857524726038,0.018068622025456536,3.0,1.0,1.7666666666666668,30.033333333333335,30.033333333333335,24.02666666666667,36.04,Low,70,1.0,1.0,0.0,Fair,20.0,20.0,,1.7666666666666668,TBD,Preseason
00-0036331,Devin Duvernay,WR,JAX,1.7576923076923077,0.06535810855228585,0.07503944716379018,16.0,2.0,1.92,29.880769230769232,32.64,23.904615384615386,35.856923076923074,Medium,45,1.0,1.0,0.0,Fair,15.0,15.0,,1.7576923076923077,TBD,Preseason
00-0030663,Willie Snead,WR,SF,1.7000000000000002,0.04653679653679655,0.0377013461987394,2.0,1.0,1.7,28.900000000000002,28.9,23.120000000000005,34.68,Low,70,1.0,1.0,0.0,Fair,15.0,15.0,,1.7000000000000002,TBD,Preseason
00-0036620,D'Wayne Eskridge,WR,MIA,1.7000000000000002,0.031047601081556932,0.0328361637596298,6.0,2.0,2.466666666666667,28.900000000000002,41.93333333333334,23.120000000000005,34.68,Low,70,1.0,1.0,0.0,Fair,15.0,15.0,,1.7000000000000002,TBD,Preseason
00-0038397,Evan Hull,RB,IND,1.7000000000000002,0.0256410256410256,0.0137614678899083,1.0,1.0,1.7000000000000002,28.900000000000002,28.900000000000002,23.120000000000005,34.68,Low,70,1.0,1.0,0.0,Fair,16.0,16.0,,1.7000000000000002,TBD,Preseason
00-0038920,John Samuel Shenker,TE,LV,1.7000000000000002,0.037037037037037,0.029197080291970802,1.0,1.0,1.7000000000000002,28.900000000000002,28.900000000000002,23.120000000000005,34.68,Low,70,1.0,1.0,0.0,Fair,19.0,19.0,,1.7000000000000002,TBD,Preseason
00-0039824,Jared Wiley,TE,KC,1.7000000000000002,0.0434782608695652,0.0454545454545455,1.0,1.0,1.7000000000000002,28.900000000000002,28.900000000000002,23.120000000000005,34.68,Low,70,1.0,1.0,0.0,Fair,19.0,19.0,,1.7000000000000002,TBD,Preseason
00-0036133,James Proche,WR,CLE,1.7,0.06030968468468471,0.07193043765058914,4.0,2.0,2.55,28.9,43.349999999999994,23.12,34.68,Low,70,1.0,1.0,0.0,Fair,14.0,14.0,,1.7,TBD,Preseason
00-0035480,Malik Taylor,WR,NYJ,1.6500000000000001,0.0478603603603604,0.129794590543671,2.0,1.0,1.6500000000000001,28.05,28.05,22.44,33.66,Low,70,1.0,1.0,0.0,Fair,14.0,14.0,,1.6500000000000001,TBD,Preseason
00-0039757,Terrell Jennings,RB,NE,1.65,0.0357142857142857,0.102112676056338,2.0,1.0,1.65,28.049999999999997,28.049999999999997,22.439999999999998,33.66,Low,70,1.0,1.0,0.0,Fair,15.0,15.0,,1.65,TBD,Preseason
00-0039236,Johnny Wilson,WR,PHI,1.6444444444444448,0.05588433688459723,0.08277166510791742,9.0,1.0,1.6444444444444446,27.955555555555563,27.95555555555556,22.36444444444445,33.546666666666674,Low,70,1.0,1.0,0.0,Fair,14.0,14.0,,1.6444444444444448,TBD,Preseason
00-0036741,Jack Stoll,TE,PHI,1.6444444444444444,0.058524279021770195,0.023055371637535835,7.0,2.0,1.5,27.955555555555556,25.5,22.364444444444445,33.54666666666667,Low,70,1.0,1.0,0.0,Fair,18.0,18.0,,1.6444444444444444,TBD,Preseason
00-0029293,Marvin Jones,WR,DET,1.625,0.08075033875338752,0.0988914962150283,4.0,1.0,1.625,27.625,27.625,22.1,33.15,Low,70,1.0,1.0,0.0,Fair,13.0,13.0,,1.625,TBD,Preseason
00-0035771,Mitchell Wilcox,TE,CIN,1.6222222222222222,0.03802006061395183,0.002174521652813555,9.0,1.0,1.6222222222222222,27.57777777777778,27.57777777777778,22.062222222222225,33.093333333333334,Low,70,1.0,1.0,0.0,Fair,17.0,17.0,,1.6222222222222222,TBD,Preseason
00-0037216,Justyn Ross,WR,KC,1.6142857142857145,0.05270563357190785,0.10031132889612797,6.0,2.0,0.0,27.442857142857147,0.0,21.954285714285717,32.931428571428576,Low,70,1.0,1.0,0.0,Fair,13.0,13.0,,1.6142857142857145,TBD,Preseason
00-0033460,John Ross,WR,PHI,1.6,0.0689655172413793,0.185770750988142,1.0,1.0,1.6,27.200000000000003,27.200000000000003,21.760000000000005,32.64,Low,70,1.0,1.0,0.0,Fair,12.0,12.0,,1.6,TBD,Preseason
00-0036877,Jaelon Darden,WR,CLE,1.6,0.0434782608695652,-0.0230769230769231,1.0,1.0,1.6,27.200000000000003,27.200000000000003,21.760000000000005,32.64,Low,70,1.0,1.0,0.0,Fair,12.0,12.0,,1.6,TBD,Preseason
00-0037506,Cole Fotheringham,TE,LV,1.6,0.052631578947368404,0.006535947712418299,1.0,1.0,1.6,27.200000000000003,27.200000000000003,21.760000000000005,32.64,Low,70,1.0,1.0,0.0,Fair,17.0,17.0,,1.6,TBD,Preseason
00-0039393,Jase McClellan,RB,ATL,1.6,0.0,0.0,2.0,1.0,1.6,27.200000000000003,27.200000000000003,21.760000000000005,32.64,Low,70,1.0,1.0,0.0,Fair,14.0,14.0,,1.6,TBD,Preseason
00-0034750,Rashaad Penny,RB,PHI,1.5999999999999999,0.0454545454545455,-0.0048309178743961,3.0,1.0,1.5999999999999999,27.2,27.2,21.76,32.64,Low,70,1.0,1.0,0.0,Fair,14.0,14.0,,1.5999999999999999,TBD,Preseason
00-0037654,Tucker Fisk,TE,LAC,1.58,0.03739098486376164,0.009831816933466068,8.0,2.0,1.5571428571428572,26.86,26.47142857142857,21.488,32.232,Low,70,1.0,1.0,0.0,Fair,16.0,16.0,,1.58,TBD,Preseason
00-0037157,Bam Knight,RB,DET,1.55,0.037037037037037,-0.0301204819277108,2.0,1.0,1.55,26.35,26.35,21.080000000000002,31.62,Low,70,1.0,1.0,0.0,Fair,13.0,13.0,,1.55,TBD,Preseason
00-0033118,Kenyan Drake,RB,GB,1.5499999999999998,0.05,-0.01063829787234045,2.0,1.0,0.0,26.349999999999998,0.0,21.08,31.619999999999997,Low,70,1.0,1.0,0.0,Fair,13.0,13.0,,1.5499999999999998,TBD,Preseason
00-0038507,Grant DuBose,WR,MIA,1.5499999999999998,0.053361053361053346,0.07204777141156331,2.0,1.0,1.5499999999999998,26.349999999999998,26.349999999999998,21.08,31.619999999999997,Low,70,1.0,1.0,0.0,Fair,12.0,12.0,,1.5499999999999998,TBD,Preseason
00-0036429,Charlie Woerner,TE,ATL,1.5473684210526317,0.058023193859036315,0.02301505840656029,11.0,2.0,1.45,26.30526315789474,24.65,21.044210526315794,31.566315789473684,Low,70,1.0,1.0,0.0,Fair,15.0,15.0,,1.5473684210526317,TBD,Preseason
00-0037306,John FitzPatrick,TE,GB,1.5333333333333334,0.0401069518716578,0.008048195589869534,2.0,2.0,1.2,26.06666666666667,20.4,20.85333333333334,31.28,Low,70,1.0,1.0,0.0,Fair,15.0,15.0,,1.5333333333333334,TBD,Preseason
00-0034208,Mike Boone,RB,CAR,1.4764705882352944,0.059633998702236166,-0.011769385779110722,12.0,2.0,1.1800000000000002,25.100000000000005,20.060000000000002,20.080000000000005,30.120000000000005,Medium,45,1.0,1.0,0.0,Fair,12.0,12.0,,1.4764705882352944,TBD,Preseason
00-0039920,Malachi Corley,WR,NYJ,1.4400000000000002,0.04555078919870211,0.056326727177745874,5.0,1.0,1.44,24.480000000000004,24.48,19.584000000000003,29.376000000000005,Low,70,1.0,1.0,0.0,Fair,11.0,11.0,,1.4400000000000002,TBD,Preseason
00-0033296,Alex Armah,RB,WAS,1.4333333333333333,0.02637721755368813,-0.020899676016946835,3.0,1.0,1.4333333333333333,24.366666666666667,24.366666666666667,19.493333333333336,29.24,Low,70,1.0,1.0,0.0,Fair,12.0,12.0,,1.4333333333333333,TBD,Preseason
00-0035594,Travis Homer,RB,CHI,1.422222222222222,0.1149425287356322,-0.0041329739442947325,5.0,2.0,1.5999999999999999,24.177777777777774,27.2,19.34222222222222,29.01333333333333,Low,70,1.0,1.0,0.0,Fair,11.0,11.0,,1.422222222222222,TBD,Preseason
00-0032200,Ty Montgomery,WR,NE,1.4142857142857144,0.05769165124003831,0.0467694659613165,7.0,1.0,1.4142857142857144,24.042857142857144,24.042857142857144,19.23428571428572,28.85142857142857,Low,70,1.0,1.0,0.0,Fair,11.0,11.0,,1.4142857142857144,TBD,Preseason
00-0034928,Steven Sims,WR,HOU,1.4,0.0205108359133127,-0.0018796992481202998,3.0,2.0,0.0,23.799999999999997,0.0,19.04,28.559999999999995,Low,70,1.0,1.0,0.0,Fair,11.0,11.0,,1.4,TBD,Preseason
00-0035562,Jesper Horsted,TE,LV,1.4,0.0222222222222222,0.0061919504643962,1.0,1.0,1.4,23.799999999999997,23.799999999999997,19.04,28.559999999999995,Low,70,1.0,1.0,0.0,Fair,14.0,14.0,,1.4,TBD,Preseason
00-0030068,Marquise Goodwin,WR,CLE,1.3999999999999997,0.04794223222568899,0.16032251208631979,10.0,1.0,1.4,23.799999999999994,23.799999999999997,19.039999999999996,28.55999999999999,Low,70,1.0,1.0,0.0,Fair,10.0,10.0,,1.3999999999999997,TBD,Preseason
00-0034365,Ian Thomas,TE,CAR,1.3846153846153848,0.06214603399021341,0.05309375857810127,10.0,2.0,1.2333333333333334,23.53846153846154,20.96666666666667,18.83076923076923,28.24615384615385,Low,70,1.0,1.0,0.0,Fair,13.0,13.0,,1.3846153846153848,TBD,Preseason
00-0036463,Chris Blair,WR,ATL,1.35,0.03351648351648355,0.0763424146913635,2.0,1.0,1.35,22.950000000000003,22.950000000000003,18.360000000000003,27.540000000000003,Low,70,1.0,1.0,0.0,Fair,10.0,10.0,,1.35,TBD,Preseason
00-0039420,Jaheim Bell,TE,NE,1.3333333333333333,0.029460779460779435,0.0296340613242022,3.0,1.0,1.3333333333333333,22.666666666666664,22.666666666666664,18.133333333333333,27.199999999999996,Low,70,1.0,1.0,0.0,Fair,12.0,12.0,,1.3333333333333333,TBD,Preseason
00-0035715,Derrick Gore,RB,WAS,1.3000000000000003,0.0,0.0,2.0,1.0,1.3000000000000003,22.100000000000005,22.100000000000005,17.680000000000003,26.520000000000007,Low,70,1.0,1.0,0.0,Fair,10.0,10.0,,1.3000000000000003,TBD,Preseason
00-0034073,Ross Dwelley,TE,ATL,1.3,0.03627873563218395,0.019826977401129927,3.0,2.0,1.5,22.1,25.5,17.680000000000003,26.52,Low,70,1.0,1.0,0.0,Fair,12.0,12.0,,1.3,TBD,Preseason
00-0037745,Velus Jones,RB,CHI,1.207142857142857,0.034149514565556566,0.02581509947636391,12.0,2.0,2.9000000000000004,20.52142857142857,49.300000000000004,16.417142857142856,24.62571428571428,Medium,45,1.0,1.0,0.0,Fair,10.0,10.0,,1.207142857142857,TBD,Preseason
00-0039394,Casey Washington,WR,ATL,1.2000000000000002,0.03113026819923375,0.07564044507698266,2.0,1.0,1.2000000000000002,20.400000000000002,20.400000000000002,16.320000000000004,24.48,Low,70,1.0,1.0,0.0,Fair,9.0,9.0,,1.2000000000000002,TBD,Preseason
00-0035956,Giovanni Ricci,TE,CAR,1.2,0.032258064516129,-0.0043859649122807,1.0,1.0,1.2,20.4,20.4,16.32,24.479999999999997,Low,70,1.0,1.0,0.0,Fair,11.0,11.0,,1.2,TBD,Preseason
00-0037420,Kwamie Lassiter,WR,CIN,1.2,0.0227272727272727,-0.0033557046979864995,1.0,1.0,1.2,20.4,20.4,16.32,24.479999999999997,Low,70,1.0,1.0,0.0,Fair,9.0,9.0,,1.2,TBD,Preseason
00-0035703,Miles Boykin,WR,PIT,1.175,0.0353058954393771,0.0239608385378669,4.0,1.0,1.175,19.975,19.975,15.980000000000002,23.970000000000002,Low,70,1.0,1.0,0.0,Fair,9.0,9.0,,1.175,TBD,Preseason
00-0037827,Tyrion Davis-Price,RB,PHI,1.1666666666666667,0.0,0.0,2.0,2.0,0.7000000000000001,19.833333333333336,11.9,15.866666666666669,23.8,Low,70,1.0,1.0,0.0,Fair,9.0,9.0,,1.1666666666666667,TBD,Preseason
00-0035924,Jonathan Ward,RB,PIT,1.1,0.0,0.0,3.0,2.0,1.1,18.700000000000003,18.700000000000003,14.960000000000003,22.44,Low,70,1.0,1.0,0.0,Fair,8.0,8.0,,1.1,TBD,Preseason
00-0037450,Tyreik McAllister,RB,LV,1.1,0.0,0.0,1.0,1.0,1.1,18.700000000000003,18.700000000000003,14.960000000000003,22.44,Low,70,1.0,1.0,0.0,Fair,8.0,8.0,,1.1,TBD,Preseason
00-0035291,Trayveon Williams,RB,CIN,1.0642857142857143,0.04042403248924987,-0.01988118750019455,14.0,1.0,1.0642857142857143,18.09285714285714,18.09285714285714,14.474285714285713,21.71142857142857,Medium,45,1.0,1.0,0.0,Fair,8.0,8.0,,1.0642857142857143,TBD,Preseason
00-0036254,Collin Johnson,WR,CHI,1.0599999999999998,0.034144144144144135,0.029365680308072618,3.0,2.0,0.8,18.019999999999996,13.600000000000001,14.415999999999997,21.623999999999995,Low,70,1.0,1.0,0.0,Fair,8.0,8.0,,1.0599999999999998,TBD,Preseason
00-0035259,Trevon Wesco,TE,TEN,1.0333333333333334,0.03379382055852647,0.017348527088560568,3.0,1.0,1.0333333333333334,17.56666666666667,17.56666666666667,14.053333333333336,21.080000000000002,Low,70,1.0,1.0,0.0,Fair,10.0,10.0,,1.0333333333333334,TBD,Preseason
00-0036450,Ke'Shawn Vaughn,RB,SF,1.0285714285714287,0.025912672254135658,0.0004095763136672855,6.0,2.0,0.4,17.485714285714288,6.800000000000001,13.988571428571431,20.982857142857146,Low,70,1.0,1.0,0.0,Fair,7.0,7.0,,1.0285714285714287,TBD,Preseason
00-0034575,David Wells,TE,TB,1.0,0.0625,0.0,1.0,1.0,1.0,17.0,17.0,13.600000000000001,20.4,Low,70,1.0,1.0,0.0,Fair,10.0,10.0,,1.0,TBD,Preseason
00-0035831,James Robinson,RB,GB,1.0,0.0285714285714286,-0.0112359550561798,1.0,1.0,1.0,17.0,17.0,13.600000000000001,20.4,Low,70,1.0,1.0,0.0,Fair,6.0,6.0,,1.0,TBD,Preseason
00-0035311,Myles Gaskin,RB,MIN,0.9999999999999998,0.0357142857142857,-0.0049751243781094,2.0,1.0,0.9999999999999999,16.999999999999996,16.999999999999996,13.599999999999998,20.399999999999995,Low,70,1.0,1.0,0.0,Fair,6.0,6.0,,0.9999999999999998,TBD,Preseason
00-0039299,George Holani,RB,SEA,0.95,0.0344827586206897,-0.00625,2.0,1.0,0.95,16.15,16.15,12.92,19.38,Low,70,1.0,1.0,0.0,Fair,5.0,5.0,,0.95,TBD,Preseason
00-0039244,Chris Collier,RB,LV,0.9000000000000001,0.0588235294117647,-0.0169491525423729,2.0,1.0,0.9000000000000001,15.300000000000002,15.300000000000002,12.240000000000002,18.360000000000003,Low,70,1.0,1.0,0.0,Fair,5.0,5.0,,0.9000000000000001,TBD,Preseason
00-0038550,Hendon Hooker,QB,DET,0.8933333333333334,0.0,0.0,3.0,1.0,0.8933333333333334,15.186666666666667,15.186666666666667,12.149333333333335,18.224,Low,70,1.0,1.0,0.0,Fair,15.0,15.0,,0.8933333333333334,TBD,Preseason
00-0039379,Jamari Thrash,WR,CLE,0.8666666666666667,0.029062808382185914,0.03063390016870767,6.0,1.0,0.8666666666666667,14.733333333333334,14.733333333333334,11.786666666666669,17.68,Low,70,1.0,1.0,0.0,Fair,8.0,8.0,,0.8666666666666667,TBD,Preseason
00-0039543,Ramel Keyton,WR,LV,0.8500000000000001,0.0440705128205128,0.07143583485865365,2.0,1.0,0.8500000000000001,14.450000000000001,14.450000000000001,11.560000000000002,17.34,Low,70,1.0,1.0,0.0,Fair,8.0,8.0,,0.8500000000000001,TBD,Preseason
00-0034193,Kevin Rader,TE,TEN,0.8,0.05846153846153845,0.1043660287081342,2.0,1.0,0.8,13.600000000000001,13.600000000000001,10.880000000000003,16.32,Low,70,1.0,1.0,0.0,Fair,9.0,9.0,,0.8,TBD,Preseason
00-0038840,Brycen Tremayne,WR,WAS,0.8,0.037037037037037,-0.006557377049180301,1.0,1.0,0.8,13.600000000000001,13.600000000000001,10.880000000000003,16.32,Low,70,1.0,1.0,0.0,Fair,7.0,7.0,,0.8,TBD,Preseason
00-0039648,David Martin-Robinson,TE,TEN,0.8,0.030776515151515155,0.0,2.0,1.0,0.8,13.600000000000001,13.600000000000001,10.880000000000003,16.32,Low,70,1.0,1.0,0.0,Fair,9.0,9.0,,0.8,TBD,Preseason
00-0033292,Trent Taylor,WR,SF,0.7999999999999999,0.03139880952380952,0.00438215806725369,4.0,2.0,2.1,13.6,35.7,10.88,16.32,Low,70,1.0,1.0,0.0,Fair,7.0,7.0,,0.7999999999999999,TBD,Preseason
00-0034401,Mike White,QB,BUF,0.7875000000000001,0.0,0.0,7.0,2.0,1.12,13.387500000000001,19.040000000000003,10.71,16.065,Low,70,1.0,1.0,0.0,Fair,14.0,14.0,,0.7875000000000001,TBD,Preseason
00-0039796,Rasheen Ali,RB,BAL,0.775,0.0666666666666667,-0.0179856115107914,4.0,1.0,0.775,13.175,13.175,10.540000000000001,15.81,Low,70,1.0,1.0,0.0,Fair,4.0,4.0,,0.775,TBD,Preseason
00-0036640,Zach Davidson,TE,BUF,0.75,0.0409356725146199,0.03714950905962145,2.0,1.0,0.75,12.75,12.75,10.200000000000001,15.299999999999999,Low,70,1.0,1.0,0.0,Fair,8.0,8.0,,0.75,TBD,Preseason
00-0036825,Feleipe Franks,TE,CAR,0.7333333333333334,0.025987224157955863,0.048292126622843295,3.0,1.0,0.7333333333333334,12.466666666666669,12.466666666666669,9.973333333333336,14.96,Low,70,1.0,1.0,0.0,Fair,7.0,7.0,,0.7333333333333334,TBD,Preseason
00-0031690,Eric Tomlinson,TE,LAC,0.7250000000000001,0.0378633694423168,0.012709384576392275,4.0,1.0,0.7250000000000001,12.325000000000001,12.325000000000001,9.860000000000001,14.790000000000001,Low,70,1.0,1.0,0.0,Fair,6.0,6.0,,0.7250000000000001,TBD,Preseason
00-0038598,Jaren Hall,QB,MIN,0.706666666666667,0.0,0.0,3.0,1.0,0.706666666666667,12.013333333333339,12.013333333333339,9.610666666666672,14.416000000000006,Low,70,1.0,1.0,0.0,Fair,12.0,12.0,,0.706666666666667,TBD,Preseason
00-0033251,Zach Pascal,WR,ARI,0.6555555555555556,0.04892502117327116,0.07445017996660395,9.0,1.0,0.6555555555555556,11.144444444444444,11.144444444444444,8.915555555555555,13.373333333333333,Low,70,1.0,1.0,0.0,Fair,7.0,7.0,,0.6555555555555556,TBD,Preseason
00-0038632,Colton Dowell,WR,TEN,0.65,0.03923076923076925,0.07168157378385975,2.0,1.0,0.65,11.05,11.05,8.840000000000002,13.26,Low,70,1.0,1.0,0.0,Fair,6.0,6.0,,0.65,TBD,Preseason
00-0039392,Jha'Quan Jackson,WR,TEN,0.65,0.050194931773879146,0.1246829020801625,2.0,1.0,0.65,11.05,11.05,8.840000000000002,13.26,Low,70,1.0,1.0,0.0,Fair,6.0,6.0,,0.65,TBD,Preseason
00-0038391,Sean Clifford,QB,GB,0.64,0.0,0.0,2.0,1.0,0.64,10.88,10.88,8.704,13.056000000000001,Low,70,1.0,1.0,0.0,Fair,11.0,11.0,,0.64,TBD,Preseason
00-0038627,Antoine Green,WR,DET,0.6,0.024909963985594252,0.01570062624706135,2.0,1.0,0.6,10.2,10.2,8.16,12.239999999999998,Low,70,1.0,1.0,0.0,Fair,5.0,5.0,,0.6,TBD,Preseason
00-0037609,Aaron Shampklin,RB,PIT,0.5666666666666668,0.0,0.0,3.0,1.0,0.5666666666666668,9.633333333333335,9.633333333333335,7.706666666666668,11.56,Low,70,1.0,1.0,0.0,Fair,3.0,3.0,,0.5666666666666668,TBD,Preseason
00-0038092,Erik Ezukanma,WR,MIA,0.55,0.0494994438264739,0.1608544187752108,3.0,2.0,0.0,9.350000000000001,0.0,7.480000000000001,11.22,Low,70,1.0,1.0,0.0,Fair,5.0,5.0,,0.55,TBD,Preseason
00-0039853,Javon Baker,WR,NE,0.55,0.03461940953175172,0.04935503697542752,4.0,1.0,0.55,9.350000000000001,9.350000000000001,7.480000000000001,11.22,Low,70,1.0,1.0,0.0,Fair,5.0,5.0,,0.55,TBD,Preseason
00-0035547,Joseph Fortson,TE,KC,0.5,0.03266106442577033,0.006822966736446167,3.0,1.0,0.5,8.5,8.5,6.800000000000001,10.2,Low,70,1.0,1.0,0.0,Fair,6.0,6.0,,0.5,TBD,Preseason
00-0037324,Chris Oladokun,QB,KC,0.5,0.0,0.0,1.0,1.0,0.5,8.5,8.5,6.800000000000001,10.2,Low,70,1.0,1.0,0.0,Fair,10.0,10.0,,0.5,TBD,Preseason
00-0039136,Zach Evans,RB,LA,0.4750000000000001,0.0,0.0,4.0,1.0,0.47500000000000003,8.075000000000001,8.075000000000001,6.460000000000001,9.690000000000001,Low,70,1.0,1.0,0.0,Fair,3.0,3.0,,0.4750000000000001,TBD,Preseason
00-0036842,Kene Nwangwu,RB,MIN,0.43333333333333335,0.0,0.0,3.0,1.0,0.43333333333333335,7.366666666666667,7.366666666666667,5.893333333333334,8.84,Low,70,1.0,1.0,0.0,Fair,2.0,2.0,,0.43333333333333335,TBD,Preseason
00-0031288,AJ McCarron,QB,CIN,0.38,0.0,0.0,2.0,1.0,0.38,6.46,6.46,5.168,7.752,Low,70,1.0,1.0,0.0,Fair,9.0,9.0,,0.38,TBD,Preseason
00-0039589,Kameron Johnson,WR,TB,0.3666666666666667,0.0212765957446809,0.009933774834437,3.0,1.0,0.3666666666666667,6.233333333333334,6.233333333333334,4.986666666666668,7.48,Low,70,1.0,1.0,0.0,Fair,4.0,4.0,,0.3666666666666667,TBD,Preseason
00-0039603,British Brooks,RB,HOU,0.2,0.0,0.0,1.0,1.0,0.2,3.4000000000000004,3.4000000000000004,2.7200000000000006,4.08,Low,70,1.0,1.0,0.0,Fair,2.0,2.0,,0.2,TBD,Preseason
00-0026300,Josh Johnson,QB,BAL,0.195,0.0,0.0,4.0,1.0,0.195,3.315,3.315,2.652,3.9779999999999998,Low,70,1.0,1.0,0.0,Fair,8.0,8.0,,0.195,TBD,Preseason
00-0038582,Clayton Tune,QB,ARI,0.08799999999999988,0.0,0.0,10.0,2.0,-0.41600000000000004,1.495999999999998,-7.072000000000001,1.1967999999999985,1.7951999999999975,Low,70,1.0,1.0,0.0,Fair,7.0,7.0,,0.08799999999999988,TBD,Preseason
00-0034577,Kyle Allen,QB,PIT,0.027500000000000004,0.0,0.0,7.0,2.0,0.76,0.4675000000000001,12.92,0.3740000000000001,0.561,Low,70,1.0,1.0,0.0,Fair,6.0,6.0,,0.027500000000000004,TBD,Preseason
00-0031299,Jordan Matthews,TE,CAR,0.0,0.0344827586206897,0.0454545454545455,1.0,1.0,0.0,0.0,0.0,0.0,0.0,Low,70,1.0,1.0,0.0,Fair,3.0,3.0,,0.0,TBD,Preseason
00-0031868,Damiere Byrd,WR,ATL,0.0,0.0588235294117647,0.145161290322581,1.0,1.0,0.0,0.0,0.0,0.0,0.0,Low,70,1.0,1.0,0.0,Fair,3.0,3.0,,0.0,TBD,Preseason
00-0032208,Phillip Dorsett,WR,DEN,0.0,0.04895833333333335,0.2096824408468245,2.0,1.0,0.0,0.0,0.0,0.0,0.0,Low,70,1.0,1.0,0.0,Fair,3.0,3.0,,0.0,TBD,Preseason
00-0035544,Tom Kennedy,WR,DET,0.0,0.0188679245283019,0.028947368421052604,1.0,1.0,0.0,0.0,0.0,0.0,0.0,Low,70,1.0,1.0,0.0,Fair,3.0,3.0,,0.0,TBD,Preseason
00-0035593,Juwann Winfree,WR,IND,0.0,0.026315789473684202,0.0858085808580858,1.0,1.0,0.0,0.0,0.0,0.0,0.0,Low,70,1.0,1.0,0.0,Fair,3.0,3.0,,0.0,TBD,Preseason
00-0036032,Sean McKeon,TE,DAL,0.0,0.03137254901960785,0.023085839397256752,2.0,1.0,0.0,0.0,0.0,0.0,0.0,Low,70,1.0,1.0,0.0,Fair,3.0,3.0,,0.0,TBD,Preseason
00-0036423,Albert Okwuegbunam,TE,PHI,0.0,0.0238095238095238,0.0334448160535117,1.0,1.0,0.0,0.0,0.0,0.0,0.0,Low,70,1.0,1.0,0.0,Fair,3.0,3.0,,0.0,TBD,Preseason
00-0036991,Amari Rodgers,WR,IND,0.0,0.0384615384615385,0.076530612244898,1.0,1.0,0.0,0.0,0.0,0.0,0.0,Low,70,1.0,1.0,0.0,Fair,3.0,3.0,,0.0,TBD,Preseason
00-0037093,Dareke Young,WR,SEA,0.0,0.04,0.053892215568862305,1.0,1.0,0.0,0.0,0.0,0.0,0.0,Low,70,1.0,1.0,0.0,Fair,3.0,3.0,,0.0,TBD,Preseason
00-0037156,Irvin Charles,WR,NYJ,0.0,0.0356125356125356,0.018800762610066,2.0,2.0,0.0,0.0,0.0,0.0,0.0,Low,70,1.0,1.0,0.0,Fair,3.0,3.0,,0.0,TBD,Preseason
00-0037451,Rod Williams,TE,PIT,0.0,0.05,0.0224089635854342,1.0,1.0,0.0,0.0,0.0,0.0,0.0,Low,70,1.0,1.0,0.0,Fair,3.0,3.0,,0.0,TBD,Preseason
00-0038643,Brayden Willis,TE,SF,0.0,0.0476190476190476,0.0328358208955224,1.0,1.0,0.0,0.0,0.0,0.0,0.0,Low,70,1.0,1.0,0.0,Fair,3.0,3.0,,0.0,TBD,Preseason
00-0038891,Shedrick Jackson,WR,CIN,0.0,0.032258064516129,0.120967741935484,1.0,1.0,0.0,0.0,0.0,0.0,0.0,Low,70,1.0,1.0,0.0,Fair,3.0,3.0,,0.0,TBD,Preseason
00-0039316,Baylor Cupp,TE,KC,0.0,0.0277777777777778,0.0,1.0,1.0,0.0,0.0,0.0,0.0,0.0,Low,70,1.0,1.0,0.0,Fair,3.0,3.0,,0.0,TBD,Preseason
00-0039458,Brenden Bates,TE,CLE,0.0,0.030303030303030304,-0.0079365079365079,1.0,1.0,0.0,0.0,0.0,0.0,0.0,Low,70,1.0,1.0,0.0,Fair,3.0,3.0,,0.0,TBD,Preseason
00-0039521,Xavier Weaver,WR,ARI,0.0,0.03125,0.09504624439461885,2.0,1.0,0.0,0.0,0.0,0.0,0.0,Low,70,1.0,1.0,0.0,Fair,3.0,3.0,,0.0,TBD,Preseason
00-0036928,Kyle Trask,QB,TB,-0.062499999999999986,0.0,0.0,5.0,2.0,-0.06666666666666667,-1.0624999999999998,-1.1333333333333333,-0.8499999999999999,-1.2749999999999997,Low,70,1.0,1.0,0.0,Fair,5.0,5.0,,-0.062499999999999986,TBD,Preseason
00-0039614,Jermaine Jackson,WR,NO,-0.1,0.0,0.0,1.0,1.0,-0.1,-1.7000000000000002,-1.7000000000000002,-1.3600000000000003,-2.04,Low,70,1.0,1.0,0.0,Fair,1.0,1.0,,-0.1,TBD,Preseason
00-0031237,Teddy Bridgewater,QB,DET,-0.2,0.0,0.0,1.0,1.0,-0.2,-3.4000000000000004,-3.4000000000000004,-2.7200000000000006,-4.08,Low,70,1.0,1.0,0.0,Fair,4.0,4.0,,-0.2,TBD,Preseason
00-0032975,Jonathan Williams,RB,WAS,-0.2,0.0294117647058824,-0.0028818443804034,1.0,1.0,-0.2,-3.4000000000000004,-3.4000000000000004,-2.7200000000000006,-4.08,Low,70,1.0,1.0,0.0,Fair,1.0,1.0,,-0.2,TBD,Preseason
00-0030533,Matt Barkley,QB,JAX,-0.30000000000000004,0.0,0.0,1.0,1.0,-0.30000000000000004,-5.1000000000000005,-5.1000000000000005,-4.080000000000001,-6.12,Low,70,1.0,1.0,0.0,Fair,3.0,3.0,,-0.30000000000000004,TBD,Preseason
00-0034438,Logan Woodside,QB,ATL,-0.31999999999999984,0.0,0.0,1.0,1.0,-0.31999999999999984,-5.439999999999998,-5.439999999999998,-4.3519999999999985,-6.527999999999997,Low,70,1.0,1.0,0.0,Fair,2.0,2.0,,-0.31999999999999984,TBD,Preseason
00-0033958,Nathan Peterman,QB,CHI,-0.4,0.0,0.0,1.0,1.0,-0.4,-6.800000000000001,-6.800000000000001,-5.440000000000001,-8.16,Low,70,1.0,1.0,0.0,Fair,1.0,1.0,,-0.4,TBD,Preseason
00-0035645,Gunner Olszewski,WR,PIT,-1.0,0.0344827586206897,-0.0058479532163742,1.0,1.0,-1.0,-17.0,-17.0,-13.600000000000001,-20.4,Low,70,1.0,1.0,0.0,Fair,0.0,0.0,,-1.0,TBD,Preseason
00-0039407,Dylan Laube,RB,LV,-2.0,0.0,0.0,1.0,1.0,-2.0,-34.0,-34.0,-27.200000000000003,-40.8,Low,70,1.0,1.0,0.0,Fair,1.0,1.0,,-2.0,TBD,Preseason
DST_ARI,ARI D/ST,DST,ARI,,,,0.0,0.0,,,,,,Unavailable,80,1.0,1.0,0.0,Fair,,,,,TBD,Preseason
DST_ATL,ATL D/ST,DST,ATL,,,,0.0,0.0,,,,,,Unavailable,80,1.0,1.0,0.0,Fair,,,,,TBD,Preseason
DST_BAL,BAL D/ST,DST,BAL,,,,0.0,0.0,,,,,,Unavailable,80,1.0,1.0,0.0,Fair,,,,,TBD,Preseason
DST_BUF,BUF D/ST,DST,BUF,,,,0.0,0.0,,,,,,Unavailable,80,1.0,1.0,0.0,Fair,,,,,TBD,Preseason
DST_CAR,CAR D/ST,DST,CAR,,,,0.0,0.0,,,,,,Unavailable,80,1.0,1.0,0.0,Fair,,,,,TBD,Preseason
DST_CHI,CHI D/ST,DST,CHI,,,,0.0,0.0,,,,,,Unavailable,80,1.0,1.0,0.0,Fair,,,,,TBD,Preseason
DST_CIN,CIN D/ST,DST,CIN,,,,0.0,0.0,,,,,,Unavailable,80,1.0,1.0,0.0,Fair,,,,,TBD,Preseason
DST_CLE,CLE D/ST,DST,CLE,,,,0.0,0.0,,,,,,Unavailable,80,1.0,1.0,0.0,Fair,,,,,TBD,Preseason
DST_DAL,DAL D/ST,DST,DAL,,,,0.0,0.0,,,,,,Unavailable,80,1.0,1.0,0.0,Fair,,,,,TBD,Preseason
DST_DEN,DEN D/ST,DST,DEN,,,,0.0,0.0,,,,,,Unavailable,80,1.0,1.0,0.0,Fair,,,,,TBD,Preseason
DST_DET,DET D/ST,DST,DET,,,,0.0,0.0,,,,,,Unavailable,80,1.0,1.0,0.0,Fair,,,,,TBD,Preseason
DST_GB,GB D/ST,DST,GB,,,,0.0,0.0,,,,,,Unavailable,80,1.0,1.0,0.0,Fair,,,,,TBD,Preseason
DST_HOU,HOU D/ST,DST,HOU,,,,0.0,0.0,,,,,,Unavailable,80,1.0,1.0,0.0,Fair,,,,,TBD,Preseason
DST_IND,IND D/ST,DST,IND,,,,0.0,0.0,,,,,,Unavailable,80,1.0,1.0,0.0,Fair,,,,,TBD,Preseason
DST_JAX,JAX D/ST,DST,JAX,,,,0.0,0.0,,,,,,Unavailable,80,1.0,1.0,0.0,Fair,,,,,TBD,Preseason
DST_KC,KC D/ST,DST,KC,,,,0.0,0.0,,,,,,Unavailable,80,1.0,1.0,0.0,Fair,,,,,TBD,Preseason
DST_LAC,LAC D/ST,DST,LAC,,,,0.0,0.0,,,,,,Unavailable,80,1.0,1.0,0.0,Fair,,,,,TBD,Preseason
DST_LAR,LAR D/ST,DST,LAR,,,,0.0,0.0,,,,,,Unavailable,80,1.0,1.0,0.0,Fair,,,,,TBD,Preseason
DST_LV,LV D/ST,DST,LV,,,,0.0,0.0,,,,,,Unavailable,80,1.0,1.0,0.0,Fair,,,,,TBD,Preseason
DST_MIA,MIA D/ST,DST,MIA,,,,0.0,0.0,,,,,,Unavailable,80,1.0,1.0,0.0,Fair,,,,,TBD,Preseason
DST_MIN,MIN D/ST,DST,MIN,,,,0.0,0.0,,,,,,Unavailable,80,1.0,1.0,0.0,Fair,,,,,TBD,Preseason
DST_NE,NE D/ST,DST,NE,,,,0.0,0.0,,,,,,Unavailable,80,1.0,1.0,0.0,Fair,,,,,TBD,Preseason
DST_NO,NO D/ST,DST,NO,,,,0.0,0.0,,,,,,Unavailable,80,1.0,1.0,0.0,Fair,,,,,TBD,Preseason
DST_NYG,NYG D/ST,DST,NYG,,,,0.0,0.0,,,,,,Unavailable,80,1.0,1.0,0.0,Fair,,,,,TBD,Preseason
DST_NYJ,NYJ D/ST,DST,NYJ,,,,0.0,0.0,,,,,,Unavailable,80,1.0,1.0,0.0,Fair,,,,,TBD,Preseason
DST_PHI,PHI D/ST,DST,PHI,,,,0.0,0.0,,,,,,Unavailable,80,1.0,1.0,0.0,Fair,,,,,TBD,Preseason
DST_PIT,PIT D/ST,DST,PIT,,,,0.0,0.0,,,,,,Unavailable,80,1.0,1.0,0.0,Fair,,,,,TBD,Preseason
DST_SEA,SEA D/ST,DST,SEA,,,,0.0,0.0,,,,,,Unavailable,80,1.0,1.0,0.0,Fair,,,,,TBD,Preseason
DST_SF,SF D/ST,DST,SF,,,,0.0,0.0,,,,,,Unavailable,80,1.0,1.0,0.0,Fair,,,,,TBD,Preseason
DST_TB,TB D/ST,DST,TB,,,,0.0,0.0,,,,,,Unavailable,80,1.0,1.0,0.0,Fair,,,,,TBD,Preseason
DST_TEN,TEN D/ST,DST,TEN,,,,0.0,0.0,,,,,,Unavailable,80,1.0,1.0,0.0,Fair,,,,,TBD,Preseason
DST_WAS,WAS D/ST,DST,WAS,,,,0.0,0.0,,,,,,Unavailable,80,1.0,1.0,0.0,Fair,,,,,TBD,Preseason
