player_id,roster_name,roster_position,roster_team,roster_status,years_exp,roster_week,player,position,team,projected_ppg,target_share,air_yard_share,history_games,seasons_used,last_season_ppg,projected_points,baseline_points,floor,ceiling,confidence,risk_score,depth_position,depth_rank,depth_slot,depth_chart_as_of,depth_label,model_value,market_value,comparison_source,auction_edge,value_signal,opportunity_score,efficiency_score,red_zone_share,weekly_projection,opponent,matchup
00-0034844,Saquon Barkley,RB,PHI,ACT,8.0,1.0,Saquon Barkley,RB,PHI,20.299999999999997,0.1332473951424938,-0.008965001796611492,30.0,2.0,22.20625,345.09999999999997,377.50625,276.08,414.11999999999995,High,25.0,RB,1.0,11.0,2026-07-23 09:22:29+00:00,First team,42,45,2025 production baseline,-3,Fair,100.0,100.0,,20.299999999999997,WAS,Unrated
00-0033280,Christian McCaffrey,RB,SF,ACT,9.0,1.0,Christian McCaffrey,RB,SF,20.2875,0.1839615959004059,0.051192396373548166,20.0,2.0,11.950000000000001,344.88750000000005,203.15,275.91,413.86500000000007,Medium,45.0,RB,1.0,11.0,2026-07-23 09:22:29+00:00,First team,42,19,2025 production baseline,23,Target,99.0,99.0,,20.2875,LAR,Unrated
00-0039139,Jahmyr Gibbs,RB,DET,ACT,3.0,1.0,Jahmyr Gibbs,RB,DET,19.4265306122449,0.13101851331529815,0.000612552562543257,32.0,2.0,20.876470588235296,330.2510204081633,354.90000000000003,264.2008163265306,396.30122448979597,High,25.0,RB,1.0,11.0,2026-07-23 09:22:29+00:00,First team,39,42,2025 production baseline,-3,Fair,98.0,98.0,,19.4265306122449,NO,Unrated
00-0036900,Ja'Marr Chase,WR,CIN,ACT,5.0,1.0,Ja'Marr Chase,WR,CIN,21.374399999999998,0.26852615459152607,0.3356389392239476,33.0,2.0,23.705882352941178,363.36479999999995,403.0,290.69183999999996,436.03775999999993,High,25.0,WR,1.0,1.0,2026-07-23 09:22:29+00:00,First team,38,41,2025 production baseline,-3,Fair,100.0,100.0,,21.374399999999998,TB,Unrated
00-0033906,Alvin Kamara,RB,NO,ACT,9.0,1.0,Alvin Kamara,RB,NO,18.62439024390244,0.20407851646850567,0.016967869652747946,27.0,2.0,18.95,316.6146341463415,322.15,253.2917073170732,379.93756097560976,Medium,45.0,RB,2.0,11.0,2026-07-23 09:22:29+00:00,Second team,37,37,2025 production baseline,0,Fair,97.0,97.0,,18.62439024390244,DET,Unrated
00-0038542,Bijan Robinson,RB,ATL,ACT,3.0,1.0,Bijan Robinson,RB,ATL,18.229411764705887,0.15518689569763913,-0.012691238815796578,34.0,2.0,20.1,309.9000000000001,341.70000000000005,247.92000000000007,371.8800000000001,High,25.0,RB,1.0,11.0,2026-07-23 09:22:29+00:00,First team,36,40,2025 production baseline,-4,Fair,96.0,96.0,,18.229411764705887,PIT,Unrated
00-0037840,Kyren Williams,RB,LAR,ACT,4.0,1.0,Kyren Williams,RB,LAR,18.163636363636364,0.10627096630043646,-0.010796085209621291,28.0,2.0,17.00625,308.7818181818182,289.10625000000005,247.02545454545458,370.53818181818184,Medium,45.0,RB,1.0,11.0,2026-07-23 09:22:29+00:00,First team,36,32,2025 production baseline,4,Target,95.0,95.0,,18.163636363636364,SF,Unrated
00-0032764,Derrick Henry,RB,BAL,ACT,10.0,1.0,Derrick Henry,RB,BAL,18.107058823529414,0.07522819363900465,-0.018639661327946457,34.0,2.0,19.788235294117648,307.82000000000005,336.40000000000003,246.25600000000006,369.38400000000007,High,25.0,RB,1.0,11.0,2026-07-23 09:22:29+00:00,First team,36,39,2025 production baseline,-3,Fair,94.0,94.0,,18.107058823529414,IND,Unrated
00-0036358,CeeDee Lamb,WR,DAL,ACT,6.0,1.0,CeeDee Lamb,WR,DAL,19.829787234042556,0.28632195794590665,0.3234368233409641,32.0,2.0,17.560000000000002,337.10638297872345,298.52000000000004,269.68510638297874,404.52765957446815,High,25.0,WR,1.0,1.0,2026-07-23 09:22:29+00:00,First team,34,25,2025 production baseline,9,Target,99.0,99.0,,19.829787234042556,NYG,Unrated
00-0039040,De'Von Achane,RB,MIA,ACT,3.0,1.0,De'Von Achane,RB,MIA,17.566666666666666,0.1491463575458266,-0.012267751487777114,28.0,2.0,17.641176470588235,298.6333333333333,299.9,238.90666666666667,358.35999999999996,Medium,45.0,RB,1.0,11.0,2026-07-23 09:22:29+00:00,First team,34,33,2025 production baseline,1,Fair,93.0,93.0,,17.566666666666666,LV,Unrated
00-0036223,Jonathan Taylor,RB,IND,ACT,6.0,1.0,Jonathan Taylor,RB,IND,17.099999999999998,0.09335427253183365,-0.010144732541937056,24.0,2.0,17.62142857142857,290.7,299.5642857142857,232.56,348.84,Medium,45.0,RB,1.0,11.0,2026-07-23 09:22:29+00:00,First team,33,33,2025 production baseline,0,Fair,92.0,92.0,,17.099999999999998,BAL,Unrated
00-0036963,Amon-Ra St. Brown,WR,DET,ACT,5.0,1.0,Amon-Ra St. Brown,WR,DET,19.3452,0.27628841007957533,0.31674411257352036,33.0,2.0,18.716470588235296,328.86839999999995,318.18000000000006,263.09472,394.6420799999999,High,25.0,WR,1.0,1.0,2026-07-23 09:22:29+00:00,First team,32,28,2025 production baseline,4,Target,99.0,99.0,,19.3452,NO,Unrated
00-0036322,Justin Jefferson,WR,MIN,ACT,6.0,1.0,Justin Jefferson,WR,MIN,19.07181818181818,0.29629369536054295,0.38720841159274416,27.0,2.0,18.67529411764706,324.22090909090906,317.48,259.37672727272724,389.0650909090909,Medium,45.0,WR,1.0,1.0,2026-07-23 09:22:29+00:00,First team,32,28,2025 production baseline,4,Target,98.0,98.0,,19.07181818181818,GB,Unrated
00-0034796,Lamar Jackson,QB,BAL,ACT,8.0,1.0,Lamar Jackson,QB,BAL,28.079600000000003,0.0,0.0,33.0,2.0,30.14,477.3532000000001,512.38,381.88256000000007,572.82384,High,25.0,QB,1.0,9.0,2026-07-23 09:22:29+00:00,First team,31,35,2025 production baseline,-4,Fair,100.0,100.0,,28.079600000000003,IND,Unrated
00-0035700,Josh Jacobs,RB,GB,ACT,7.0,1.0,Josh Jacobs,RB,GB,16.325531914893617,0.11927511380150976,-0.008786795321066495,30.0,2.0,17.241176470588236,277.5340425531915,293.1,222.02723404255323,333.0408510638298,High,25.0,RB,1.0,11.0,2026-07-23 09:22:29+00:00,First team,31,32,2025 production baseline,-1,Fair,91.0,91.0,,16.325531914893617,MIN,Unrated
00-0039075,Puka Nacua,WR,LAR,ACT,3.0,1.0,Puka Nacua,WR,LAR,18.24871794871795,0.30811630613325935,0.31796390702478616,28.0,2.0,18.78181818181818,310.22820512820516,319.29090909090905,248.18256410256413,372.2738461538462,Medium,45.0,WR,1.0,1.0,2026-07-23 09:22:29+00:00,First team,29,29,2025 production baseline,0,Fair,98.0,98.0,,18.24871794871795,SF,Unrated
00-0039337,Malik Nabers,WR,NYG,ACT,2.0,1.0,Malik Nabers,WR,NYG,18.240000000000002,0.35704066716052396,0.46515113937808444,15.0,1.0,18.240000000000002,310.08000000000004,310.08000000000004,248.06400000000005,372.09600000000006,Medium,45.0,WR,1.0,1.0,2026-07-23 09:22:29+00:00,First team,29,27,2025 production baseline,2,Fair,97.0,97.0,,18.240000000000002,DAL,Unrated
00-0038120,Breece Hall,RB,NYJ,ACT,4.0,1.0,Breece Hall,RB,NYJ,15.76122448979592,0.1481242616365048,-0.0025986797171611347,33.0,2.0,15.05625,267.94081632653064,255.95625,214.35265306122452,321.52897959183673,High,25.0,RB,1.0,11.0,2026-07-23 09:22:29+00:00,First team,29,27,2025 production baseline,2,Fair,90.0,90.0,,15.76122448979592,TEN,Unrated
00-0033553,James Conner,RB,ARI,ACT,9.0,1.0,James Conner,RB,ARI,15.757777777777777,0.10874805428550678,-0.02924390958876523,29.0,2.0,15.8625,267.8822222222222,269.6625,214.30577777777776,321.4586666666666,Medium,45.0,RB,3.0,11.0,2026-07-23 09:22:29+00:00,Reserve / unlisted,29,29,2025 production baseline,0,Fair,89.0,89.0,,15.757777777777777,LAC,Unrated
00-0037248,James Cook,RB,BUF,ACT,4.0,1.0,James Cook,RB,BUF,15.63469387755102,0.10167945704010774,0.022735373258328372,33.0,2.0,16.66875,265.78979591836736,283.36875,212.6318367346939,318.94775510204084,High,25.0,RB,1.0,11.0,2026-07-23 09:22:29+00:00,First team,29,31,2025 production baseline,-2,Fair,88.0,88.0,,15.63469387755102,HOU,Unrated
00-0035685,David Montgomery,RB,HOU,ACT,7.0,1.0,David Montgomery,RB,HOU,15.586666666666664,0.08412338384149294,-0.004447839349422945,28.0,2.0,15.98,264.9733333333333,271.66,211.97866666666664,317.96799999999996,Medium,45.0,RB,1.0,11.0,2026-07-23 09:22:29+00:00,First team,29,29,2025 production baseline,0,Fair,87.0,87.0,,15.586666666666664,BUF,Unrated
00-0038134,Kenneth Walker III,RB,KC,ACT,4.0,1.0,Kenneth Walker III,RB,KC,15.183783783783783,0.11613604391919019,-0.031494340179873744,26.0,2.0,16.472727272727273,258.12432432432433,280.03636363636366,206.49945945945947,309.74918918918917,Medium,45.0,RB,1.0,11.0,2026-07-23 09:22:29+00:00,First team,28,30,2025 production baseline,-2,Fair,86.0,86.0,,15.183783783783783,DEN,Unrated
00-0034857,Josh Allen,QB,BUF,ACT,8.0,1.0,Josh Allen,QB,BUF,26.720816326530613,0.0,0.0,33.0,2.0,26.771250000000002,454.2538775510204,455.11125000000004,363.40310204081635,545.1046530612244,High,25.0,QB,1.0,9.0,2026-07-23 09:22:29+00:00,First team,27,27,2025 production baseline,0,Fair,99.0,99.0,,26.720816326530613,HOU,Unrated
00-0036554,Nico Collins,WR,HOU,ACT,5.0,1.0,Nico Collins,WR,HOU,17.47692307692308,0.23840979170889223,0.32673036443740255,27.0,2.0,17.55,297.10769230769233,298.35,237.68615384615387,356.52923076923076,Medium,45.0,WR,1.0,1.0,2026-07-23 09:22:29+00:00,First team,27,25,2025 production baseline,2,Fair,97.0,97.0,,17.47692307692308,BUF,Unrated
00-0031408,Mike Evans,WR,SF,ACT,12.0,1.0,Mike Evans,WR,SF,16.962222222222223,0.2509801471709104,0.4032230281444428,31.0,2.0,17.17142857142857,288.3577777777778,291.9142857142857,230.68622222222226,346.02933333333334,High,25.0,WR,1.0,1.0,2026-07-23 09:22:29+00:00,First team,26,24,2025 production baseline,2,Fair,96.0,96.0,,16.962222222222223,LAR,Unrated
00-0035676,A.J. Brown,WR,NE,ACT,7.0,1.0,A.J. Brown,WR,NE,16.823255813953487,0.3247629381995476,0.4715600122704562,30.0,2.0,16.684615384615384,285.9953488372093,283.6384615384615,228.79627906976745,343.19441860465116,High,25.0,WR,1.0,1.0,2026-07-23 09:22:29+00:00,First team,26,23,2025 production baseline,3,Fair,95.0,95.0,,16.823255813953487,SEA,Unrated
00-0036158,J.K. Dobbins,RB,DEN,ACT,6.0,1.0,J.K. Dobbins,RB,DEN,14.640740740740743,0.10759477980065289,-0.018721713037649593,14.0,2.0,14.753846153846155,248.89259259259262,250.81538461538463,199.1140740740741,298.67111111111114,Medium,45.0,RB,1.0,11.0,2026-07-23 09:22:29+00:00,First team,26,26,2025 production baseline,0,Fair,85.0,85.0,,14.640740740740743,KC,Unrated
00-0039361,Bucky Irving,RB,TB,ACT,2.0,1.0,Bucky Irving,RB,TB,14.376470588235295,0.0969490969184357,-0.0502094036909164,17.0,1.0,14.376470588235295,244.4,244.4,195.52,293.28,Medium,45.0,RB,1.0,11.0,2026-07-23 09:22:29+00:00,First team,26,25,2025 production baseline,1,Fair,84.0,84.0,,14.376470588235295,CIN,Unrated
00-0039893,Brian Thomas Jr.,WR,JAX,ACT,2.0,1.0,Brian Thomas Jr.,WR,JAX,16.705882352941178,0.25452063575429745,0.36976301519939847,17.0,1.0,16.705882352941178,284.0,284.0,227.20000000000002,340.8,Medium,45.0,WR,1.0,1.0,2026-07-23 09:22:29+00:00,First team,25,23,2025 production baseline,2,Fair,95.0,95.0,,16.705882352941178,CLE,Unrated
00-0031381,Davante Adams,WR,LAR,ACT,12.0,1.0,Davante Adams,WR,LAR,16.622222222222224,0.30678547807635465,0.3957204826737592,31.0,2.0,17.854545454545455,282.5777777777778,303.52727272727276,226.06222222222223,339.0933333333333,High,25.0,WR,2.0,2.0,2026-07-23 09:22:29+00:00,Second team,25,26,2025 production baseline,-1,Fair,94.0,94.0,,16.622222222222224,SF,Unrated
00-0037256,Rachaad White,RB,WAS,ACT,4.0,1.0,Rachaad White,RB,WAS,14.193617021276596,0.11717821148559805,-0.0331156628876626,32.0,2.0,13.306666666666667,241.29148936170213,226.21333333333334,193.0331914893617,289.5497872340425,High,25.0,RB,2.0,11.0,2026-07-23 09:22:29+00:00,Second team,25,22,2025 production baseline,3,Fair,82.0,82.0,,14.193617021276596,PHI,Unrated
00-0036555,Chuba Hubbard,RB,CAR,ACT,5.0,1.0,Chuba Hubbard,RB,CAR,14.163829787234045,0.128180796324568,-0.027062763617582797,32.0,2.0,16.10666666666667,240.78510638297877,273.8133333333334,192.62808510638303,288.9421276595745,High,25.0,RB,1.0,11.0,2026-07-23 09:22:29+00:00,First team,25,29,2025 production baseline,-4,Fair,81.0,81.0,,14.163829787234045,CHI,Unrated
00-0036410,Tee Higgins,WR,CIN,ACT,6.0,1.0,Tee Higgins,WR,CIN,16.161111111111115,0.23260039633957716,0.3538734528928132,24.0,2.0,18.508333333333336,274.73888888888894,314.6416666666667,219.79111111111115,329.6866666666667,Medium,45.0,WR,2.0,2.0,2026-07-23 09:22:29+00:00,Second team,24,28,2025 production baseline,-4,Fair,94.0,94.0,,16.161111111111115,TB,Unrated
00-0033293,Aaron Jones,RB,MIN,ACT,9.0,1.0,Aaron Jones,RB,MIN,13.735555555555557,0.12208694246128159,0.002105434202814258,28.0,2.0,14.211764705882354,233.50444444444446,241.60000000000002,186.8035555555556,280.20533333333333,Medium,45.0,RB,1.0,11.0,2026-07-23 09:22:29+00:00,First team,24,24,2025 production baseline,0,Fair,80.0,80.0,,13.735555555555557,GB,Unrated
00-0039338,Brock Bowers,TE,LV,ACT,2.0,1.0,Brock Bowers,TE,LV,15.45294117647059,0.2553617809786005,0.2318608838165315,17.0,1.0,15.452941176470588,262.70000000000005,262.7,210.16000000000005,315.24000000000007,Medium,45.0,TE,1.0,10.0,2026-07-23 09:22:29+00:00,First team,23,22,2025 production baseline,1,Fair,100.0,100.0,,15.45294117647059,MIA,Unrated
00-0038597,Chase Brown,RB,CIN,ACT,3.0,1.0,Chase Brown,RB,CIN,13.416666666666668,0.10117064613975238,-0.0019506409586018275,26.0,2.0,15.9375,228.08333333333334,270.9375,182.4666666666667,273.7,Medium,45.0,RB,1.0,11.0,2026-07-23 09:22:29+00:00,First team,23,29,2025 production baseline,-6,Overpriced,79.0,79.0,,13.416666666666668,TB,Unrated
00-0036442,Joe Burrow,QB,CIN,ACT,6.0,1.0,Joe Burrow,QB,CIN,24.881818181818183,0.0,0.0,27.0,2.0,26.98941176470588,422.9909090909091,458.82,338.3927272727273,507.5890909090909,Medium,45.0,QB,1.0,9.0,2026-07-23 09:22:29+00:00,First team,22,27,2025 production baseline,-5,Overpriced,97.0,97.0,,24.881818181818183,TB,Unrated
00-0033921,Chris Godwin Jr.,WR,TB,ACT,9.0,1.0,Chris Godwin Jr.,WR,TB,15.638709677419353,0.2583738024595929,0.27742330052038905,24.0,2.0,19.685714285714287,265.858064516129,334.6571428571429,212.6864516129032,319.02967741935475,Medium,45.0,WR,2.0,2.0,2026-07-23 09:22:29+00:00,Second team,22,31,2025 production baseline,-9,Overpriced,93.0,93.0,,15.638709677419353,CIN,Unrated
00-0039067,Rashee Rice,WR,KC,ACT,3.0,1.0,Rashee Rice,WR,KC,15.55909090909091,0.22097643238696174,0.2083201010205268,19.0,2.0,21.633333333333336,264.50454545454545,367.7666666666667,211.60363636363638,317.4054545454545,Medium,45.0,WR,1.0,1.0,2026-07-23 09:22:29+00:00,First team,22,36,2025 production baseline,-14,Overpriced,92.0,92.0,,15.55909090909091,DEN,Unrated
00-0039915,Ladd McConkey,WR,LAC,ACT,2.0,1.0,Ladd McConkey,WR,LAC,15.05625,0.24561787514740085,0.30312516859228356,16.0,1.0,15.05625,255.95625,255.95625,204.76500000000001,307.1475,Medium,45.0,WR,1.0,1.0,2026-07-23 09:22:29+00:00,First team,21,19,2025 production baseline,2,Fair,92.0,92.0,,15.05625,ARI,Unrated
00-0034827,DJ Moore,WR,BUF,ACT,8.0,1.0,DJ Moore,WR,BUF,14.954901960784316,0.2788959981160683,0.31806013256431226,34.0,2.0,14.005882352941178,254.23333333333338,238.10000000000002,203.3866666666667,305.08000000000004,High,25.0,WR,1.0,1.0,2026-07-23 09:22:29+00:00,First team,21,16,2025 production baseline,5,Target,91.0,91.0,,14.954901960784316,HOU,Unrated
00-0033288,George Kittle,TE,SF,ACT,9.0,1.0,George Kittle,TE,SF,14.704347826086957,0.20335532185366034,0.21567396064593367,31.0,2.0,15.773333333333335,249.97391304347826,268.1466666666667,199.97913043478263,299.9686956521739,High,25.0,TE,1.0,10.0,2026-07-23 09:22:29+00:00,First team,21,23,2025 production baseline,-2,Fair,99.0,99.0,,14.704347826086957,LAR,Unrated
00-0035261,Tony Pollard,RB,TEN,ACT,7.0,1.0,Tony Pollard,RB,TEN,12.73469387755102,0.13294164164405123,-0.0030906328117704597,33.0,2.0,12.543750000000001,216.48979591836735,213.24375,173.19183673469388,259.7877551020408,High,25.0,RB,1.0,11.0,2026-07-23 09:22:29+00:00,First team,21,20,2025 production baseline,1,Fair,78.0,78.0,,12.73469387755102,NYJ,Unrated
00-0036275,D'Andre Swift,RB,CHI,ACT,6.0,1.0,D'Andre Swift,RB,CHI,12.565999999999999,0.1080793124661488,0.004532152871148371,33.0,2.0,12.617647058823529,213.62199999999999,214.5,170.8976,256.34639999999996,High,25.0,RB,1.0,11.0,2026-07-23 09:22:29+00:00,First team,21,20,2025 production baseline,1,Fair,77.0,77.0,,12.565999999999999,CAR,Unrated
00-0034855,Baker Mayfield,QB,TB,ACT,8.0,1.0,Baker Mayfield,QB,TB,24.032549019607842,0.0,0.0,34.0,2.0,26.341176470588238,408.5533333333333,447.80000000000007,326.8426666666667,490.2639999999999,High,25.0,QB,1.0,9.0,2026-07-23 09:22:29+00:00,First team,20,26,2025 production baseline,-6,Overpriced,96.0,96.0,,24.032549019607842,CIN,Unrated
00-0036912,DeVonta Smith,WR,PHI,ACT,5.0,1.0,DeVonta Smith,WR,PHI,14.914285714285716,0.2611271621941582,0.3236997107465084,29.0,2.0,15.338461538461539,253.54285714285717,260.75384615384615,202.83428571428576,304.2514285714286,Medium,45.0,WR,1.0,1.0,2026-07-23 09:22:29+00:00,First team,20,20,2025 production baseline,0,Fair,91.0,91.0,,14.914285714285716,WAS,Unrated
00-0037238,Drake London,WR,ATL,ACT,4.0,1.0,Drake London,WR,ATL,14.719600000000002,0.26486970366060575,0.3507763882992802,33.0,2.0,16.51764705882353,250.23320000000004,280.8,200.18656000000004,300.27984000000004,High,25.0,WR,1.0,1.0,2026-07-23 09:22:29+00:00,First team,20,23,2025 production baseline,-3,Fair,90.0,90.0,,14.719600000000002,PIT,Unrated
00-0039910,Jayden Daniels,QB,WAS,ACT,2.0,1.0,Jayden Daniels,QB,WAS,23.871764705882352,0.0,0.0,17.0,1.0,23.871764705882352,405.82,405.82,324.656,486.984,Medium,45.0,QB,1.0,9.0,2026-07-23 09:22:29+00:00,First team,19,19,2025 production baseline,0,Fair,94.0,94.0,,23.871764705882352,PHI,Unrated
00-0035659,Terry McLaurin,WR,WAS,ACT,7.0,1.0,Terry McLaurin,WR,WAS,14.486274509803922,0.23140950535990215,0.38113481302756885,34.0,2.0,15.75294117647059,246.26666666666668,267.8,197.01333333333335,295.52,High,25.0,WR,1.0,1.0,2026-07-23 09:22:29+00:00,First team,19,21,2025 production baseline,-2,Fair,90.0,90.0,,14.486274509803922,PHI,Unrated
00-0033908,Cooper Kupp,WR,SEA,ACT,9.0,1.0,Cooper Kupp,WR,SEA,14.28888888888889,0.25222435495608186,0.26913732750477337,24.0,2.0,14.583333333333334,242.91111111111113,247.91666666666669,194.3288888888889,291.49333333333334,Medium,45.0,WR,3.0,8.0,2026-07-23 09:22:29+00:00,Reserve / unlisted,19,18,2025 production baseline,1,Fair,89.0,89.0,,14.28888888888889,NE,Unrated
00-0034960,Jakobi Meyers,WR,JAX,ACT,7.0,1.0,Jakobi Meyers,WR,JAX,14.273478260869565,0.23576984381143004,0.31245882082237075,31.0,2.0,14.533333333333333,242.6491304347826,247.06666666666666,194.11930434782607,291.1789565217391,High,25.0,WR,2.0,2.0,2026-07-23 09:22:29+00:00,Second team,19,18,2025 production baseline,1,Fair,88.0,88.0,,14.273478260869565,CLE,Unrated
00-0037746,Brian Robinson,RB,ATL,ACT,4.0,1.0,Brian Robinson,RB,ATL,12.03953488372093,0.07723811228583223,-0.01359390406081445,29.0,2.0,11.414285714285715,204.67209302325583,194.04285714285714,163.73767441860468,245.60651162790697,Medium,45.0,RB,2.0,11.0,2026-07-23 09:22:29+00:00,Second team,19,17,2025 production baseline,2,Fair,76.0,76.0,,12.03953488372093,PIT,Unrated
00-0036875,Rhamondre Stevenson,RB,NE,ACT,5.0,1.0,Rhamondre Stevenson,RB,NE,11.845238095238095,0.10674444556824057,-0.009063976626916714,27.0,2.0,11.726666666666667,201.36904761904762,199.35333333333332,161.0952380952381,241.64285714285714,Medium,45.0,RB,1.0,11.0,2026-07-23 09:22:29+00:00,First team,19,18,2025 production baseline,1,Fair,75.0,75.0,,11.845238095238095,SEA,Unrated
00-0036389,Jalen Hurts,QB,PHI,ACT,6.0,1.0,Jalen Hurts,QB,PHI,23.511914893617025,0.0,0.0,32.0,2.0,23.408,399.7025531914894,397.93600000000004,319.7620425531916,479.64306382978725,High,25.0,QB,1.0,9.0,2026-07-23 09:22:29+00:00,First team,18,18,2025 production baseline,0,Fair,93.0,93.0,,23.511914893617025,WAS,Unrated
00-0037740,Garrett Wilson,WR,NYJ,ACT,4.0,1.0,Garrett Wilson,WR,NYJ,14.058823529411763,0.2715289835127622,0.3904313164299828,34.0,2.0,14.81764705882353,238.99999999999997,251.9,191.2,286.79999999999995,High,25.0,WR,1.0,1.0,2026-07-23 09:22:29+00:00,First team,18,18,2025 production baseline,0,Fair,88.0,88.0,,14.058823529411763,TEN,Unrated
00-0034348,Courtland Sutton,WR,DEN,ACT,8.0,1.0,Courtland Sutton,WR,DEN,14.058333333333335,0.2415974483304248,0.4397179511388506,32.0,2.0,15.14375,238.9916666666667,257.44375,191.19333333333338,286.79,High,25.0,WR,1.0,1.0,2026-07-23 09:22:29+00:00,First team,18,19,2025 production baseline,-1,Fair,87.0,87.0,,14.058333333333335,KC,Unrated
00-0038679,Tyrell Shavers,WR,BUF,ACT,3.0,1.0,Tyrell Shavers,WR,BUF,13.9,0.037037037037037,-0.0094339622641509,1.0,1.0,13.9,236.3,236.3,189.04000000000002,283.56,Low,70.0,WR,7.0,1.0,2026-07-23 09:22:29+00:00,Reserve / unlisted,18,16,2025 production baseline,2,Fair,87.0,87.0,,13.9,HOU,Unrated
00-0037744,Trey McBride,TE,ARI,ACT,4.0,1.0,Trey McBride,TE,ARI,13.655102040816326,0.2556474443892928,0.23862387270053592,33.0,2.0,15.2375,232.13673469387754,259.0375,185.70938775510206,278.56408163265303,High,25.0,TE,1.0,10.0,2026-07-23 09:22:29+00:00,First team,18,21,2025 production baseline,-3,Fair,98.0,98.0,,13.655102040816326,LAC,Unrated
00-0037197,Isiah Pacheco,RB,DET,ACT,4.0,1.0,Isiah Pacheco,RB,DET,11.70357142857143,0.09577049168250792,-0.039346054458119284,21.0,2.0,8.12857142857143,198.9607142857143,138.1857142857143,159.16857142857145,238.75285714285712,Medium,45.0,RB,2.0,11.0,2026-07-23 09:22:29+00:00,Second team,18,9,2025 production baseline,9,Target,74.0,74.0,,11.70357142857143,NO,Unrated
00-0036973,Travis Etienne,RB,NO,ACT,5.0,1.0,Travis Etienne,RB,NO,11.548936170212764,0.11451445697077949,-0.005106152132396418,32.0,2.0,8.68,196.33191489361698,147.56,157.0655319148936,235.59829787234037,High,25.0,RB,1.0,11.0,2026-07-23 09:22:29+00:00,First team,18,10,2025 production baseline,8,Target,73.0,73.0,,11.548936170212764,DET,Unrated
00-0038994,Jordan Addison,WR,MIN,ACT,3.0,1.0,Jordan Addison,WR,MIN,13.751063829787233,0.19923616727013224,0.2992819746439281,32.0,2.0,14.166666666666666,233.76808510638296,240.83333333333331,187.0144680851064,280.5217021276595,High,25.0,WR,2.0,2.0,2026-07-23 09:22:29+00:00,Second team,17,17,2025 production baseline,0,Fair,86.0,86.0,,13.751063829787233,GB,Unrated
00-0035640,DK Metcalf,WR,PIT,ACT,7.0,1.0,DK Metcalf,WR,PIT,13.21304347826087,0.21407171496714883,0.40674939957725353,31.0,2.0,12.746666666666666,224.62173913043478,216.69333333333333,179.69739130434783,269.5460869565217,High,25.0,WR,1.0,1.0,2026-07-23 09:22:29+00:00,First team,16,13,2025 production baseline,3,Fair,86.0,86.0,,13.21304347826087,ATL,Unrated
00-0033885,David Njoku,TE,LAC,ACT,9.0,1.0,David Njoku,TE,LAC,13.110526315789473,0.22133386828334167,0.14035799336071553,27.0,2.0,13.5,222.87894736842105,229.5,178.30315789473684,267.45473684210526,Medium,45.0,TE,2.0,10.0,2026-07-23 09:22:29+00:00,Second team,16,17,2025 production baseline,-1,Fair,97.0,97.0,,13.110526315789473,ARI,Unrated
00-0030506,Travis Kelce,TE,KC,ACT,13.0,1.0,Travis Kelce,TE,KC,12.982978723404257,0.23043416078612192,0.2455774809632478,31.0,2.0,12.2125,220.71063829787235,207.6125,176.56851063829788,264.8527659574468,High,25.0,TE,1.0,10.0,2026-07-23 09:22:29+00:00,First team,16,13,2025 production baseline,3,Fair,96.0,96.0,,12.982978723404257,DEN,Unrated
00-0039384,Tyrone Tracy Jr.,RB,NYG,ACT,2.0,1.0,Tyrone Tracy Jr.,RB,NYG,10.723529411764707,0.09801423482865353,0.005453099825305963,17.0,1.0,10.723529411764707,182.3,182.3,145.84,218.76000000000002,Medium,45.0,RB,2.0,11.0,2026-07-23 09:22:29+00:00,Second team,16,16,2025 production baseline,0,Fair,72.0,72.0,,10.723529411764707,DAL,Unrated
00-0037267,Jerome Ford,RB,WAS,ACT,4.0,1.0,Jerome Ford,RB,WAS,10.693333333333335,0.1047914322865645,-0.006042862482860906,31.0,2.0,9.571428571428571,181.7866666666667,162.71428571428572,145.42933333333335,218.14400000000003,High,25.0,RB,5.0,11.0,2026-07-23 09:22:29+00:00,Reserve / unlisted,16,13,2025 production baseline,3,Fair,71.0,71.0,,10.693333333333335,PHI,Unrated
00-0033106,Jared Goff,QB,DET,ACT,10.0,1.0,Jared Goff,QB,DET,22.470980392156864,0.0350877192982456,0.042194092827004204,34.0,2.0,23.438823529411767,382.0066666666667,398.46000000000004,305.60533333333336,458.4080000000001,High,25.0,QB,1.0,9.0,2026-07-23 09:22:29+00:00,First team,15,18,2025 production baseline,-3,Fair,92.0,92.0,,22.470980392156864,NO,Unrated
00-0038543,Jaxon Smith-Njigba,WR,SEA,ACT,3.0,1.0,Jaxon Smith-Njigba,WR,SEA,12.858823529411765,0.2168039694248731,0.24273263599749778,34.0,2.0,14.882352941176471,218.60000000000002,253.0,174.88000000000002,262.32,High,25.0,WR,1.0,1.0,2026-07-23 09:22:29+00:00,First team,15,19,2025 production baseline,-4,Fair,85.0,85.0,,12.858823529411765,NE,Unrated
00-0039732,Bo Nix,QB,DEN,ACT,2.0,1.0,Bo Nix,QB,DEN,22.070588235294117,0.0303030303030303,0.0079051383399209,17.0,1.0,22.070588235294117,375.2,375.2,300.16,450.23999999999995,Medium,45.0,QB,1.0,9.0,2026-07-23 09:22:29+00:00,First team,14,15,2025 production baseline,-1,Fair,90.0,90.0,,22.070588235294117,KC,Unrated
00-0039064,Zay Flowers,WR,BAL,ACT,3.0,1.0,Zay Flowers,WR,BAL,12.508000000000001,0.24929872656326038,0.26035264349759546,33.0,2.0,12.323529411764707,212.63600000000002,209.5,170.10880000000003,255.16320000000002,High,25.0,WR,1.0,1.0,2026-07-23 09:22:29+00:00,First team,14,12,2025 production baseline,2,Fair,84.0,84.0,,12.508000000000001,IND,Unrated
00-0036407,Jerry Jeudy,WR,CLE,ACT,6.0,1.0,Jerry Jeudy,WR,CLE,12.472,0.21760578255229027,0.3456272760708258,33.0,2.0,14.170588235294119,212.024,240.90000000000003,169.6192,254.4288,High,25.0,WR,1.0,1.0,2026-07-23 09:22:29+00:00,First team,14,17,2025 production baseline,-3,Fair,84.0,84.0,,12.472,JAX,Unrated
00-0036139,Rico Dowdle,RB,PIT,ACT,6.0,1.0,Rico Dowdle,RB,PIT,10.147916666666667,0.07325544232888576,-0.003372507826210039,32.0,2.0,12.3625,172.51458333333335,210.16250000000002,138.01166666666668,207.0175,High,25.0,RB,2.0,11.0,2026-07-23 09:22:29+00:00,Second team,14,20,2025 production baseline,-6,Overpriced,70.0,70.0,,10.147916666666667,ATL,Unrated
00-0034837,Calvin Ridley,WR,TEN,ACT,8.0,1.0,Calvin Ridley,WR,TEN,12.319607843137256,0.23380981556240146,0.40971621921932605,34.0,2.0,11.71764705882353,209.43333333333334,199.20000000000002,167.54666666666668,251.32,High,25.0,WR,3.0,8.0,2026-07-23 09:22:29+00:00,Reserve / unlisted,13,10,2025 production baseline,3,Fair,83.0,83.0,,12.319607843137256,NYJ,Unrated
00-0039146,Jayden Reed,WR,GB,ACT,3.0,1.0,Jayden Reed,WR,GB,12.223999999999998,0.16658832115799402,0.16292197914947953,33.0,2.0,11.588235294117647,207.80799999999996,197.0,166.2464,249.36959999999993,High,25.0,WR,2.0,2.0,2026-07-23 09:22:29+00:00,Second team,13,10,2025 production baseline,3,Fair,83.0,83.0,,12.223999999999998,MIN,Unrated
00-0036252,Michael Pittman,WR,PIT,ACT,6.0,1.0,Michael Pittman,WR,PIT,12.1625,0.26963095700994666,0.28429543758781944,32.0,2.0,10.3625,206.7625,176.16250000000002,165.41,248.11499999999998,High,25.0,WR,2.0,2.0,2026-07-23 09:22:29+00:00,Second team,13,7,2025 production baseline,6,Target,82.0,82.0,,12.1625,ATL,Unrated
00-0037239,Chris Olave,WR,NO,ACT,4.0,1.0,Chris Olave,WR,NO,12.021875,0.22238909685228955,0.3343905239320838,24.0,2.0,9.5875,204.371875,162.9875,163.4975,245.24624999999997,Medium,45.0,WR,1.0,1.0,2026-07-23 09:22:29+00:00,First team,13,5,2025 production baseline,8,Target,82.0,82.0,,12.021875,DET,Unrated
00-0037240,Jameson Williams,WR,DET,ACT,4.0,1.0,Jameson Williams,WR,DET,12.01666666666667,0.16172543278260337,0.2900165860355935,27.0,2.0,14.146666666666668,204.2833333333334,240.49333333333337,163.42666666666673,245.14000000000004,Medium,45.0,WR,2.0,2.0,2026-07-23 09:22:29+00:00,Second team,13,17,2025 production baseline,-4,Fair,81.0,81.0,,12.01666666666667,NO,Unrated
00-0039065,Sam LaPorta,TE,DET,ACT,3.0,1.0,Sam LaPorta,TE,DET,12.010204081632654,0.18848470128235942,0.19011650846697042,33.0,2.0,10.9125,204.17346938775512,185.5125,163.3387755102041,245.00816326530614,High,25.0,TE,1.0,10.0,2026-07-23 09:22:29+00:00,First team,13,10,2025 production baseline,3,Fair,95.0,95.0,,12.010204081632654,NO,Unrated
00-0033881,Evan Engram,TE,DEN,ACT,9.0,1.0,Evan Engram,TE,DEN,11.694285714285714,0.2453140793003876,0.15549735369546447,26.0,2.0,9.944444444444445,198.80285714285714,169.05555555555557,159.04228571428573,238.56342857142855,Medium,45.0,TE,1.0,10.0,2026-07-23 09:22:29+00:00,First team,13,7,2025 production baseline,6,Target,94.0,94.0,,11.694285714285714,KC,Unrated
00-0034753,Mark Andrews,TE,BAL,ACT,8.0,1.0,Mark Andrews,TE,BAL,11.65909090909091,0.1641814684079264,0.18344510325892202,27.0,2.0,11.105882352941178,198.20454545454547,188.8,158.5636363636364,237.84545454545454,Medium,45.0,TE,1.0,10.0,2026-07-23 09:22:29+00:00,First team,13,10,2025 production baseline,3,Fair,93.0,93.0,,11.65909090909091,IND,Unrated
00-0036997,Javonte Williams,RB,DAL,ACT,5.0,1.0,Javonte Williams,RB,DAL,9.9,0.13172007811517866,-0.02681285354822828,33.0,2.0,9.288235294117648,168.3,157.9,134.64000000000001,201.96,High,25.0,RB,1.0,11.0,2026-07-23 09:22:29+00:00,First team,13,12,2025 production baseline,1,Fair,69.0,69.0,,9.9,NYG,Unrated
00-0039398,Joe Milton III,QB,DAL,ACT,2.0,1.0,Joe Milton III,QB,DAL,21.240000000000002,0.0,0.0,1.0,1.0,21.240000000000002,361.08000000000004,361.08000000000004,288.86400000000003,433.29600000000005,Low,70.0,QB,2.0,9.0,2026-07-23 09:22:29+00:00,Second team,12,13,2025 production baseline,-1,Fair,89.0,89.0,,21.240000000000002,NYG,Unrated
00-0037834,Brock Purdy,QB,SF,ACT,4.0,1.0,Brock Purdy,QB,SF,21.115652173913045,0.0,0.0,31.0,2.0,20.457333333333334,358.96608695652174,347.7746666666667,287.1728695652174,430.75930434782606,High,25.0,QB,1.0,9.0,2026-07-23 09:22:29+00:00,First team,12,11,2025 production baseline,1,Fair,87.0,87.0,,21.115652173913045,LAR,Unrated
00-0037247,George Pickens,WR,DAL,ACT,4.0,1.0,George Pickens,WR,DAL,11.946666666666669,0.2566158794151487,0.4481288935884016,31.0,2.0,11.742857142857144,203.09333333333336,199.62857142857143,162.4746666666667,243.71200000000002,High,25.0,WR,2.0,2.0,2026-07-23 09:22:29+00:00,Second team,12,10,2025 production baseline,2,Fair,80.0,80.0,,11.946666666666669,NYG,Unrated
00-0037545,Rashid Shaheed,WR,SEA,ACT,4.0,1.0,Rashid Shaheed,WR,SEA,11.896296296296295,0.18533770724498932,0.35061038073573725,21.0,2.0,13.633333333333335,202.23703703703703,231.76666666666668,161.78962962962964,242.6844444444444,Medium,45.0,WR,2.0,2.0,2026-07-23 09:22:29+00:00,Second team,12,15,2025 production baseline,-3,Fair,80.0,80.0,,11.896296296296295,NE,Unrated
00-0038977,Tank Dell,WR,HOU,ACT,3.0,1.0,Tank Dell,WR,HOU,11.710526315789473,0.19033816370978382,0.2850761359175364,24.0,2.0,10.0,199.07894736842104,170.0,159.26315789473685,238.89473684210523,Medium,45.0,WR,5.0,2.0,2026-07-23 09:22:29+00:00,Reserve / unlisted,12,6,2025 production baseline,6,Target,79.0,79.0,,11.710526315789473,BUF,Unrated
00-0039894,Xavier Worthy,WR,KC,ACT,2.0,1.0,Xavier Worthy,WR,KC,11.7,0.1785275723033403,0.2633402032368769,16.0,1.0,11.7,198.89999999999998,198.89999999999998,159.12,238.67999999999995,Medium,45.0,WR,2.0,2.0,2026-07-23 09:22:29+00:00,Second team,12,10,2025 production baseline,2,Fair,79.0,79.0,,11.7,DEN,Unrated
00-0039165,Zach Charbonnet,RB,SEA,ACT,3.0,1.0,Zach Charbonnet,RB,SEA,9.47,0.09795161804995146,-0.019810995054173594,33.0,2.0,10.805882352941177,160.99,183.70000000000002,128.792,193.18800000000002,High,25.0,RB,1.0,11.0,2026-07-23 09:22:29+00:00,First team,12,16,2025 production baseline,-4,Fair,68.0,68.0,,9.47,NE,Unrated
00-0037228,Jaylen Warren,RB,PIT,ACT,4.0,1.0,Jaylen Warren,RB,PIT,9.459574468085107,0.1320655515801898,-0.015233945637032783,32.0,2.0,8.273333333333333,160.8127659574468,140.64666666666668,128.65021276595743,192.97531914893617,High,25.0,RB,1.0,11.0,2026-07-23 09:22:29+00:00,First team,12,9,2025 production baseline,3,Fair,67.0,67.0,,9.459574468085107,ATL,Unrated
00-0039032,Tyjae Spears,RB,TEN,ACT,3.0,1.0,Tyjae Spears,RB,TEN,9.292682926829269,0.12906367553882386,-0.013339152958534856,29.0,2.0,9.466666666666667,157.97560975609755,160.93333333333334,126.38048780487804,189.57073170731707,Medium,45.0,RB,2.0,11.0,2026-07-23 09:22:29+00:00,Second team,12,12,2025 production baseline,0,Fair,66.0,66.0,,9.292682926829269,NYJ,Unrated
00-0033077,Dak Prescott,QB,DAL,ACT,10.0,1.0,Dak Prescott,QB,DAL,20.96606060606061,0.0,0.0,25.0,2.0,17.314999999999998,356.4230303030304,294.35499999999996,285.1384242424243,427.7076363636364,Medium,45.0,QB,1.0,9.0,2026-07-23 09:22:29+00:00,First team,11,2,2025 production baseline,9,Target,86.0,86.0,,20.96606060606061,NYG,Unrated
00-0033873,Patrick Mahomes,QB,KC,ACT,9.0,1.0,Patrick Mahomes,QB,KC,20.922083333333333,0.024691358024691336,-0.004166666666666667,32.0,2.0,20.93875,355.67541666666665,355.95875,284.5403333333333,426.8105,High,25.0,QB,1.0,9.0,2026-07-23 09:22:29+00:00,First team,11,12,2025 production baseline,-1,Fair,85.0,85.0,,20.922083333333333,DEN,Unrated
00-0038997,Josh Downs,WR,IND,ACT,3.0,1.0,Josh Downs,WR,IND,11.588888888888889,0.22758894569039256,0.16730135859123255,31.0,2.0,13.014285714285714,197.01111111111112,221.24285714285713,157.6088888888889,236.41333333333333,High,25.0,WR,2.0,2.0,2026-07-23 09:22:29+00:00,Second team,11,14,2025 production baseline,-3,Fair,78.0,78.0,,11.588888888888889,BAL,Unrated
00-0039849,Marvin Harrison Jr.,WR,ARI,ACT,2.0,1.0,Marvin Harrison Jr.,WR,ARI,11.558823529411764,0.22580166954521225,0.42665208976842367,17.0,1.0,11.558823529411764,196.5,196.5,157.20000000000002,235.79999999999998,Medium,45.0,WR,1.0,1.0,2026-07-23 09:22:29+00:00,First team,11,10,2025 production baseline,1,Fair,77.0,77.0,,11.558823529411764,LAC,Unrated
00-0036613,Jaylen Waddle,WR,DEN,ACT,5.0,1.0,Jaylen Waddle,WR,DEN,11.313636363636363,0.18614979023996764,0.2787667921026528,29.0,2.0,9.973333333333333,192.33181818181816,169.54666666666665,153.86545454545455,230.79818181818177,Medium,45.0,WR,2.0,2.0,2026-07-23 09:22:29+00:00,Second team,11,6,2025 production baseline,5,Target,77.0,77.0,,11.313636363636363,KC,Unrated
00-0035229,T.J. Hockenson,TE,MIN,ACT,7.0,1.0,T.J. Hockenson,TE,MIN,11.200000000000001,0.2064459679403662,0.21197795292814223,25.0,2.0,8.65,190.4,147.05,152.32000000000002,228.48,Medium,45.0,TE,1.0,10.0,2026-07-23 09:22:29+00:00,First team,11,4,2025 production baseline,7,Target,92.0,92.0,,11.200000000000001,GB,Unrated
00-0036259,Jauan Jennings,WR,MIN,ACT,6.0,1.0,Jauan Jennings,WR,MIN,11.25,0.20907596770694736,0.2582612535920682,27.0,2.0,14.033333333333333,191.25,238.56666666666666,153.0,229.5,Medium,45.0,WR,3.0,8.0,2026-07-23 09:22:29+00:00,Reserve / unlisted,10,16,2025 production baseline,-6,Overpriced,76.0,76.0,,11.25,GB,Unrated
00-0036264,Jordan Love,QB,GB,ACT,6.0,1.0,Jordan Love,QB,GB,20.229361702127658,0.0,0.0,32.0,2.0,18.924,343.8991489361702,321.70799999999997,275.1193191489362,412.6789787234042,High,25.0,QB,1.0,9.0,2026-07-23 09:22:29+00:00,First team,9,7,2025 production baseline,2,Fair,83.0,83.0,,20.229361702127658,MIN,Unrated
00-0035228,Kyler Murray,QB,MIN,ACT,7.0,1.0,Kyler Murray,QB,MIN,20.115238095238094,0.0,0.0,25.0,2.0,19.95529411764706,341.9590476190476,339.24,273.5672380952381,410.35085714285714,Medium,45.0,QB,1.0,9.0,2026-07-23 09:22:29+00:00,First team,9,9,2025 production baseline,0,Fair,82.0,82.0,,20.115238095238094,GB,Unrated
00-0037525,Jordan Mason,RB,MIN,ACT,4.0,1.0,Jordan Mason,RB,MIN,8.324242424242424,0.055869741997383794,0.019754468915068435,21.0,2.0,9.583333333333334,141.5121212121212,162.91666666666669,113.20969696969696,169.81454545454542,Medium,45.0,RB,2.0,11.0,2026-07-23 09:22:29+00:00,Second team,9,13,2025 production baseline,-4,Fair,65.0,65.0,,8.324242424242424,GB,Unrated
00-0036355,Justin Herbert,QB,LAC,ACT,6.0,1.0,Justin Herbert,QB,LAC,19.93531914893617,0.007475560667050021,-0.007563164893617021,30.0,2.0,19.49411764705882,338.9004255319149,331.4,271.12034042553194,406.68051063829785,High,25.0,QB,1.0,9.0,2026-07-23 09:22:29+00:00,First team,8,8,2025 production baseline,0,Fair,80.0,80.0,,19.93531914893617,ARI,Unrated
00-0036212,Tua Tagovailoa,QB,ATL,ACT,6.0,1.0,Tua Tagovailoa,QB,ATL,19.73128205128205,0.0,0.0,28.0,2.0,19.961818181818185,335.43179487179486,339.3509090909091,268.3454358974359,402.51815384615384,Medium,45.0,QB,1.0,9.0,2026-07-23 09:22:29+00:00,First team,8,9,2025 production baseline,-1,Fair,79.0,79.0,,19.73128205128205,PIT,Unrated
00-0026158,Joe Flacco,QB,CIN,ACT,18.0,1.0,Joe Flacco,QB,CIN,19.627368421052633,0.0,0.0,12.0,2.0,17.57714285714286,333.66526315789474,298.8114285714286,266.9322105263158,400.39831578947366,Medium,45.0,QB,2.0,9.0,2026-07-23 09:22:29+00:00,Second team,8,3,2025 production baseline,5,Target,77.0,77.0,,19.627368421052633,TB,Unrated
00-0034775,Christian Kirk,WR,SF,ACT,8.0,1.0,Christian Kirk,WR,SF,10.430714285714286,0.1998031271044515,0.2933295185535156,20.0,2.0,8.8625,177.32214285714286,150.66250000000002,141.8577142857143,212.78657142857142,Medium,45.0,WR,3.0,8.0,2026-07-23 09:22:29+00:00,Reserve / unlisted,8,3,2025 production baseline,5,Target,76.0,76.0,,10.430714285714286,LAR,Unrated
00-0039855,Jalen McMillan,WR,TB,ACT,2.0,1.0,Jalen McMillan,WR,TB,10.415384615384616,0.13403868483219297,0.21504469474509433,13.0,1.0,10.415384615384616,177.06153846153848,177.06153846153848,141.6492307692308,212.47384615384615,Medium,45.0,WR,3.0,8.0,2026-07-23 09:22:29+00:00,Reserve / unlisted,8,7,2025 production baseline,1,Fair,75.0,75.0,,10.415384615384616,CIN,Unrated
00-0037261,Khalil Shakir,WR,BUF,ACT,4.0,1.0,Khalil Shakir,WR,BUF,10.393478260869566,0.18064801974427816,0.13627840988906748,31.0,2.0,12.166666666666666,176.6891304347826,206.83333333333331,141.3513043478261,212.02695652173912,High,25.0,WR,2.0,2.0,2026-07-23 09:22:29+00:00,Second team,8,12,2025 production baseline,-4,Fair,75.0,75.0,,10.393478260869566,HOU,Unrated
00-0037816,Romeo Doubs,WR,NE,ACT,4.0,1.0,Romeo Doubs,WR,NE,10.2,0.1854299834132341,0.27471632336977414,30.0,2.0,10.161538461538461,173.39999999999998,172.74615384615385,138.72,208.07999999999996,High,25.0,WR,2.0,2.0,2026-07-23 09:22:29+00:00,Second team,8,6,2025 production baseline,2,Fair,74.0,74.0,,10.2,SEA,Unrated
00-0038117,Wan'Dale Robinson,WR,TEN,ACT,4.0,1.0,Wan'Dale Robinson,WR,TEN,10.175510204081633,0.2303295952303053,0.1674828285414703,32.0,2.0,10.747058823529413,172.98367346938775,182.70000000000002,138.3869387755102,207.5804081632653,High,25.0,WR,2.0,2.0,2026-07-23 09:22:29+00:00,Second team,8,8,2025 production baseline,0,Fair,73.0,73.0,,10.175510204081633,NYJ,Unrated
00-0034351,Dallas Goedert,TE,PHI,ACT,8.0,1.0,Dallas Goedert,TE,PHI,10.102941176470589,0.19347466028208749,0.1526813908972745,24.0,2.0,10.36,171.75,176.12,137.4,206.1,Medium,45.0,TE,1.0,10.0,2026-07-23 09:22:29+00:00,First team,8,9,2025 production baseline,-1,Fair,91.0,91.0,,10.102941176470589,WAS,Unrated
00-0036290,Cole Kmet,TE,CHI,ACT,6.0,1.0,Cole Kmet,TE,CHI,9.811627906976744,0.15051381253357482,0.1372927811666574,29.0,2.0,8.6,166.79767441860466,146.2,133.43813953488373,200.15720930232558,Medium,45.0,TE,2.0,10.0,2026-07-23 09:22:29+00:00,Second team,8,4,2025 production baseline,4,Target,90.0,90.0,,9.811627906976744,CAR,Unrated
00-0034975,Justice Hill,RB,BAL,ACT,7.0,1.0,Justice Hill,RB,BAL,7.9021739130434785,0.12225980186547417,0.0004170321608272324,31.0,2.0,8.473333333333334,134.33695652173913,144.04666666666668,107.4695652173913,161.20434782608694,High,25.0,RB,2.0,11.0,2026-07-23 09:22:29+00:00,Second team,8,10,2025 production baseline,-2,Fair,64.0,64.0,,7.9021739130434785,IND,Unrated
00-0036265,AJ Dillon,RB,CAR,ACT,6.0,1.0,AJ Dillon,RB,CAR,7.84,0.06969738920049853,-0.0020163143306720747,15.0,1.0,7.840000000000001,133.28,133.28,106.62400000000001,159.936,Medium,45.0,RB,4.0,11.0,2026-07-23 09:22:29+00:00,Reserve / unlisted,8,8,2025 production baseline,0,Fair,63.0,63.0,,7.84,CHI,Unrated
00-0035250,Devin Singletary,RB,NYG,ACT,7.0,1.0,Devin Singletary,RB,NYG,7.713617021276595,0.06545497057716086,-0.019943110906333526,32.0,2.0,6.4399999999999995,131.1314893617021,109.47999999999999,104.9051914893617,157.35778723404252,High,25.0,RB,3.0,11.0,2026-07-23 09:22:29+00:00,Reserve / unlisted,8,4,2025 production baseline,4,Target,62.0,62.0,,7.713617021276595,DAL,Unrated
00-0036309,Darnell Mooney,WR,NYG,ACT,6.0,1.0,Darnell Mooney,WR,NYG,10.115217391304348,0.1879157628003419,0.3036128876097337,30.0,2.0,12.075000000000001,171.95869565217393,205.275,137.56695652173914,206.35043478260872,High,25.0,WR,3.0,8.0,2026-07-23 09:22:29+00:00,Reserve / unlisted,7,11,2025 production baseline,-4,Fair,73.0,73.0,,10.115217391304348,DAL,Unrated
00-0035662,Marquise Brown,WR,PHI,ACT,7.0,1.0,Marquise Brown,WR,PHI,10.05294117647059,0.23746654802769962,0.36247207890089034,15.0,2.0,9.05,170.90000000000003,153.85000000000002,136.72000000000003,205.08000000000004,Medium,45.0,WR,4.0,1.0,2026-07-23 09:22:29+00:00,Reserve / unlisted,7,3,2025 production baseline,4,Target,72.0,72.0,,10.05294117647059,WAS,Unrated
00-0038454,Keaton Mitchell,RB,LAC,ACT,3.0,1.0,Keaton Mitchell,RB,LAC,7.590909090909093,0.05918384152079804,-0.011593363841317128,9.0,2.0,3.4000000000000004,129.04545454545456,57.800000000000004,103.23636363636365,154.85454545454547,Low,70.0,RB,3.0,11.0,2026-07-23 09:22:29+00:00,Reserve / unlisted,7,0,2025 production baseline,7,Target,61.0,61.0,,7.590909090909093,ARI,Unrated
00-0039363,Isaac Guerendo,RB,SF,ACT,2.0,1.0,Isaac Guerendo,RB,SF,7.4,0.09469134000443293,0.02434774796329085,13.0,1.0,7.4,125.80000000000001,125.80000000000001,100.64000000000001,150.96,Medium,45.0,RB,4.0,11.0,2026-07-23 09:22:29+00:00,Reserve / unlisted,7,7,2025 production baseline,0,Fair,60.0,60.0,,7.4,LAR,Unrated
00-0038544,Quentin Johnston,WR,LAC,ACT,3.0,1.0,Quentin Johnston,WR,LAC,9.43404255319149,0.17362874080702387,0.24422888182920044,32.0,2.0,11.646666666666668,160.37872340425534,197.99333333333337,128.30297872340427,192.4544680851064,High,25.0,WR,2.0,2.0,2026-07-23 09:22:29+00:00,Second team,6,10,2025 production baseline,-4,Fair,72.0,72.0,,9.43404255319149,ARI,Unrated
00-0038996,Tucker Kraft,TE,GB,ACT,3.0,1.0,Tucker Kraft,TE,GB,9.206818181818182,0.14403912552029627,0.08443664870147113,27.0,2.0,9.605882352941178,156.5159090909091,163.3,125.21272727272729,187.81909090909093,Medium,45.0,TE,1.0,10.0,2026-07-23 09:22:29+00:00,First team,6,7,2025 production baseline,-1,Fair,89.0,89.0,,9.206818181818182,MIN,Unrated
00-0036894,Pat Freiermuth,TE,PIT,ACT,5.0,1.0,Pat Freiermuth,TE,PIT,9.186666666666666,0.16434923470147653,0.13640590136261646,28.0,2.0,9.9,156.17333333333332,168.3,124.93866666666666,187.408,Medium,45.0,TE,1.0,10.0,2026-07-23 09:22:29+00:00,First team,6,7,2025 production baseline,-1,Fair,88.0,88.0,,9.186666666666666,ATL,Unrated
00-0033090,Hunter Henry,TE,NE,ACT,10.0,1.0,Hunter Henry,TE,NE,9.126666666666667,0.18720679852962885,0.1950808903138414,29.0,2.0,9.0875,155.15333333333334,154.4875,124.12266666666667,186.184,Medium,45.0,TE,1.0,10.0,2026-07-23 09:22:29+00:00,First team,6,5,2025 production baseline,1,Fair,87.0,87.0,,9.126666666666667,SEA,Unrated
00-0039875,Ray Davis,RB,BUF,ACT,2.0,1.0,Ray Davis,RB,BUF,7.25625,0.058956402361841805,0.005839569150777066,16.0,1.0,7.2562500000000005,123.35624999999999,123.35625,98.685,148.02749999999997,Medium,45.0,RB,2.0,11.0,2026-07-23 09:22:29+00:00,Second team,6,7,2025 production baseline,-1,Fair,59.0,59.0,,7.25625,HOU,Unrated
00-0039916,Ricky Pearsall,WR,SF,ACT,2.0,1.0,Ricky Pearsall,WR,SF,9.35,0.14103304230059438,0.2067748494102879,10.0,1.0,9.35,158.95,158.95,127.16,190.73999999999998,Low,70.0,WR,2.0,2.0,2026-07-23 09:22:29+00:00,Second team,5,4,2025 production baseline,1,Fair,71.0,71.0,,9.35,LAR,Unrated
00-0036182,Nick Westbrook-Ikhine,WR,IND,ACT,6.0,1.0,Nick Westbrook-Ikhine,WR,IND,9.138461538461538,0.14324082608697744,0.18357664906871352,26.0,2.0,10.438461538461537,155.35384615384615,177.45384615384611,124.28307692307692,186.42461538461538,Medium,45.0,WR,4.0,1.0,2026-07-23 09:22:29+00:00,Reserve / unlisted,5,7,2025 production baseline,-2,Fair,71.0,71.0,,9.138461538461538,BAL,Unrated
00-0036550,Rashod Bateman,WR,BAL,ACT,5.0,1.0,Rashod Bateman,WR,BAL,9.057446808510639,0.15808286378975794,0.2626596953165708,31.0,2.0,10.912500000000001,153.97659574468085,185.51250000000002,123.18127659574469,184.771914893617,High,25.0,WR,2.0,2.0,2026-07-23 09:22:29+00:00,Second team,5,8,2025 production baseline,-3,Fair,70.0,70.0,,9.057446808510639,IND,Unrated
00-0038129,Cade Otton,TE,TB,ACT,4.0,1.0,Cade Otton,TE,TB,9.038636363636364,0.16404361878891152,0.13767005662201046,30.0,2.0,10.042857142857143,153.65681818181818,170.72857142857143,122.92545454545456,184.3881818181818,High,25.0,TE,1.0,10.0,2026-07-23 09:22:29+00:00,First team,5,8,2025 production baseline,-3,Fair,86.0,86.0,,9.038636363636364,CIN,Unrated
DST_DEN,,,,,,,DEN D/ST,DST,DEN,8.064705882352943,,,51.0,3.0,,137.10000000000002,135.0,102.82500000000002,171.37500000000003,High,45.0,,,,,,5,4,2025 production baseline,1,Fair,100.0,100.0,,8.064705882352943,KC,Unrated
00-0032104,Ameer Abdullah,RB,JAX,ACT,11.0,1.0,Ameer Abdullah,RB,JAX,6.938095238095237,0.08146987510823402,0.00918262211541602,29.0,2.0,9.63076923076923,117.94761904761904,163.72307692307692,94.35809523809525,141.53714285714284,Medium,45.0,RB,4.0,11.0,2026-07-23 09:22:29+00:00,Reserve / unlisted,5,13,2025 production baseline,-8,Overpriced,58.0,58.0,,6.938095238095237,CLE,Unrated
00-0037263,Tyler Allgeier,RB,ARI,ACT,4.0,1.0,Tyler Allgeier,RB,ARI,6.862745098039216,0.050217305952349654,-0.0033939841863553626,34.0,2.0,6.247058823529412,116.66666666666667,106.2,93.33333333333334,140.0,High,25.0,RB,2.0,11.0,2026-07-23 09:22:29+00:00,Second team,5,4,2025 production baseline,1,Fair,57.0,57.0,,6.862745098039216,LAC,Unrated
00-0037509,Sincere McCormick,RB,SF,ACT,4.0,1.0,Sincere McCormick,RB,SF,6.800000000000001,0.06778711484593837,0.0013952704204893997,4.0,1.0,6.800000000000001,115.60000000000001,115.60000000000001,92.48000000000002,138.72,Low,70.0,RB,6.0,11.0,2026-07-23 09:22:29+00:00,Reserve / unlisted,5,5,2025 production baseline,0,Fair,56.0,56.0,,6.800000000000001,LAR,Unrated
00-0039021,Roschon Johnson,RB,CHI,ACT,3.0,1.0,Roschon Johnson,RB,CHI,6.587179487179487,0.1014916792569021,-0.014796078765680386,27.0,2.0,6.45,111.98205128205127,109.65,89.58564102564102,134.37846153846152,Medium,45.0,RB,3.0,11.0,2026-07-23 09:22:29+00:00,Reserve / unlisted,5,4,2025 production baseline,1,Fair,55.0,55.0,,6.587179487179487,CAR,Unrated
00-0038400,Tanner McKee,QB,PHI,ACT,3.0,1.0,Tanner McKee,QB,PHI,18.41,0.0,0.0,2.0,1.0,18.41,312.97,312.97,250.37600000000003,375.564,Low,70.0,QB,3.0,9.0,2026-07-23 09:22:29+00:00,Reserve / unlisted,4,5,2025 production baseline,-1,Fair,76.0,76.0,,18.41,WAS,Unrated
00-0038621,DeMario Douglas,WR,NE,ACT,3.0,1.0,DeMario Douglas,WR,NE,8.752173913043478,0.1832437349409349,0.17533563937931496,30.0,2.0,9.231250000000001,148.7869565217391,156.93125,119.0295652173913,178.54434782608692,High,25.0,WR,5.0,2.0,2026-07-23 09:22:29+00:00,Reserve / unlisted,4,4,2025 production baseline,0,Fair,69.0,69.0,,8.752173913043478,SEA,Unrated
00-0039751,Jordan Whittington,WR,LAR,ACT,2.0,1.0,Jordan Whittington,WR,LAR,8.75,0.1397179055974658,0.0938051665425621,6.0,1.0,8.75,148.75,148.75,119.0,178.5,Low,70.0,WR,3.0,8.0,2026-07-23 09:22:29+00:00,Reserve / unlisted,4,3,2025 production baseline,1,Fair,69.0,69.0,,8.75,SF,Unrated
00-0038041,Jake Ferguson,TE,DAL,ACT,4.0,1.0,Jake Ferguson,TE,DAL,8.575555555555555,0.17167875598130336,0.0984361175326225,31.0,2.0,7.457142857142857,145.78444444444443,126.77142857142857,116.62755555555555,174.94133333333332,High,25.0,TE,1.0,10.0,2026-07-23 09:22:29+00:00,First team,4,1,2025 production baseline,3,Fair,85.0,85.0,,8.575555555555555,NYG,Unrated
00-0038933,Dalton Kincaid,TE,BUF,ACT,3.0,1.0,Dalton Kincaid,TE,BUF,8.378571428571428,0.1930389830998647,0.16163163747052917,29.0,2.0,7.753846153846154,142.43571428571428,131.8153846153846,113.94857142857143,170.92285714285714,Medium,45.0,TE,1.0,10.0,2026-07-23 09:22:29+00:00,First team,4,2,2025 production baseline,2,Fair,84.0,84.0,,8.378571428571428,HOU,Unrated
DST_SEA,,,,,,,SEA D/ST,DST,SEA,8.061764705882354,,,51.0,3.0,,137.05,157.0,102.78750000000001,171.3125,High,45.0,,,,,,4,5,2025 production baseline,-1,Fair,97.0,97.0,,8.061764705882354,NE,Unrated
DST_HOU,,,,,,,HOU D/ST,DST,HOU,7.544117647058823,,,51.0,3.0,,128.25,135.0,96.1875,160.3125,High,45.0,,,,,,4,4,2025 production baseline,0,Fair,94.0,94.0,,7.544117647058823,BUF,Unrated
00-0038555,Tank Bigsby,RB,PHI,ACT,3.0,1.0,Tank Bigsby,RB,PHI,6.57674418604651,0.040520085373396963,0.001461601209948321,28.0,2.0,8.6,111.80465116279068,146.2,89.44372093023254,134.1655813953488,Medium,45.0,RB,2.0,11.0,2026-07-23 09:22:29+00:00,Second team,4,10,2025 production baseline,-6,Overpriced,54.0,54.0,,6.57674418604651,WAS,Unrated
00-0030565,Geno Smith,QB,NYJ,ACT,13.0,1.0,Geno Smith,QB,NYJ,18.025714285714283,0.011773940345368928,-0.01913265306122449,32.0,2.0,18.11764705882353,306.4371428571428,308.0,245.14971428571425,367.7245714285714,High,25.0,QB,1.0,9.0,2026-07-23 09:22:29+00:00,First team,3,4,2025 production baseline,-1,Fair,75.0,75.0,,18.025714285714283,TEN,Unrated
00-0023459,Aaron Rodgers,QB,PIT,ACT,21.0,1.0,Aaron Rodgers,QB,PIT,17.86171428571428,0.0,0.0,18.0,2.0,18.38705882352941,303.6491428571428,312.58,242.91931428571425,364.37897142857133,Medium,45.0,QB,1.0,9.0,2026-07-23 09:22:29+00:00,First team,3,5,2025 production baseline,-2,Fair,73.0,73.0,,17.86171428571428,ATL,Unrated
00-0034869,Sam Darnold,QB,SEA,ACT,8.0,1.0,Sam Darnold,QB,SEA,17.802272727272726,0.0,0.0,27.0,2.0,22.232941176470586,302.63863636363635,377.96,242.1109090909091,363.1663636363636,Medium,45.0,QB,1.0,9.0,2026-07-23 09:22:29+00:00,First team,3,15,2025 production baseline,-12,Overpriced,72.0,72.0,,17.802272727272726,NE,Unrated
00-0036971,Trevor Lawrence,QB,JAX,ACT,5.0,1.0,Trevor Lawrence,QB,JAX,17.776111111111113,0.0,0.0,26.0,2.0,16.77,302.1938888888889,285.09,241.75511111111115,362.6326666666667,Medium,45.0,QB,1.0,9.0,2026-07-23 09:22:29+00:00,First team,3,1,2025 production baseline,2,Fair,70.0,70.0,,17.776111111111113,CLE,Unrated
00-0039901,Keon Coleman,WR,BUF,ACT,2.0,1.0,Keon Coleman,WR,BUF,8.576923076923077,0.15478651630898083,0.28085296181429276,13.0,1.0,8.576923076923077,145.8076923076923,145.8076923076923,116.64615384615384,174.96923076923073,Medium,45.0,WR,4.0,1.0,2026-07-23 09:22:29+00:00,Reserve / unlisted,3,2,2025 production baseline,1,Fair,68.0,68.0,,8.576923076923077,HOU,Unrated
00-0037664,Alec Pierce,WR,IND,ACT,4.0,1.0,Alec Pierce,WR,IND,8.534693877551021,0.136819148125063,0.26943429607177627,33.0,2.0,10.0875,145.08979591836737,171.4875,116.0718367346939,174.10775510204084,High,25.0,WR,1.0,1.0,2026-07-23 09:22:29+00:00,First team,3,6,2025 production baseline,-3,Fair,68.0,68.0,,8.534693877551021,BAL,Unrated
00-0039919,Rome Odunze,WR,CHI,ACT,2.0,1.0,Rome Odunze,WR,CHI,8.523529411764706,0.1891281555158179,0.3260296007840569,17.0,1.0,8.523529411764706,144.9,144.9,115.92000000000002,173.88,Medium,45.0,WR,1.0,1.0,2026-07-23 09:22:29+00:00,First team,3,2,2025 production baseline,1,Fair,67.0,67.0,,8.523529411764706,CAR,Unrated
00-0038124,Christian Watson,WR,GB,ACT,4.0,1.0,Christian Watson,WR,GB,8.42972972972973,0.15469870687379267,0.32036761797007746,23.0,2.0,7.521428571428571,143.3054054054054,127.86428571428571,114.64432432432432,171.96648648648647,Medium,45.0,WR,1.0,1.0,2026-07-23 09:22:29+00:00,First team,3,0,2025 production baseline,3,Fair,66.0,66.0,,8.42972972972973,MIN,Unrated
00-0039491,Jalen Coker,WR,CAR,ACT,2.0,1.0,Jalen Coker,WR,CAR,8.414545454545454,0.14763726814528944,0.21205170333508258,11.0,1.0,8.414545454545454,143.0472727272727,143.0472727272727,114.43781818181817,171.65672727272724,Low,70.0,WR,2.0,2.0,2026-07-23 09:22:29+00:00,Second team,3,2,2025 production baseline,1,Fair,66.0,66.0,,8.414545454545454,CHI,Unrated
00-0039342,Xavier Legette,WR,CAR,ACT,2.0,1.0,Xavier Legette,WR,CAR,8.34,0.1853177104395627,0.23798427460968494,15.0,1.0,8.34,141.78,141.78,113.424,170.136,Medium,45.0,WR,3.0,8.0,2026-07-23 09:22:29+00:00,Reserve / unlisted,3,2,2025 production baseline,1,Fair,65.0,65.0,,8.34,CHI,Unrated
00-0037838,Isaiah Likely,TE,NYG,ACT,4.0,1.0,Isaiah Likely,TE,NYG,8.104651162790697,0.125607298697527,0.11657794049584036,28.0,2.0,8.246666666666666,137.77906976744185,140.19333333333333,110.22325581395349,165.3348837209302,Medium,45.0,TE,1.0,10.0,2026-07-23 09:22:29+00:00,First team,3,3,2025 production baseline,0,Fair,83.0,83.0,,8.104651162790697,DAL,Unrated
00-0036040,Juwan Johnson,TE,NO,ACT,6.0,1.0,Juwan Johnson,TE,NO,7.986046511627907,0.136870459059916,0.14221509823298084,28.0,2.0,8.186666666666667,135.76279069767443,139.17333333333335,108.61023255813956,162.9153488372093,Medium,45.0,TE,1.0,10.0,2026-07-23 09:22:29+00:00,First team,3,3,2025 production baseline,0,Fair,82.0,82.0,,7.986046511627907,DET,Unrated
DST_MIN,,,,,,,MIN D/ST,DST,MIN,7.323529411764706,,,51.0,3.0,,124.5,117.0,93.375,155.625,High,45.0,,,,,,3,2,2025 production baseline,1,Fair,91.0,91.0,,7.323529411764706,GB,Unrated
DST_PIT,,,,,,,PIT D/ST,DST,PIT,7.197058823529411,,,51.0,3.0,,122.35,115.0,91.76249999999999,152.9375,High,45.0,,,,,,3,2,2025 production baseline,1,Fair,88.0,88.0,,7.197058823529411,ATL,Unrated
DST_PHI,,,,,,,PHI D/ST,DST,PHI,6.96470588235294,,,51.0,3.0,,118.39999999999999,125.0,88.8,148.0,High,45.0,,,,,,3,3,2025 production baseline,0,Fair,84.0,84.0,,6.96470588235294,WAS,Unrated
00-0036924,Michael Carter,RB,TEN,ACT,5.0,1.0,Michael Carter,RB,TEN,6.2095238095238106,0.07963427942868705,0.0016014091017954378,18.0,2.0,11.933333333333332,105.56190476190478,202.86666666666665,84.44952380952384,126.67428571428573,Medium,45.0,RB,4.0,11.0,2026-07-23 09:22:29+00:00,Reserve / unlisted,3,19,2025 production baseline,-16,Overpriced,53.0,53.0,,6.2095238095238106,NYJ,Unrated
00-0038794,Jaleel McLaughlin,RB,DEN,ACT,3.0,1.0,Jaleel McLaughlin,RB,DEN,6.13061224489796,0.08016196006116087,-0.05130148034660773,33.0,2.0,6.075,104.22040816326532,103.275,83.37632653061226,125.06448979591838,High,25.0,RB,4.0,11.0,2026-07-23 09:22:29+00:00,Reserve / unlisted,3,4,2025 production baseline,-1,Fair,52.0,52.0,,6.13061224489796,KC,Unrated
00-0036020,Salvon Ahmed,RB,CHI,ACT,6.0,1.0,Salvon Ahmed,RB,CHI,6.128571428571428,0.09513546798029561,0.008754582285844087,7.0,1.0,6.128571428571428,104.18571428571428,104.18571428571428,83.34857142857143,125.02285714285713,Low,70.0,RB,5.0,11.0,2026-07-23 09:22:29+00:00,Reserve / unlisted,3,4,2025 production baseline,-1,Fair,51.0,51.0,,6.128571428571428,CAR,Unrated
00-0039424,Devaughn Vele,WR,NO,ACT,2.0,1.0,Devaughn Vele,WR,NO,8.192307692307692,0.12595088630271672,0.15939581396887315,13.0,1.0,8.192307692307692,139.26923076923075,139.26923076923075,111.4153846153846,167.1230769230769,Medium,45.0,WR,3.0,8.0,2026-07-23 09:22:29+00:00,Reserve / unlisted,2,1,2025 production baseline,1,Fair,65.0,65.0,,8.192307692307692,DET,Unrated
00-0038559,Michael Wilson,WR,ARI,ACT,3.0,1.0,Michael Wilson,WR,ARI,8.07777777777778,0.14246056271536395,0.24866157268311978,29.0,2.0,7.78125,137.32222222222225,132.28125,109.85777777777781,164.7866666666667,Medium,45.0,WR,2.0,2.0,2026-07-23 09:22:29+00:00,Second team,2,0,2025 production baseline,2,Fair,64.0,64.0,,8.07777777777778,LAC,Unrated
00-0036988,Josh Palmer,WR,BUF,ACT,5.0,1.0,Josh Palmer,WR,BUF,8.0375,0.15335710403750907,0.25908250065170685,25.0,2.0,7.16,136.6375,121.72,109.31,163.96499999999997,Medium,45.0,WR,3.0,8.0,2026-07-23 09:22:29+00:00,Reserve / unlisted,2,0,2025 production baseline,2,Fair,64.0,64.0,,8.0375,HOU,Unrated
00-0032775,Demarcus Robinson,WR,SF,ACT,10.0,1.0,Demarcus Robinson,WR,SF,7.961904761904761,0.12011075583505565,0.24919404285671318,25.0,2.0,7.264705882352941,135.35238095238094,123.5,108.28190476190476,162.4228571428571,Medium,45.0,WR,5.0,2.0,2026-07-23 09:22:29+00:00,Reserve / unlisted,2,0,2025 production baseline,2,Fair,63.0,63.0,,7.961904761904761,LAR,Unrated
00-0034383,Dalton Schultz,TE,HOU,ACT,8.0,1.0,Dalton Schultz,TE,HOU,7.895918367346939,0.1610641417634849,0.1536156647707822,32.0,2.0,6.952941176470588,134.23061224489797,118.2,107.38448979591838,161.07673469387757,High,25.0,TE,1.0,10.0,2026-07-23 09:22:29+00:00,First team,2,0,2025 production baseline,2,Fair,81.0,81.0,,7.895918367346939,BUF,Unrated
00-0036970,Kyle Pitts,TE,ATL,ACT,5.0,1.0,Kyle Pitts,TE,ATL,7.837254901960785,0.15274569914008973,0.19002760371913274,34.0,2.0,7.717647058823529,133.23333333333335,131.2,106.58666666666669,159.88000000000002,High,25.0,TE,1.0,10.0,2026-07-23 09:22:29+00:00,First team,2,2,2025 production baseline,0,Fair,80.0,80.0,,7.837254901960785,PIT,Unrated
00-0033110,Tyler Higbee,TE,LAR,ACT,10.0,1.0,Tyler Higbee,TE,LAR,7.7,0.13643182729301395,0.09781807966691475,18.0,2.0,8.866666666666667,130.9,150.73333333333335,104.72000000000001,157.08,Medium,45.0,TE,2.0,10.0,2026-07-23 09:22:29+00:00,Second team,2,5,2025 production baseline,-3,Fair,79.0,79.0,,7.7,SF,Unrated
DST_BUF,,,,,,,BUF D/ST,DST,BUF,6.714705882352941,,,51.0,3.0,,114.15,99.0,85.61250000000001,142.6875,High,45.0,,,,,,2,0,2025 production baseline,2,Target,81.0,81.0,,6.714705882352941,HOU,Unrated
DST_LAR,,,,,,,LAR D/ST,DST,LAR,6.655882352941177,,,51.0,3.0,,113.15,125.0,84.86250000000001,141.4375,High,45.0,,,,,,2,3,2025 production baseline,-1,Fair,78.0,78.0,,6.655882352941177,SF,Unrated
DST_CHI,,,,,,,CHI D/ST,DST,CHI,6.576470588235295,,,51.0,3.0,,111.80000000000001,110.0,83.85000000000001,139.75,High,45.0,,,,,,2,2,2025 production baseline,0,Fair,75.0,75.0,,6.576470588235295,CAR,Unrated
DST_CLE,,,,,,,CLE D/ST,DST,CLE,6.376470588235295,,,51.0,3.0,,108.4,124.0,81.30000000000001,135.5,High,45.0,,,,,,2,2,2025 production baseline,0,Fair,72.0,72.0,,6.376470588235295,JAX,Unrated
DST_JAX,,,,,,,JAX D/ST,DST,JAX,6.347058823529412,,,51.0,3.0,,107.9,134.0,80.92500000000001,134.875,High,45.0,,,,,,2,3,2025 production baseline,-1,Fair,69.0,69.0,,6.347058823529412,CLE,Unrated
DST_LAC,,,,,,,LAC D/ST,DST,LAC,6.179411764705883,,,51.0,3.0,,105.05000000000001,101.0,78.78750000000001,131.3125,High,45.0,,,,,,2,0,2025 production baseline,2,Target,66.0,66.0,,6.179411764705883,ARI,Unrated
00-0038951,Sean Tucker,RB,TB,ACT,3.0,1.0,Sean Tucker,RB,TB,5.704,0.04479698205588023,0.000625074784415099,14.0,2.0,6.245454545454546,96.96799999999999,106.17272727272729,77.5744,116.36159999999998,Medium,45.0,RB,3.0,11.0,2026-07-23 09:22:29+00:00,Reserve / unlisted,2,4,2025 production baseline,-2,Fair,49.0,49.0,,5.704,CIN,Unrated
00-0033526,Samaje Perine,RB,CIN,ACT,9.0,1.0,Samaje Perine,RB,CIN,5.570588235294117,0.08174704045950489,0.00233075148222248,34.0,2.0,4.788235294117648,94.69999999999999,81.4,75.75999999999999,113.63999999999999,High,25.0,RB,2.0,11.0,2026-07-23 09:22:29+00:00,Second team,2,0,2025 production baseline,2,Fair,48.0,48.0,,5.570588235294117,TB,Unrated
00-0039918,Caleb Williams,QB,CHI,ACT,2.0,1.0,Caleb Williams,QB,CHI,17.32588235294118,0.0,0.0,17.0,1.0,17.32588235294118,294.54,294.54,235.63200000000003,353.44800000000004,Medium,45.0,QB,1.0,9.0,2026-07-23 09:22:29+00:00,First team,1,2,2025 production baseline,-1,Fair,69.0,69.0,,17.32588235294118,CAR,Unrated
00-0039163,C.J. Stroud,QB,HOU,ACT,3.0,1.0,C.J. Stroud,QB,HOU,17.17918367346939,0.031045938824607672,0.014556790795857831,32.0,2.0,15.316470588235294,292.0461224489796,260.38,233.63689795918367,350.4553469387755,High,25.0,QB,1.0,9.0,2026-07-23 09:22:29+00:00,First team,1,0,2025 production baseline,1,Fair,68.0,68.0,,17.17918367346939,BUF,Unrated
00-0037666,Jalen Tolbert,WR,MIA,ACT,4.0,1.0,Jalen Tolbert,WR,MIA,7.761702127659574,0.1115134034186732,0.1780052557441363,30.0,2.0,8.941176470588236,131.94893617021276,152.0,105.55914893617022,158.33872340425532,High,25.0,WR,2.0,2.0,2026-07-23 09:22:29+00:00,Second team,1,3,2025 production baseline,-2,Fair,62.0,62.0,,7.761702127659574,LV,Unrated
00-0034270,Tyler Conklin,TE,DET,ACT,8.0,1.0,Tyler Conklin,TE,DET,7.487755102040817,0.13526806422663645,0.11260541148196397,33.0,2.0,7.61875,127.29183673469389,129.51875,101.83346938775512,152.75020408163266,High,25.0,TE,3.0,10.0,2026-07-23 09:22:29+00:00,Reserve / unlisted,1,1,2025 production baseline,0,Fair,78.0,78.0,,7.487755102040817,NO,Unrated
00-0034829,Mike Gesicki,TE,CIN,ACT,8.0,1.0,Mike Gesicki,TE,CIN,7.412765957446808,0.12033830485939599,0.1336983136624027,31.0,2.0,8.84375,126.01702127659574,150.34375,100.8136170212766,151.22042553191488,High,25.0,TE,1.0,10.0,2026-07-23 09:22:29+00:00,First team,1,5,2025 production baseline,-4,Fair,77.0,77.0,,7.412765957446808,TB,Unrated
00-0037258,Dameon Pierce,RB,PHI,ACT,4.0,1.0,Dameon Pierce,RB,PHI,5.474193548387097,0.04862741975945643,-0.001985535628666603,22.0,2.0,4.833333333333333,93.06129032258065,82.16666666666666,74.44903225806452,111.67354838709677,Medium,45.0,RB,4.0,11.0,2026-07-23 09:22:29+00:00,Reserve / unlisted,1,0,2025 production baseline,1,Fair,47.0,47.0,,5.474193548387097,WAS,Unrated
00-0038551,Kendre Miller,RB,NO,ACT,3.0,1.0,Kendre Miller,RB,NO,5.342105263157895,0.05009203897559263,-0.0007619954455705144,13.0,2.0,4.85,90.8157894736842,82.44999999999999,72.65263157894736,108.97894736842105,Medium,45.0,RB,4.0,11.0,2026-07-23 09:22:29+00:00,Reserve / unlisted,1,0,2025 production baseline,1,Fair,46.0,46.0,,5.342105263157895,DET,Unrated
00-0038797,Emanuel Wilson,RB,SEA,ACT,3.0,1.0,Emanuel Wilson,RB,SEA,5.302564102564102,0.054365051211843346,-0.028330706179432966,22.0,2.0,5.647058823529412,90.14358974358974,96.0,72.1148717948718,108.17230769230768,Medium,45.0,RB,4.0,11.0,2026-07-23 09:22:29+00:00,Reserve / unlisted,1,2,2025 production baseline,-1,Fair,45.0,45.0,,5.302564102564102,NE,Unrated
00-0026498,Matthew Stafford,QB,LAR,ACT,17.0,1.0,Matthew Stafford,QB,LAR,17.026808510638297,0.0,0.0,31.0,2.0,15.91125,289.45574468085107,270.49125000000004,231.56459574468087,347.3468936170213,High,25.0,QB,1.0,9.0,2026-07-23 09:22:29+00:00,First team,0,0,2025 production baseline,0,Fair,66.0,66.0,,17.026808510638297,SF,Unrated
00-0029604,Kirk Cousins,QB,LV,ACT,14.0,1.0,Kirk Cousins,QB,LV,16.955,0.0,0.0,22.0,2.0,15.165714285714285,288.23499999999996,257.81714285714287,230.58799999999997,345.88199999999995,Medium,45.0,QB,1.0,9.0,2026-07-23 09:22:29+00:00,First team,0,0,2025 production baseline,0,Fair,65.0,65.0,,16.955,MIA,Unrated
00-0039164,Anthony Richardson,QB,IND,ACT,3.0,1.0,Anthony Richardson,QB,IND,16.823076923076925,0.023504273504273525,-0.021489621489621493,15.0,2.0,16.30545454545455,285.99230769230775,277.1927272727273,228.7938461538462,343.19076923076926,Medium,45.0,QB,2.0,9.0,2026-07-23 09:22:29+00:00,Second team,0,0,2025 production baseline,0,Fair,63.0,63.0,,16.823076923076925,BAL,Unrated
00-0039851,Drake Maye,QB,NE,ACT,2.0,1.0,Drake Maye,QB,NE,15.933846153846153,0.0,0.0,13.0,1.0,15.933846153846153,270.8753846153846,270.8753846153846,216.70030769230766,325.0504615384615,Medium,45.0,QB,1.0,9.0,2026-07-23 09:22:29+00:00,First team,0,0,2025 production baseline,0,Fair,62.0,62.0,,15.933846153846153,SEA,Unrated
00-0036945,Justin Fields,QB,KC,ACT,5.0,1.0,Justin Fields,QB,KC,15.771515151515155,0.0,0.0,23.0,2.0,12.914000000000001,268.11575757575764,219.538,214.49260606060614,321.73890909090915,Medium,45.0,QB,2.0,9.0,2026-07-23 09:22:29+00:00,Second team,0,0,2025 production baseline,0,Fair,61.0,61.0,,15.771515151515155,DEN,Unrated
00-0037077,Sam Howell,QB,DAL,ACT,4.0,1.0,Sam Howell,QB,DAL,15.676842105263159,0.031954887218045104,0.005809979494189938,18.0,2.0,-0.8400000000000001,266.5063157894737,-14.280000000000001,213.20505263157898,319.8075789473684,Medium,45.0,QB,3.0,9.0,2026-07-23 09:22:29+00:00,Reserve / unlisted,0,0,2025 production baseline,0,Fair,59.0,59.0,,15.676842105263159,NYG,Unrated
00-0032268,Marcus Mariota,QB,WAS,ACT,11.0,1.0,Marcus Mariota,QB,WAS,15.16,0.0,0.0,5.0,2.0,17.92,257.72,304.64000000000004,206.17600000000004,309.264,Low,70.0,QB,2.0,9.0,2026-07-23 09:22:29+00:00,Second team,0,4,2025 production baseline,-4,Fair,58.0,58.0,,15.16,PHI,Unrated
00-0035282,Easton Stick,QB,IND,ACT,7.0,1.0,Easton Stick,QB,IND,14.711999999999998,0.0,0.0,5.0,1.0,14.712,250.10399999999996,250.10399999999998,200.08319999999998,300.12479999999994,Low,70.0,QB,4.0,9.0,2026-07-23 09:22:29+00:00,Reserve / unlisted,0,0,2025 production baseline,0,Fair,56.0,56.0,,14.711999999999998,BAL,Unrated
00-0039150,Bryce Young,QB,CAR,ACT,3.0,1.0,Bryce Young,QB,CAR,14.282272727272728,0.0,0.0,30.0,2.0,16.072857142857142,242.79863636363638,273.2385714285714,194.23890909090912,291.35836363636366,High,25.0,QB,1.0,9.0,2026-07-23 09:22:29+00:00,First team,0,0,2025 production baseline,0,Fair,55.0,55.0,,14.282272727272728,CHI,Unrated
00-0035710,Daniel Jones,QB,IND,ACT,7.0,1.0,Daniel Jones,QB,IND,13.983076923076924,0.0,0.0,16.0,2.0,15.13,237.71230769230772,257.21000000000004,190.16984615384618,285.2547692307692,Medium,45.0,QB,1.0,9.0,2026-07-23 09:22:29+00:00,First team,0,0,2025 production baseline,0,Fair,54.0,54.0,,13.983076923076924,BAL,Unrated
00-0033537,Deshaun Watson,QB,CLE,ACT,9.0,1.0,Deshaun Watson,QB,CLE,13.711999999999998,0.0,0.0,13.0,2.0,12.388571428571428,233.10399999999996,210.60571428571427,186.48319999999998,279.72479999999996,Medium,45.0,QB,1.0,9.0,2026-07-23 09:22:29+00:00,First team,0,0,2025 production baseline,0,Fair,52.0,52.0,,13.711999999999998,JAX,Unrated
00-0034771,Mason Rudolph,QB,PIT,ACT,8.0,1.0,Mason Rudolph,QB,PIT,13.658000000000001,0.0,0.0,12.0,2.0,14.225,232.18600000000004,241.825,185.74880000000005,278.62320000000005,Medium,45.0,QB,2.0,9.0,2026-07-23 09:22:29+00:00,Second team,0,0,2025 production baseline,0,Fair,51.0,51.0,,13.658000000000001,ATL,Unrated
00-0035100,Jake Browning,QB,TB,ACT,7.0,1.0,Jake Browning,QB,TB,12.926153846153845,0.018711018711018695,-0.033889187735341615,11.0,2.0,-0.1,219.74461538461537,-1.7000000000000002,175.79569230769232,263.6935384615384,Low,70.0,QB,2.0,9.0,2026-07-23 09:22:29+00:00,Second team,0,0,2025 production baseline,0,Fair,49.0,49.0,,12.926153846153845,CIN,Unrated
00-0038579,Aidan O'Connell,QB,LV,ACT,3.0,1.0,Aidan O'Connell,QB,LV,12.716551724137933,0.0,0.0,20.0,2.0,12.164444444444445,216.18137931034485,206.79555555555558,172.9451034482759,259.4176551724138,Medium,45.0,QB,3.0,9.0,2026-07-23 09:22:29+00:00,Reserve / unlisted,0,0,2025 production baseline,0,Fair,48.0,48.0,,12.716551724137933,MIA,Unrated
00-0035289,Gardner Minshew,QB,ARI,ACT,7.0,1.0,Gardner Minshew,QB,ARI,12.634444444444444,0.0,0.0,26.0,2.0,11.432,214.78555555555556,194.344,171.82844444444447,257.74266666666665,Medium,45.0,QB,2.0,9.0,2026-07-23 09:22:29+00:00,Second team,0,0,2025 production baseline,0,Fair,46.0,46.0,,12.634444444444444,LAC,Unrated
00-0039152,Will Levis,QB,TEN,ACT,3.0,1.0,Will Levis,QB,TEN,12.421212121212124,0.0,0.0,21.0,2.0,12.161666666666667,211.1606060606061,206.74833333333333,168.9284848484849,253.3927272727273,Medium,45.0,QB,3.0,9.0,2026-07-23 09:22:29+00:00,Reserve / unlisted,0,0,2025 production baseline,0,Fair,45.0,45.0,,12.421212121212124,NYJ,Unrated
00-0027973,Andy Dalton,QB,PHI,ACT,15.0,1.0,Andy Dalton,QB,PHI,12.397142857142857,0.0,0.0,8.0,2.0,12.159999999999998,210.75142857142856,206.71999999999997,168.60114285714286,252.90171428571426,Low,70.0,QB,2.0,9.0,2026-07-23 09:22:29+00:00,Second team,0,0,2025 production baseline,0,Fair,44.0,44.0,,12.397142857142857,WAS,Unrated
00-0035704,Drew Lock,QB,SEA,ACT,7.0,1.0,Drew Lock,QB,SEA,12.18888888888889,0.0,0.0,11.0,2.0,13.162857142857144,207.21111111111114,223.76857142857145,165.7688888888889,248.65333333333336,Low,70.0,QB,2.0,9.0,2026-07-23 09:22:29+00:00,Second team,0,0,2025 production baseline,0,Fair,42.0,42.0,,12.18888888888889,NE,Unrated
00-0031503,Jameis Winston,QB,NYG,ACT,11.0,1.0,Jameis Winston,QB,NYG,11.794285714285714,0.0,0.0,17.0,2.0,14.285454545454543,200.50285714285712,242.85272727272724,160.4022857142857,240.60342857142854,Medium,45.0,QB,2.0,9.0,2026-07-23 09:22:29+00:00,Second team,0,0,2025 production baseline,0,Fair,41.0,41.0,,11.794285714285714,DAL,Unrated
00-0037013,Zach Wilson,QB,NO,ACT,5.0,1.0,Zach Wilson,QB,NO,11.328333333333333,0.0,0.0,12.0,1.0,11.328333333333333,192.58166666666665,192.58166666666665,154.06533333333334,231.09799999999996,Medium,45.0,QB,3.0,9.0,2026-07-23 09:22:29+00:00,Reserve / unlisted,0,0,2025 production baseline,0,Fair,39.0,39.0,,11.328333333333333,DET,Unrated
00-0036972,Mac Jones,QB,SF,ACT,5.0,1.0,Mac Jones,QB,SF,11.308387096774194,0.0,0.0,21.0,2.0,11.208,192.2425806451613,190.536,153.79406451612905,230.69109677419354,Medium,45.0,QB,2.0,9.0,2026-07-23 09:22:29+00:00,Second team,0,0,2025 production baseline,0,Fair,38.0,38.0,,11.308387096774194,LAR,Unrated
00-0035993,Tyler Huntley,QB,BAL,ACT,6.0,1.0,Tyler Huntley,QB,BAL,10.996,0.0,0.0,10.0,2.0,13.331999999999999,186.93200000000002,226.64399999999998,149.5456,224.31840000000003,Low,70.0,QB,2.0,9.0,2026-07-23 09:22:29+00:00,Second team,0,0,2025 production baseline,0,Fair,37.0,37.0,,10.996,IND,Unrated
00-0039376,Spencer Rattler,QB,NO,ACT,2.0,1.0,Spencer Rattler,QB,NO,10.754285714285714,0.0,0.0,7.0,1.0,10.754285714285714,182.82285714285715,182.82285714285715,146.25828571428573,219.38742857142856,Low,70.0,QB,2.0,9.0,2026-07-23 09:22:29+00:00,Second team,0,0,2025 production baseline,0,Fair,35.0,35.0,,10.754285714285714,DET,Unrated
00-0028118,Tyrod Taylor,QB,GB,ACT,15.0,1.0,Tyrod Taylor,QB,GB,10.675714285714285,0.0,0.0,12.0,2.0,13.030000000000001,181.48714285714286,221.51000000000002,145.1897142857143,217.7845714285714,Medium,45.0,QB,2.0,9.0,2026-07-23 09:22:29+00:00,Second team,0,0,2025 production baseline,0,Fair,34.0,34.0,,10.675714285714285,MIN,Unrated
00-0038476,Tommy DeVito,QB,NE,ACT,3.0,1.0,Tommy DeVito,QB,NE,10.5,0.0,0.0,11.0,2.0,6.740000000000001,178.5,114.58000000000001,142.8,214.2,Low,70.0,QB,2.0,9.0,2026-07-23 09:22:29+00:00,Second team,0,0,2025 production baseline,0,Fair,32.0,32.0,,10.5,SEA,Unrated
00-0039917,Michael Penix Jr.,QB,ATL,ACT,2.0,1.0,Michael Penix Jr.,QB,ATL,10.02,0.0,0.0,5.0,1.0,10.02,170.34,170.34,136.27200000000002,204.408,Low,70.0,QB,2.0,9.0,2026-07-23 09:22:29+00:00,Second team,0,0,2025 production baseline,0,Fair,31.0,31.0,,10.02,PIT,Unrated
00-0038128,Malik Willis,QB,MIA,ACT,4.0,1.0,Malik Willis,QB,MIA,8.475714285714288,0.0,0.0,8.0,2.0,9.633333333333335,144.08714285714288,163.76666666666668,115.26971428571431,172.90457142857144,Low,70.0,QB,1.0,9.0,2026-07-23 09:22:29+00:00,First team,0,0,2025 production baseline,0,Fair,30.0,30.0,,8.475714285714288,LV,Unrated
00-0038108,Bailey Zappe,QB,NYJ,ACT,4.0,1.0,Bailey Zappe,QB,NYJ,8.264999999999999,0.0,0.0,11.0,2.0,9.0,140.50499999999997,153.0,112.40399999999998,168.60599999999997,Low,70.0,QB,4.0,9.0,2026-07-23 09:22:29+00:00,Reserve / unlisted,0,0,2025 production baseline,0,Fair,28.0,28.0,,8.264999999999999,TEN,Unrated
00-0038102,Kenny Pickett,QB,CAR,ACT,4.0,1.0,Kenny Pickett,QB,CAR,8.203636363636363,0.0,0.0,17.0,2.0,5.828,139.46181818181816,99.07600000000001,111.56945454545453,167.3541818181818,Medium,45.0,QB,2.0,9.0,2026-07-23 09:22:29+00:00,Second team,0,0,2025 production baseline,0,Fair,27.0,27.0,,8.203636363636363,CHI,Unrated
00-0033119,Jacoby Brissett,QB,ARI,ACT,10.0,1.0,Jacoby Brissett,QB,ARI,7.958750000000001,0.0,0.0,9.0,2.0,7.034285714285715,135.29875,119.58285714285715,108.23900000000002,162.35850000000002,Low,70.0,QB,1.0,9.0,2026-07-23 09:22:29+00:00,First team,0,0,2025 production baseline,0,Fair,25.0,25.0,,7.958750000000001,LAC,Unrated
00-0032950,Carson Wentz,QB,MIN,ACT,10.0,1.0,Carson Wentz,QB,MIN,7.911999999999999,0.0,0.0,3.0,2.0,2.36,134.504,40.12,107.6032,161.4048,Low,70.0,QB,3.0,9.0,2026-07-23 09:22:29+00:00,Reserve / unlisted,0,0,2025 production baseline,0,Fair,24.0,24.0,,7.911999999999999,GB,Unrated
00-0038612,A.T. Perry,WR,PIT,ACT,3.0,1.0,A.T. Perry,WR,PIT,7.575,0.0722761220263756,0.16202492991351664,8.0,1.0,7.575,128.775,128.775,103.02000000000001,154.53,Low,70.0,WR,8.0,2.0,2026-07-23 09:22:29+00:00,Reserve / unlisted,0,0,2025 production baseline,0,Fair,62.0,62.0,,7.575,ATL,Unrated
00-0035535,Darius Slayton,WR,NYG,ACT,7.0,1.0,Darius Slayton,WR,NYG,7.571428571428571,0.1438345047939351,0.27431178278337176,33.0,2.0,6.875,128.71428571428572,116.875,102.97142857142859,154.45714285714286,High,25.0,WR,2.0,2.0,2026-07-23 09:22:29+00:00,Second team,0,0,2025 production baseline,0,Fair,61.0,61.0,,7.571428571428571,DAL,Unrated
00-0038608,Kayshon Boutte,WR,NE,ACT,3.0,1.0,Kayshon Boutte,WR,NE,7.506060606060606,0.14672064153392037,0.28138410631035465,18.0,2.0,8.126666666666667,127.6030303030303,138.15333333333334,102.08242424242424,153.12363636363634,Medium,45.0,WR,3.0,8.0,2026-07-23 09:22:29+00:00,Reserve / unlisted,0,1,2025 production baseline,-1,Fair,61.0,61.0,,7.506060606060606,SEA,Unrated
00-0036980,Elijah Moore,WR,PHI,ACT,5.0,1.0,Elijah Moore,WR,PHI,7.478,0.16417725814174783,0.19076382338347198,33.0,2.0,7.111764705882353,127.12599999999999,120.9,101.7008,152.5512,High,25.0,WR,5.0,2.0,2026-07-23 09:22:29+00:00,Reserve / unlisted,0,0,2025 production baseline,0,Fair,60.0,60.0,,7.478,WAS,Unrated
00-0038606,Parker Washington,WR,JAX,ACT,3.0,1.0,Parker Washington,WR,JAX,7.373333333333333,0.11946087494564542,0.14949435901899144,18.0,2.0,7.583333333333333,125.34666666666666,128.91666666666666,100.27733333333333,150.416,Medium,45.0,WR,3.0,8.0,2026-07-23 09:22:29+00:00,Reserve / unlisted,0,0,2025 production baseline,0,Fair,60.0,60.0,,7.373333333333333,CLE,Unrated
00-0033307,Kendrick Bourne,WR,ARI,ACT,9.0,1.0,Kendrick Bourne,WR,ARI,7.1937500000000005,0.126295839886877,0.15169453689982446,20.0,2.0,5.425,122.29375,92.225,97.83500000000001,146.7525,Medium,45.0,WR,3.0,8.0,2026-07-23 09:22:29+00:00,Reserve / unlisted,0,0,2025 production baseline,0,Fair,59.0,59.0,,7.1937500000000005,LAC,Unrated
00-0038976,Marvin Mims Jr.,WR,DEN,ACT,3.0,1.0,Marvin Mims Jr.,WR,DEN,7.100000000000001,0.09362155820518804,0.10378593626348025,31.0,2.0,8.09375,120.70000000000002,137.59375,96.56000000000002,144.84,High,25.0,WR,5.0,2.0,2026-07-23 09:22:29+00:00,Reserve / unlisted,0,1,2025 production baseline,-1,Fair,58.0,58.0,,7.100000000000001,KC,Unrated
00-0038979,Cedric Tillman,WR,CLE,ACT,3.0,1.0,Cedric Tillman,WR,CLE,7.068965517241379,0.13397760883542936,0.16192090238921997,20.0,2.0,8.933333333333334,120.17241379310344,151.86666666666667,96.13793103448276,144.20689655172413,Medium,45.0,WR,4.0,1.0,2026-07-23 09:22:29+00:00,Reserve / unlisted,0,3,2025 production baseline,-3,Fair,58.0,58.0,,7.068965517241379,JAX,Unrated
00-0036849,Tutu Atwell,WR,MIA,ACT,5.0,1.0,Tutu Atwell,WR,MIA,7.050000000000001,0.14066556614056147,0.21112631548996766,29.0,2.0,6.593333333333334,119.85000000000001,112.08666666666667,95.88000000000001,143.82,Medium,45.0,WR,3.0,8.0,2026-07-23 09:22:29+00:00,Reserve / unlisted,0,0,2025 production baseline,0,Fair,57.0,57.0,,7.050000000000001,LV,Unrated
00-0036271,Quez Watkins,WR,PHI,ACT,6.0,1.0,Quez Watkins,WR,PHI,7.040000000000002,0.12336134453781504,0.1589581807554088,5.0,1.0,7.040000000000001,119.68000000000004,119.68000000000002,95.74400000000003,143.61600000000004,Low,70.0,WR,9.0,8.0,2026-07-23 09:22:29+00:00,Reserve / unlisted,0,0,2025 production baseline,0,Fair,57.0,57.0,,7.040000000000002,WAS,Unrated
00-0038563,Tre Tucker,WR,LV,ACT,3.0,1.0,Tre Tucker,WR,LV,7.029787234042554,0.12380035916765325,0.22870845317870162,30.0,2.0,7.605882352941177,119.50638297872342,129.3,95.60510638297875,143.4076595744681,High,25.0,WR,1.0,1.0,2026-07-23 09:22:29+00:00,First team,0,0,2025 production baseline,0,Fair,56.0,56.0,,7.029787234042554,MIA,Unrated
00-0038393,Dontayvion Wicks,WR,PHI,ACT,3.0,1.0,Dontayvion Wicks,WR,PHI,6.954285714285715,0.1496580026249446,0.19434516721048067,32.0,2.0,6.5,118.22285714285715,110.5,94.57828571428573,141.86742857142858,High,25.0,WR,3.0,8.0,2026-07-23 09:22:29+00:00,Reserve / unlisted,0,0,2025 production baseline,0,Fair,55.0,55.0,,6.954285714285715,WAS,Unrated
00-0037809,Chig Okonkwo,TE,WAS,ACT,4.0,1.0,Chig Okonkwo,TE,WAS,6.951020408163265,0.1482440297690943,0.11761669011393862,33.0,2.0,7.1000000000000005,118.1673469387755,120.7,94.5338775510204,141.8008163265306,High,25.0,TE,1.0,10.0,2026-07-23 09:22:29+00:00,First team,0,0,2025 production baseline,0,Fair,76.0,76.0,,6.951020408163265,PHI,Unrated
00-0039754,Devin Culp,TE,TB,ACT,2.0,1.0,Devin Culp,TE,TB,6.8999999999999995,0.09475806451612906,0.1419701795688503,2.0,1.0,6.8999999999999995,117.3,117.3,93.84,140.76,Low,70.0,TE,5.0,10.0,2026-07-23 09:22:29+00:00,Reserve / unlisted,0,0,2025 production baseline,0,Fair,75.0,75.0,,6.8999999999999995,CIN,Unrated
00-0039847,Theo Johnson,TE,NYG,ACT,2.0,1.0,Theo Johnson,TE,NYG,6.81,0.13497390330688294,0.13612909121011638,10.0,1.0,6.81,115.77,115.77,92.616,138.92399999999998,Low,70.0,TE,2.0,10.0,2026-07-23 09:22:29+00:00,Second team,0,0,2025 production baseline,0,Fair,75.0,75.0,,6.81,DAL,Unrated
00-0038519,Nikko Remigio,WR,KC,ACT,3.0,1.0,Nikko Remigio,WR,KC,6.800000000000001,0.352941176470588,0.533333333333333,1.0,1.0,6.800000000000001,115.60000000000001,115.60000000000001,92.48000000000002,138.72,Low,70.0,WR,6.0,8.0,2026-07-23 09:22:29+00:00,Reserve / unlisted,0,0,2025 production baseline,0,Fair,55.0,55.0,,6.800000000000001,DEN,Unrated
00-0038619,Andrei Iosivas,WR,CIN,ACT,3.0,1.0,Andrei Iosivas,WR,CIN,6.753488372093025,0.09563874106893124,0.1592154122374591,26.0,2.0,7.052941176470589,114.80930232558143,119.9,91.84744186046515,137.7711627906977,Medium,45.0,WR,3.0,8.0,2026-07-23 09:22:29+00:00,Reserve / unlisted,0,0,2025 production baseline,0,Fair,54.0,54.0,,6.753488372093025,TB,Unrated
00-0037291,Jalen Nailor,WR,LV,ACT,4.0,1.0,Jalen Nailor,WR,LV,6.746875,0.095026501215506,0.1335294207081103,17.0,2.0,7.0,114.696875,119.0,91.75750000000001,137.63625,Medium,45.0,WR,2.0,2.0,2026-07-23 09:22:29+00:00,Second team,0,0,2025 production baseline,0,Fair,54.0,54.0,,6.746875,MIA,Unrated
00-0035644,Noah Fant,TE,NO,ACT,7.0,1.0,Noah Fant,TE,NO,6.699999999999999,0.1276893829602635,0.09657276175466978,28.0,2.0,7.428571428571429,113.89999999999999,126.28571428571429,91.12,136.67999999999998,Medium,45.0,TE,2.0,10.0,2026-07-23 09:22:29+00:00,Second team,0,1,2025 production baseline,-1,Fair,74.0,74.0,,6.699999999999999,DET,Unrated
00-0039386,Bub Means,WR,NO,ACT,2.0,1.0,Bub Means,WR,NO,6.699999999999999,0.10167847503373822,0.15112819411874812,4.0,1.0,6.7,113.89999999999999,113.9,91.12,136.67999999999998,Low,70.0,WR,10.0,1.0,2026-07-23 09:22:29+00:00,Reserve / unlisted,0,0,2025 production baseline,0,Fair,53.0,53.0,,6.699999999999999,DET,Unrated
00-0035208,Olamide Zaccheaus,WR,ATL,ACT,7.0,1.0,Olamide Zaccheaus,WR,ATL,6.517073170731707,0.11950083506734918,0.10620416906688289,26.0,2.0,7.626666666666667,110.79024390243902,129.65333333333334,88.63219512195121,132.94829268292682,Medium,45.0,WR,3.0,8.0,2026-07-23 09:22:29+00:00,Reserve / unlisted,0,0,2025 production baseline,0,Fair,53.0,53.0,,6.517073170731707,PIT,Unrated
00-0033375,Tim Patrick,WR,NYJ,ACT,9.0,1.0,Tim Patrick,WR,NYJ,6.457142857142857,0.09548377065016633,0.16114069120426117,14.0,1.0,6.457142857142857,109.77142857142857,109.77142857142857,87.81714285714287,131.72571428571428,Medium,45.0,WR,4.0,1.0,2026-07-23 09:22:29+00:00,Reserve / unlisted,0,0,2025 production baseline,0,Fair,52.0,52.0,,6.457142857142857,TEN,Unrated
00-0037382,Brandon Johnson,WR,LV,ACT,4.0,1.0,Brandon Johnson,WR,LV,6.4333333333333345,0.08849019421936088,0.12436742090613691,11.0,2.0,1.9,109.36666666666669,32.3,87.49333333333335,131.24,Low,70.0,WR,9.0,8.0,2026-07-23 09:22:29+00:00,Reserve / unlisted,0,0,2025 production baseline,0,Fair,51.0,51.0,,6.4333333333333345,MIA,Unrated
00-0033319,Nick Mullens,QB,JAX,ACT,9.0,1.0,Nick Mullens,QB,JAX,6.413846153846156,0.0,0.0,9.0,2.0,0.33,109.03538461538464,5.61,87.22830769230772,130.84246153846158,Low,70.0,QB,2.0,9.0,2026-07-23 09:22:29+00:00,Second team,0,0,2025 production baseline,0,Fair,23.0,23.0,,6.413846153846156,CLE,Unrated
00-0035891,Cody White,WR,SEA,ACT,6.0,1.0,Cody White,WR,SEA,6.4,0.0882352941176471,0.114613180515759,1.0,1.0,6.4,108.80000000000001,108.80000000000001,87.04000000000002,130.56,Low,70.0,WR,7.0,1.0,2026-07-23 09:22:29+00:00,Reserve / unlisted,0,0,2025 production baseline,0,Fair,51.0,51.0,,6.4,NE,Unrated
00-0037801,KaVontae Turpin,WR,DAL,ACT,7.0,1.0,KaVontae Turpin,WR,DAL,6.383333333333334,0.07937605048631102,0.08542861700573495,27.0,2.0,6.946666666666667,108.51666666666668,118.09333333333335,86.81333333333335,130.22,Medium,45.0,WR,4.0,1.0,2026-07-23 09:22:29+00:00,Reserve / unlisted,0,0,2025 production baseline,0,Fair,50.0,50.0,,6.383333333333334,NYG,Unrated
00-0032156,Trevor Siemian,QB,ATL,ACT,11.0,1.0,Trevor Siemian,QB,ATL,6.192,0.0,0.0,5.0,1.0,6.192,105.26400000000001,105.26400000000001,84.21120000000002,126.3168,Low,70.0,QB,3.0,9.0,2026-07-23 09:22:29+00:00,Reserve / unlisted,0,0,2025 production baseline,0,Fair,21.0,21.0,,6.192,PIT,Unrated
00-0036637,Noah Gray,TE,KC,ACT,5.0,1.0,Noah Gray,TE,KC,6.191666666666666,0.0866661562800497,0.0803578369108295,32.0,2.0,7.08125,105.25833333333333,120.38125,84.20666666666666,126.30999999999999,High,25.0,TE,2.0,10.0,2026-07-23 09:22:29+00:00,Second team,0,0,2025 production baseline,0,Fair,73.0,73.0,,6.191666666666666,DEN,Unrated
00-0034981,Foster Moreau,TE,HOU,ACT,7.0,1.0,Foster Moreau,TE,HOU,6.168292682926829,0.08819103407578395,0.09375495215444092,26.0,2.0,6.886666666666667,104.8609756097561,117.07333333333334,83.88878048780488,125.83317073170731,Medium,45.0,TE,2.0,10.0,2026-07-23 09:22:29+00:00,Second team,0,0,2025 production baseline,0,Fair,72.0,72.0,,6.168292682926829,BUF,Unrated
00-0037837,Calvin Austin III,WR,NYG,ACT,4.0,1.0,Calvin Austin III,WR,NYG,6.13125,0.11907780160381132,0.19081694014654943,31.0,2.0,7.105882352941176,104.23124999999999,120.8,83.38499999999999,125.07749999999999,High,25.0,WR,4.0,1.0,2026-07-23 09:22:29+00:00,Reserve / unlisted,0,0,2025 production baseline,0,Fair,50.0,50.0,,6.13125,DAL,Unrated
DST_BAL,,,,,,,BAL D/ST,DST,BAL,6.041176470588234,,,51.0,3.0,,102.69999999999999,82.0,77.02499999999999,128.375,High,45.0,,,,,,0,0,2025 production baseline,0,Fair,62.0,62.0,,6.041176470588234,IND,Unrated
DST_ATL,,,,,,,ATL D/ST,DST,ATL,5.961764705882353,,,51.0,3.0,,101.35000000000001,112.0,76.0125,126.68750000000001,High,45.0,,,,,,0,2,2025 production baseline,-2,Overpriced,59.0,59.0,,5.961764705882353,PIT,Unrated
00-0038935,Brenton Strange,TE,JAX,ACT,3.0,1.0,Brenton Strange,TE,JAX,5.960606060606061,0.10619927276600957,0.08288120273426475,19.0,2.0,6.507142857142857,101.33030303030304,110.62142857142857,81.06424242424244,121.59636363636365,Medium,45.0,TE,1.0,10.0,2026-07-23 09:22:29+00:00,First team,0,0,2025 production baseline,0,Fair,71.0,71.0,,5.960606060606061,CLE,Unrated
DST_NO,,,,,,,NO D/ST,DST,NO,5.905882352941177,,,51.0,3.0,,100.4,98.0,75.30000000000001,125.5,High,45.0,,,,,,0,0,2025 production baseline,0,Fair,56.0,56.0,,5.905882352941177,DET,Unrated
00-0039747,Ainias Smith,WR,CAR,ACT,2.0,1.0,Ainias Smith,WR,CAR,5.8999999999999995,0.09660657476139974,0.04676268016785243,3.0,1.0,5.8999999999999995,100.3,100.3,80.24000000000001,120.35999999999999,Low,70.0,WR,10.0,1.0,2026-07-23 09:22:29+00:00,Reserve / unlisted,0,0,2025 production baseline,0,Fair,49.0,49.0,,5.8999999999999995,CHI,Unrated
DST_DET,,,,,,,DET D/ST,DST,DET,5.879411764705882,,,51.0,3.0,,99.94999999999999,95.0,74.96249999999999,124.93749999999999,High,45.0,,,,,,0,0,2025 production baseline,0,Fair,53.0,53.0,,5.879411764705882,NO,Unrated
00-0033555,Mack Hollins,WR,NE,ACT,9.0,1.0,Mack Hollins,WR,NE,5.8707317073170735,0.106141517710089,0.15900834095488472,25.0,2.0,6.175,99.80243902439025,104.975,79.84195121951221,119.7629268292683,Medium,45.0,WR,4.0,1.0,2026-07-23 09:22:29+00:00,Reserve / unlisted,0,0,2025 production baseline,0,Fair,49.0,49.0,,5.8707317073170735,SEA,Unrated
00-0028986,Case Keenum,QB,CHI,ACT,14.0,1.0,Case Keenum,QB,CHI,5.87,0.0,0.0,2.0,1.0,5.87,99.79,99.79,79.83200000000001,119.748,Low,70.0,QB,3.0,9.0,2026-07-23 09:22:29+00:00,Reserve / unlisted,0,0,2025 production baseline,0,Fair,20.0,20.0,,5.87,CAR,Unrated
DST_TB,,,,,,,TB D/ST,DST,TB,5.847058823529412,,,51.0,3.0,,99.4,94.0,74.55000000000001,124.25,High,45.0,,,,,,0,0,2025 production baseline,0,Fair,50.0,50.0,,5.847058823529412,CIN,Unrated
00-0036345,K.J. Osborn,WR,TEN,ACT,6.0,1.0,K.J. Osborn,WR,TEN,5.82962962962963,0.12578006225764818,0.12954622989339934,21.0,2.0,3.1166666666666667,99.10370370370372,52.983333333333334,79.28296296296298,118.92444444444445,Medium,45.0,WR,8.0,2.0,2026-07-23 09:22:29+00:00,Reserve / unlisted,0,0,2025 production baseline,0,Fair,48.0,48.0,,5.82962962962963,NYJ,Unrated
00-0034418,Cedrick Wilson Jr.,WR,DET,ACT,8.0,1.0,Cedrick Wilson Jr.,WR,DET,5.72516129032258,0.08877553252718992,0.1044644894117329,21.0,2.0,5.394,97.32774193548386,91.69800000000001,77.8621935483871,116.79329032258062,Medium,45.0,WR,6.0,8.0,2026-07-23 09:22:29+00:00,Reserve / unlisted,0,0,2025 production baseline,0,Fair,47.0,47.0,,5.72516129032258,NO,Unrated
00-0035500,Greg Dortch,WR,DET,ACT,7.0,1.0,Greg Dortch,WR,DET,5.699999999999999,0.10603403611681973,0.07649390716034771,26.0,2.0,5.311764705882353,96.89999999999999,90.3,77.52,116.27999999999999,Medium,45.0,WR,4.0,1.0,2026-07-23 09:22:29+00:00,Reserve / unlisted,0,0,2025 production baseline,0,Fair,47.0,47.0,,5.699999999999999,NO,Unrated
00-0036427,Tyler Johnson,WR,DAL,ACT,6.0,1.0,Tyler Johnson,WR,DAL,5.695652173913044,0.11617373532761745,0.09628619334118683,12.0,2.0,5.554545454545455,96.82608695652175,94.42727272727274,77.46086956521741,116.19130434782609,Medium,45.0,WR,8.0,2.0,2026-07-23 09:22:29+00:00,Reserve / unlisted,0,0,2025 production baseline,0,Fair,46.0,46.0,,5.695652173913044,NYG,Unrated
00-0032464,Kalif Raymond,WR,CHI,ACT,10.0,1.0,Kalif Raymond,WR,CHI,5.686486486486487,0.08509461212811456,0.09007164462198713,27.0,2.0,5.65,96.67027027027028,96.05000000000001,77.33621621621623,116.00432432432433,Medium,45.0,WR,3.0,8.0,2026-07-23 09:22:29+00:00,Reserve / unlisted,0,0,2025 production baseline,0,Fair,46.0,46.0,,5.686486486486487,CAR,Unrated
00-0039793,AJ Barner,TE,SEA,ACT,2.0,1.0,AJ Barner,TE,SEA,5.607142857142857,0.0854075796289955,0.05346018014624297,14.0,1.0,5.607142857142857,95.32142857142857,95.32142857142857,76.25714285714285,114.38571428571429,Medium,45.0,TE,1.0,10.0,2026-07-23 09:22:29+00:00,First team,0,0,2025 production baseline,0,Fair,70.0,70.0,,5.607142857142857,NE,Unrated
00-0033589,David Moore,WR,CAR,ACT,9.0,1.0,David Moore,WR,CAR,5.605882352941178,0.11478133779437001,0.1494209062145076,20.0,2.0,6.078571428571429,95.30000000000003,103.33571428571429,76.24000000000002,114.36000000000003,Medium,45.0,WR,8.0,2.0,2026-07-23 09:22:29+00:00,Reserve / unlisted,0,0,2025 production baseline,0,Fair,45.0,45.0,,5.605882352941178,CHI,Unrated
DST_GB,,,,,,,GB D/ST,DST,GB,5.602941176470588,,,51.0,3.0,,95.25,72.0,71.4375,119.0625,High,45.0,,,,,,0,0,2025 production baseline,0,Fair,47.0,47.0,,5.602941176470588,MIN,Unrated
DST_MIA,,,,,,,MIA D/ST,DST,MIA,5.467647058823529,,,51.0,3.0,,92.94999999999999,91.0,69.71249999999999,116.18749999999999,High,45.0,,,,,,0,0,2025 production baseline,0,Fair,44.0,44.0,,5.467647058823529,LV,Unrated
DST_DAL,,,,,,,DAL D/ST,DST,DAL,5.447058823529411,,,51.0,3.0,,92.6,62.0,69.44999999999999,115.75,High,45.0,,,,,,0,0,2025 production baseline,0,Fair,41.0,41.0,,5.447058823529411,NYG,Unrated
DST_IND,,,,,,,IND D/ST,DST,IND,5.4411764705882355,,,51.0,3.0,,92.5,88.0,69.375,115.625,High,45.0,,,,,,0,0,2025 production baseline,0,Fair,36.0,36.0,,5.4411764705882355,BAL,Unrated
DST_NE,,,,,,,NE D/ST,DST,NE,5.4411764705882355,,,51.0,3.0,,92.5,115.0,69.375,115.625,High,45.0,,,,,,0,2,2025 production baseline,-2,Overpriced,36.0,36.0,,5.4411764705882355,SEA,Unrated
00-0035249,Josh Oliver,TE,MIN,ACT,7.0,1.0,Josh Oliver,TE,MIN,5.438235294117647,0.07608987769629996,0.058347483587825,23.0,2.0,5.9818181818181815,92.45,101.69090909090909,73.96000000000001,110.94,Medium,45.0,TE,2.0,10.0,2026-07-23 09:22:29+00:00,Second team,0,0,2025 production baseline,0,Fair,69.0,69.0,,5.438235294117647,GB,Unrated
00-0034272,Marquez Valdes-Scantling,WR,DAL,ACT,8.0,1.0,Marquez Valdes-Scantling,WR,DAL,5.3690476190476195,0.099706830502449,0.22760609105412144,29.0,2.0,9.9875,91.27380952380953,169.78750000000002,73.01904761904763,109.52857142857144,Medium,45.0,WR,5.0,2.0,2026-07-23 09:22:29+00:00,Reserve / unlisted,0,6,2025 production baseline,-6,Overpriced,45.0,45.0,,5.3690476190476195,NYG,Unrated
00-0032392,Austin Hooper,TE,ATL,ACT,10.0,1.0,Austin Hooper,TE,ATL,5.311999999999999,0.10474302835677898,0.08537809815214358,33.0,2.0,6.3882352941176475,90.30399999999999,108.60000000000001,72.24319999999999,108.36479999999999,High,25.0,TE,2.0,10.0,2026-07-23 09:22:29+00:00,Second team,0,0,2025 production baseline,0,Fair,68.0,68.0,,5.311999999999999,PIT,Unrated
00-0035264,Jarrett Stidham,QB,DEN,ACT,7.0,1.0,Jarrett Stidham,QB,DEN,5.273333333333334,0.0,0.0,4.0,2.0,0.25,89.64666666666669,4.25,71.71733333333336,107.57600000000002,Low,70.0,QB,2.0,9.0,2026-07-23 09:22:29+00:00,Second team,0,0,2025 production baseline,0,Fair,18.0,18.0,,5.273333333333334,KC,Unrated
00-0035537,Ty Johnson,RB,BUF,ACT,7.0,1.0,Ty Johnson,RB,BUF,5.263414634146343,0.06612096770095822,0.05637987844184804,24.0,2.0,5.394117647058824,89.47804878048782,91.7,71.58243902439027,107.37365853658538,Medium,45.0,RB,3.0,11.0,2026-07-23 09:22:29+00:00,Reserve / unlisted,0,2,2025 production baseline,-2,Fair,44.0,44.0,,5.263414634146343,HOU,Unrated
00-0037005,Tommy Tremble,TE,CAR,ACT,5.0,1.0,Tommy Tremble,TE,CAR,5.248484848484848,0.09212741886268351,0.07047240504123685,23.0,2.0,5.64,89.22424242424242,95.88,71.37939393939394,107.0690909090909,Medium,45.0,TE,1.0,10.0,2026-07-23 09:22:29+00:00,First team,0,0,2025 production baseline,0,Fair,67.0,67.0,,5.248484848484848,CHI,Unrated
00-0034613,Tanner Hudson,TE,CIN,ACT,8.0,1.0,Tanner Hudson,TE,CIN,5.239999999999999,0.08836325246385802,0.06264183671074992,21.0,2.0,4.277777777777778,89.07999999999998,72.72222222222221,71.264,106.89599999999997,Medium,45.0,TE,4.0,10.0,2026-07-23 09:22:29+00:00,Reserve / unlisted,0,0,2025 production baseline,0,Fair,66.0,66.0,,5.239999999999999,TB,Unrated
DST_CIN,,,,,,,CIN D/ST,DST,CIN,5.129411764705883,,,51.0,3.0,,87.2,71.0,65.4,109.0,High,45.0,,,,,,0,0,2025 production baseline,0,Fair,31.0,31.0,,5.129411764705883,TB,Unrated
00-0039798,Isaiah Davis,RB,NYJ,ACT,2.0,1.0,Isaiah Davis,RB,NYJ,5.1,0.06621378056013032,0.00937266996659836,9.0,1.0,5.1,86.69999999999999,86.69999999999999,69.36,104.03999999999998,Low,70.0,RB,3.0,11.0,2026-07-23 09:22:29+00:00,Reserve / unlisted,0,1,2025 production baseline,-1,Fair,43.0,43.0,,5.1,TEN,Unrated
00-0033857,JuJu Smith-Schuster,WR,NYG,ACT,9.0,1.0,JuJu Smith-Schuster,WR,NYG,5.066666666666667,0.09035786889677569,0.09389361118246806,22.0,2.0,4.827272727272727,86.13333333333334,82.06363636363636,68.90666666666668,103.36,Medium,45.0,WR,6.0,8.0,2026-07-23 09:22:29+00:00,Reserve / unlisted,0,0,2025 production baseline,0,Fair,44.0,44.0,,5.066666666666667,DAL,Unrated
00-0038611,Chris Rodriguez Jr.,RB,JAX,ACT,3.0,1.0,Chris Rodriguez Jr.,RB,JAX,5.045,0.028154761904761915,-0.00410275345340284,14.0,2.0,5.25,85.765,89.25,68.61200000000001,102.91799999999999,Medium,45.0,RB,2.0,11.0,2026-07-23 09:22:29+00:00,Second team,0,1,2025 production baseline,-1,Fair,42.0,42.0,,5.045,CLE,Unrated
00-0039794,Braelon Allen,RB,NYJ,ACT,2.0,1.0,Braelon Allen,RB,NYJ,5.011764705882353,0.058510239956167005,-0.0014468681886385844,17.0,1.0,5.011764705882353,85.2,85.2,68.16000000000001,102.24,Medium,45.0,RB,2.0,11.0,2026-07-23 09:22:29+00:00,Second team,0,0,2025 production baseline,0,Fair,41.0,41.0,,5.011764705882353,TEN,Unrated
DST_KC,,,,,,,KC D/ST,DST,KC,5.0058823529411764,,,51.0,3.0,,85.1,74.0,63.824999999999996,106.375,High,45.0,,,,,,0,0,2025 production baseline,0,Fair,28.0,28.0,,5.0058823529411764,DEN,Unrated
00-0039050,Payne Durham,TE,TB,ACT,3.0,1.0,Payne Durham,TE,TB,4.987500000000001,0.0597971879038907,0.07282544774741313,11.0,2.0,6.9,84.78750000000001,117.30000000000001,67.83000000000001,101.745,Low,70.0,TE,2.0,10.0,2026-07-23 09:22:29+00:00,Second team,0,0,2025 production baseline,0,Fair,65.0,65.0,,4.987500000000001,CIN,Unrated
DST_NYG,,,,,,,NYG D/ST,DST,NYG,4.938235294117647,,,51.0,3.0,,83.95,70.0,62.962500000000006,104.9375,High,45.0,,,,,,0,0,2025 production baseline,0,Fair,25.0,25.0,,4.938235294117647,DAL,Unrated
00-0038705,Emari Demercado,RB,KC,ACT,3.0,1.0,Emari Demercado,RB,KC,4.937837837837838,0.08558440272090477,0.011884968387150975,24.0,2.0,4.207692307692308,83.94324324324324,71.53076923076924,67.1545945945946,100.73189189189189,Medium,45.0,RB,3.0,11.0,2026-07-23 09:22:29+00:00,Reserve / unlisted,0,0,2025 production baseline,0,Fair,40.0,40.0,,4.937837837837838,DEN,Unrated
00-0039356,Ja'Tavion Sanders,TE,CAR,ACT,2.0,1.0,Ja'Tavion Sanders,TE,CAR,4.88,0.10303626588075539,0.09475079533493286,15.0,1.0,4.88,82.96,82.96,66.368,99.55199999999999,Medium,45.0,TE,2.0,10.0,2026-07-23 09:22:29+00:00,Second team,0,0,2025 production baseline,0,Fair,64.0,64.0,,4.88,CHI,Unrated
DST_SF,,,,,,,SF D/ST,DST,SF,4.791176470588235,,,51.0,3.0,,81.45,69.0,61.087500000000006,101.8125,High,45.0,,,,,,0,0,2025 production baseline,0,Fair,22.0,22.0,,4.791176470588235,LAR,Unrated
00-0037276,Ty Chandler,RB,NO,ACT,4.0,1.0,Ty Chandler,RB,NO,4.781818181818182,0.0766740007626364,-0.014863762286987697,23.0,2.0,2.8400000000000003,81.2909090909091,48.28000000000001,65.03272727272729,97.5490909090909,Medium,45.0,RB,5.0,11.0,2026-07-23 09:22:29+00:00,Reserve / unlisted,0,0,2025 production baseline,0,Fair,39.0,39.0,,4.781818181818182,DET,Unrated
00-0034386,Justin Watson,WR,HOU,ACT,8.0,1.0,Justin Watson,WR,HOU,4.773333333333333,0.0785420898020382,0.1891470501652882,30.0,2.0,4.193333333333333,81.14666666666668,71.28666666666666,64.91733333333335,97.376,High,25.0,WR,7.0,1.0,2026-07-23 09:22:29+00:00,Reserve / unlisted,0,0,2025 production baseline,0,Fair,43.0,43.0,,4.773333333333333,BUF,Unrated
00-0039880,Malik Washington,WR,MIA,ACT,2.0,1.0,Malik Washington,WR,MIA,4.733333333333333,0.10242283322418468,0.09309888615508174,12.0,1.0,4.733333333333333,80.46666666666667,80.46666666666667,64.37333333333333,96.56,Medium,45.0,WR,1.0,1.0,2026-07-23 09:22:29+00:00,First team,0,0,2025 production baseline,0,Fair,43.0,43.0,,4.733333333333333,LV,Unrated
00-0036841,Austin Trammell,WR,JAX,ACT,5.0,1.0,Austin Trammell,WR,JAX,4.7250000000000005,0.11098339719029376,0.12031182090870889,3.0,2.0,6.0,80.325,102.0,64.26,96.39,Low,70.0,WR,8.0,2.0,2026-07-23 09:22:29+00:00,Reserve / unlisted,0,0,2025 production baseline,0,Fair,42.0,42.0,,4.7250000000000005,CLE,Unrated
00-0036919,Kenneth Gainwell,RB,TB,ACT,5.0,1.0,Kenneth Gainwell,RB,TB,4.637083333333334,0.06802210661763174,0.011191599518390579,32.0,2.0,3.9125,78.83041666666668,66.5125,63.064333333333344,94.5965,High,25.0,RB,2.0,11.0,2026-07-23 09:22:29+00:00,Second team,0,0,2025 production baseline,0,Fair,38.0,38.0,,4.637083333333334,CIN,Unrated
00-0037741,Jahan Dotson,WR,ATL,ACT,4.0,1.0,Jahan Dotson,WR,ATL,4.635555555555555,0.103785868394079,0.13297578236509788,31.0,2.0,2.992857142857143,78.80444444444444,50.878571428571426,63.04355555555556,94.56533333333333,High,25.0,WR,2.0,2.0,2026-07-23 09:22:29+00:00,Second team,0,0,2025 production baseline,0,Fair,42.0,42.0,,4.635555555555555,PIT,Unrated
00-0038824,Ryan Miller,WR,NYG,ACT,3.0,1.0,Ryan Miller,WR,NYG,4.6,0.07250029988299944,0.11059878616474363,8.0,1.0,4.6,78.19999999999999,78.19999999999999,62.559999999999995,93.83999999999999,Low,70.0,WR,14.0,2.0,2026-07-23 09:22:29+00:00,Reserve / unlisted,0,0,2025 production baseline,0,Fair,41.0,41.0,,4.6,DAL,Unrated
00-0033955,Jeremy McNichols,RB,WAS,ACT,9.0,1.0,Jeremy McNichols,RB,WAS,4.557142857142858,0.06309273968972608,0.010896201958140317,14.0,1.0,4.557142857142858,77.47142857142859,77.47142857142859,61.97714285714287,92.9657142857143,Medium,45.0,RB,4.0,11.0,2026-07-23 09:22:29+00:00,Reserve / unlisted,0,0,2025 production baseline,0,Fair,37.0,37.0,,4.557142857142858,PHI,Unrated
00-0037086,Grant Calcaterra,TE,PHI,ACT,4.0,1.0,Grant Calcaterra,TE,PHI,4.553571428571428,0.09609516767827823,0.08147710877228663,15.0,2.0,4.6000000000000005,77.41071428571428,78.2,61.92857142857142,92.89285714285712,Medium,45.0,TE,4.0,10.0,2026-07-23 09:22:29+00:00,Reserve / unlisted,0,0,2025 production baseline,0,Fair,63.0,63.0,,4.553571428571428,WAS,Unrated
00-0031235,Odell Beckham Jr.,WR,NYG,ACT,12.0,1.0,Odell Beckham Jr.,WR,NYG,4.550000000000001,0.11292858155612076,0.16397896716331972,22.0,2.0,1.8125,77.35000000000001,30.8125,61.88000000000001,92.82000000000001,Medium,45.0,WR,7.0,1.0,2026-07-23 09:22:29+00:00,Reserve / unlisted,0,0,2025 production baseline,0,Fair,40.0,40.0,,4.550000000000001,DAL,Unrated
00-0039792,Devontez Walker,WR,BAL,ACT,2.0,1.0,Devontez Walker,WR,BAL,4.55,0.08333333333333334,0.2104166666666665,2.0,1.0,4.55,77.35,77.35,61.879999999999995,92.82,Low,70.0,WR,3.0,8.0,2026-07-23 09:22:29+00:00,Reserve / unlisted,0,0,2025 production baseline,0,Fair,40.0,40.0,,4.55,IND,Unrated
00-0035689,Dawson Knox,TE,BUF,ACT,7.0,1.0,Dawson Knox,TE,BUF,4.5473684210526315,0.08680512031354529,0.10040536028112387,24.0,2.0,4.2214285714285715,77.30526315789473,71.76428571428572,61.844210526315784,92.76631578947367,Medium,45.0,TE,2.0,10.0,2026-07-23 09:22:29+00:00,Second team,0,0,2025 production baseline,0,Fair,62.0,62.0,,4.5473684210526315,HOU,Unrated
00-0038547,Luke Schoonmaker,TE,DAL,ACT,3.0,1.0,Luke Schoonmaker,TE,DAL,4.538709677419354,0.07171705804116642,0.05401019332443482,21.0,2.0,5.71,77.15806451612902,97.07,61.72645161290322,92.58967741935481,Medium,45.0,TE,3.0,10.0,2026-07-23 09:22:29+00:00,Reserve / unlisted,0,0,2025 production baseline,0,Fair,61.0,61.0,,4.538709677419354,NYG,Unrated
00-0033869,Mitchell Trubisky,QB,TEN,ACT,9.0,1.0,Mitchell Trubisky,QB,TEN,4.533333333333334,0.0,0.0,13.0,2.0,2.4074999999999998,77.06666666666668,40.927499999999995,61.65333333333334,92.48,Medium,45.0,QB,2.0,9.0,2026-07-23 09:22:29+00:00,Second team,0,0,2025 production baseline,0,Fair,17.0,17.0,,4.533333333333334,NYJ,Unrated
00-0036145,Lawrence Cager,TE,WAS,ACT,6.0,1.0,Lawrence Cager,TE,WAS,4.533333333333333,0.058433452956779534,0.04340401623222037,3.0,1.0,4.533333333333333,77.06666666666666,77.06666666666666,61.653333333333336,92.47999999999999,Low,70.0,TE,6.0,10.0,2026-07-23 09:22:29+00:00,Reserve / unlisted,0,0,2025 production baseline,0,Fair,60.0,60.0,,4.533333333333333,PHI,Unrated
00-0038416,Tyson Bagent,QB,CHI,ACT,3.0,1.0,Tyson Bagent,QB,CHI,4.518461538461539,0.0,0.0,9.0,2.0,-0.06500000000000002,76.81384615384616,-1.1050000000000002,61.451076923076926,92.17661538461539,Low,70.0,QB,2.0,9.0,2026-07-23 09:22:29+00:00,Second team,0,0,2025 production baseline,0,Fair,15.0,15.0,,4.518461538461539,CAR,Unrated
DST_TEN,,,,,,,TEN D/ST,DST,TEN,4.508823529411765,,,51.0,3.0,,76.65,81.0,57.487500000000004,95.8125,High,45.0,,,,,,0,0,2025 production baseline,0,Fair,19.0,19.0,,4.508823529411765,NYJ,Unrated
00-0035406,Lil'Jordan Humphrey,WR,DEN,ACT,7.0,1.0,Lil'Jordan Humphrey,WR,DEN,4.507692307692308,0.0884086454160884,0.0888310872405321,25.0,2.0,4.5928571428571425,76.63076923076923,78.07857142857142,61.30461538461539,91.95692307692308,Medium,45.0,WR,6.0,8.0,2026-07-23 09:22:29+00:00,Reserve / unlisted,0,0,2025 production baseline,0,Fair,39.0,39.0,,4.507692307692308,KC,Unrated
DST_LV,,,,,,,LV D/ST,DST,LV,4.5058823529411764,,,51.0,3.0,,76.6,70.0,57.449999999999996,95.75,High,45.0,,,,,,0,0,2025 production baseline,0,Fair,16.0,16.0,,4.5058823529411764,MIA,Unrated
00-0039052,Trey Palmer,WR,NO,ACT,3.0,1.0,Trey Palmer,WR,NO,4.48918918918919,0.08805717245716184,0.14183148578826396,27.0,2.0,3.5200000000000005,76.31621621621623,59.84000000000001,61.05297297297299,91.57945945945947,Medium,45.0,WR,9.0,8.0,2026-07-23 09:22:29+00:00,Reserve / unlisted,0,0,2025 production baseline,0,Fair,39.0,39.0,,4.48918918918919,DET,Unrated
00-0035140,Mecole Hardman,WR,BUF,ACT,7.0,1.0,Mecole Hardman,WR,BUF,4.480952380952381,0.08314499794192445,0.02045324150634727,14.0,2.0,4.742857142857143,76.17619047619047,80.62857142857143,60.94095238095238,91.41142857142856,Medium,45.0,WR,6.0,8.0,2026-07-23 09:22:29+00:00,Reserve / unlisted,0,0,2025 production baseline,0,Fair,38.0,38.0,,4.480952380952381,HOU,Unrated
00-0035973,Patrick Taylor,RB,SF,ACT,6.0,1.0,Patrick Taylor,RB,SF,4.4799999999999995,0.07035838097063983,0.015456599800454015,15.0,2.0,5.96,76.16,101.32,60.928,91.392,Medium,45.0,RB,5.0,11.0,2026-07-23 09:22:29+00:00,Reserve / unlisted,0,3,2025 production baseline,-3,Fair,36.0,36.0,,4.4799999999999995,LAR,Unrated
00-0039814,Erick All,TE,CIN,ACT,2.0,1.0,Erick All,TE,CIN,4.4750000000000005,0.08615458252732784,0.0399242049959931,8.0,1.0,4.4750000000000005,76.075,76.075,60.86000000000001,91.29,Low,70.0,TE,3.0,10.0,2026-07-23 09:22:29+00:00,Reserve / unlisted,0,0,2025 production baseline,0,Fair,59.0,59.0,,4.4750000000000005,TB,Unrated
DST_WAS,,,,,,,WAS D/ST,DST,WAS,4.470588235294118,,,51.0,3.0,,76.0,76.0,57.0,95.0,High,45.0,,,,,,0,0,2025 production baseline,0,Fair,12.0,12.0,,4.470588235294118,PHI,Unrated
00-0037120,Tyler Goodson,RB,ATL,ACT,4.0,1.0,Tyler Goodson,RB,ATL,4.454166666666666,0.06554698920975002,0.004708283861600258,15.0,2.0,4.933333333333334,75.72083333333332,83.86666666666667,60.576666666666654,90.86499999999998,Medium,45.0,RB,3.0,11.0,2026-07-23 09:22:29+00:00,Reserve / unlisted,0,0,2025 production baseline,0,Fair,35.0,35.0,,4.454166666666666,PIT,Unrated
00-0036635,Ihmir Smith-Marsette,WR,ARI,ACT,5.0,1.0,Ihmir Smith-Marsette,WR,ARI,4.416666666666667,0.06650141551088253,-0.0012036714314461177,6.0,1.0,4.416666666666667,75.08333333333334,75.08333333333334,60.06666666666668,90.10000000000001,Low,70.0,WR,12.0,8.0,2026-07-23 09:22:29+00:00,Reserve / unlisted,0,0,2025 production baseline,0,Fair,38.0,38.0,,4.416666666666667,LAC,Unrated
00-0036630,Tylan Wallace,WR,CLE,ACT,5.0,1.0,Tylan Wallace,WR,CLE,4.394117647058824,0.0535896465346412,0.040322917175737355,9.0,2.0,4.5375000000000005,74.7,77.1375,59.760000000000005,89.64,Low,70.0,WR,6.0,8.0,2026-07-23 09:22:29+00:00,Reserve / unlisted,0,0,2025 production baseline,0,Fair,37.0,37.0,,4.394117647058824,JAX,Unrated
DST_NYJ,,,,,,,NYJ D/ST,DST,NYJ,4.388235294117647,,,51.0,3.0,,74.6,50.0,55.949999999999996,93.25,High,45.0,,,,,,0,0,2025 production baseline,0,Fair,9.0,9.0,,4.388235294117647,TEN,Unrated
00-0036244,Colby Parkinson,TE,LAR,ACT,6.0,1.0,Colby Parkinson,TE,LAR,4.375,0.0953642351341746,0.07142493047728908,29.0,2.0,4.36,74.375,74.12,59.5,89.25,Medium,45.0,TE,1.0,10.0,2026-07-23 09:22:29+00:00,First team,0,0,2025 production baseline,0,Fair,58.0,58.0,,4.375,SF,Unrated
DST_CAR,,,,,,,CAR D/ST,DST,CAR,4.355882352941177,,,51.0,3.0,,74.05000000000001,94.0,55.53750000000001,92.56250000000001,High,45.0,,,,,,0,0,2025 production baseline,0,Fair,6.0,6.0,,4.355882352941177,CHI,Unrated
00-0036556,Brevin Jordan,TE,HOU,ACT,5.0,1.0,Brevin Jordan,TE,HOU,4.330769230769231,0.06563687268317661,0.027632500290184648,11.0,2.0,1.35,73.62307692307694,22.950000000000003,58.898461538461554,88.34769230769233,Low,70.0,TE,3.0,10.0,2026-07-23 09:22:29+00:00,Reserve / unlisted,0,0,2025 production baseline,0,Fair,57.0,57.0,,4.330769230769231,BUF,Unrated
00-0036567,Elijah Mitchell,RB,PHI,ACT,5.0,1.0,Elijah Mitchell,RB,PHI,4.318181818181818,0.05412324929971988,-0.023310970084567242,11.0,1.0,4.318181818181818,73.4090909090909,73.4090909090909,58.72727272727273,88.09090909090908,Low,70.0,RB,5.0,11.0,2026-07-23 09:22:29+00:00,Reserve / unlisted,0,0,2025 production baseline,0,Fair,34.0,34.0,,4.318181818181818,WAS,Unrated
00-0039066,Michael Mayer,TE,LV,ACT,3.0,1.0,Michael Mayer,TE,LV,4.252941176470588,0.09100540897240596,0.07380486229375986,23.0,2.0,3.3272727272727276,72.3,56.56363636363637,57.84,86.75999999999999,Medium,45.0,TE,2.0,10.0,2026-07-23 09:22:29+00:00,Second team,0,0,2025 production baseline,0,Fair,56.0,56.0,,4.252941176470588,MIA,Unrated
00-0039365,Jacob Cowing,WR,SF,ACT,2.0,1.0,Jacob Cowing,WR,SF,4.233333333333333,0.060951593209657734,0.0991302954922358,3.0,1.0,4.233333333333333,71.96666666666667,71.96666666666667,57.57333333333334,86.36,Low,70.0,WR,7.0,1.0,2026-07-23 09:22:29+00:00,Reserve / unlisted,0,0,2025 production baseline,0,Fair,36.0,36.0,,4.233333333333333,LAR,Unrated
00-0037614,John Metchie III,WR,CAR,ACT,4.0,1.0,John Metchie III,WR,CAR,4.205882352941178,0.09867727172394172,0.10570447619890587,24.0,2.0,5.540000000000001,71.50000000000003,94.18000000000002,57.200000000000024,85.80000000000003,Medium,45.0,WR,6.0,8.0,2026-07-23 09:22:29+00:00,Reserve / unlisted,0,0,2025 production baseline,0,Fair,36.0,36.0,,4.205882352941178,CHI,Unrated
00-0039868,Troy Franklin,WR,DEN,ACT,2.0,1.0,Troy Franklin,WR,DEN,4.1937500000000005,0.10762691477495798,0.18254724500115257,16.0,1.0,4.1937500000000005,71.29375,71.29375,57.035000000000004,85.5525,Medium,45.0,WR,3.0,8.0,2026-07-23 09:22:29+00:00,Reserve / unlisted,0,0,2025 production baseline,0,Fair,35.0,35.0,,4.1937500000000005,KC,Unrated
00-0038492,Jason Brownlee,WR,KC,ACT,3.0,1.0,Jason Brownlee,WR,KC,4.15,0.05580808080808085,0.10421074555535001,4.0,1.0,4.15,70.55000000000001,70.55000000000001,56.44000000000001,84.66000000000001,Low,70.0,WR,7.0,1.0,2026-07-23 09:22:29+00:00,Reserve / unlisted,0,0,2025 production baseline,0,Fair,35.0,35.0,,4.15,DEN,Unrated
DST_ARI,,,,,,,ARI D/ST,DST,ARI,4.141176470588236,,,51.0,3.0,,70.4,62.0,52.800000000000004,88.0,High,45.0,,,,,,0,0,2025 production baseline,0,Fair,3.0,3.0,,4.141176470588236,LAC,Unrated
00-0038589,Josh Whyle,TE,GB,ACT,3.0,1.0,Josh Whyle,TE,GB,4.055555555555555,0.08170091490549745,0.05788478833100656,22.0,2.0,4.342857142857143,68.94444444444444,73.82857142857144,55.15555555555556,82.73333333333333,Medium,45.0,TE,3.0,10.0,2026-07-23 09:22:29+00:00,Reserve / unlisted,0,0,2025 production baseline,0,Fair,55.0,55.0,,4.055555555555555,MIN,Unrated
00-0036626,Dyami Brown,WR,WAS,ACT,5.0,1.0,Dyami Brown,WR,WAS,3.947906976744186,0.0796469945423674,0.09720526684513316,28.0,2.0,4.493333333333334,67.11441860465116,76.38666666666668,53.691534883720934,80.5373023255814,Medium,45.0,WR,5.0,2.0,2026-07-23 09:22:29+00:00,Reserve / unlisted,0,0,2025 production baseline,0,Fair,34.0,34.0,,3.947906976744186,PHI,Unrated
00-0037327,Skylar Thompson,QB,BAL,ACT,4.0,1.0,Skylar Thompson,QB,BAL,3.940000000000001,0.0,0.0,2.0,1.0,3.9400000000000004,66.98000000000002,66.98,53.58400000000002,80.37600000000002,Low,70.0,QB,5.0,9.0,2026-07-23 09:22:29+00:00,Reserve / unlisted,0,0,2025 production baseline,0,Fair,14.0,14.0,,3.940000000000001,IND,Unrated
00-0039144,Luke Musgrave,TE,GB,ACT,3.0,1.0,Luke Musgrave,TE,GB,3.928,0.08526994375777734,0.06640094214272266,18.0,2.0,1.6428571428571428,66.776,27.928571428571427,53.4208,80.13119999999999,Medium,45.0,TE,2.0,10.0,2026-07-23 09:22:29+00:00,Second team,0,0,2025 production baseline,0,Fair,54.0,54.0,,3.928,MIN,Unrated
00-0037475,Stone Smartt,TE,PHI,ACT,4.0,1.0,Stone Smartt,TE,PHI,3.9269230769230767,0.06987650139112077,0.07759305023806311,19.0,2.0,4.971428571428571,66.75769230769231,84.5142857142857,53.40615384615385,80.10923076923076,Medium,45.0,TE,5.0,10.0,2026-07-23 09:22:29+00:00,Reserve / unlisted,0,0,2025 production baseline,0,Fair,53.0,53.0,,3.9269230769230767,WAS,Unrated
00-0039921,Trey Benson,RB,ARI,ACT,2.0,1.0,Trey Benson,RB,ARI,3.9166666666666665,0.0484315627779125,-0.02437824908931658,12.0,1.0,3.9166666666666665,66.58333333333333,66.58333333333333,53.266666666666666,79.89999999999999,Medium,45.0,RB,4.0,11.0,2026-07-23 09:22:29+00:00,Reserve / unlisted,0,0,2025 production baseline,0,Fair,33.0,33.0,,3.9166666666666665,LAC,Unrated
00-0038046,Charlie Kolar,TE,LAC,ACT,4.0,1.0,Charlie Kolar,TE,LAC,3.9150000000000005,0.05617606758558841,0.04998253932478477,13.0,2.0,4.042857142857143,66.555,68.72857142857143,53.24400000000001,79.866,Medium,45.0,TE,3.0,10.0,2026-07-23 09:22:29+00:00,Reserve / unlisted,0,0,2025 production baseline,0,Fair,52.0,52.0,,3.9150000000000005,ARI,Unrated
00-0036569,Gary Brightwell,RB,CIN,ACT,5.0,1.0,Gary Brightwell,RB,CIN,3.8666666666666667,0.07507183908045977,-0.024092584925376068,3.0,1.0,3.8666666666666667,65.73333333333333,65.73333333333333,52.58666666666667,78.88,Low,70.0,RB,4.0,11.0,2026-07-23 09:22:29+00:00,Reserve / unlisted,0,0,2025 production baseline,0,Fair,32.0,32.0,,3.8666666666666667,TB,Unrated
00-0038498,E.J. Jenkins,TE,PHI,ACT,3.0,1.0,E.J. Jenkins,TE,PHI,3.85,0.0399728997289973,0.02114367114367115,2.0,1.0,3.85,65.45,65.45,52.36000000000001,78.54,Low,70.0,TE,7.0,10.0,2026-07-23 09:22:29+00:00,Reserve / unlisted,0,0,2025 production baseline,0,Fair,51.0,51.0,,3.85,WAS,Unrated
00-0038115,Daniel Bellinger,TE,TEN,ACT,4.0,1.0,Daniel Bellinger,TE,TEN,3.8333333333333335,0.07241488128375477,0.05030449622032649,20.0,2.0,3.7857142857142856,65.16666666666667,64.35714285714286,52.13333333333334,78.2,Medium,45.0,TE,2.0,10.0,2026-07-23 09:22:29+00:00,Second team,0,0,2025 production baseline,0,Fair,50.0,50.0,,3.8333333333333335,NYJ,Unrated
00-0036415,Van Jefferson,WR,WAS,ACT,6.0,1.0,Van Jefferson,WR,WAS,3.829545454545455,0.09973315936557889,0.1554800396521903,29.0,2.0,4.24,65.10227272727273,72.08,52.08181818181819,78.12272727272727,Medium,45.0,WR,7.0,1.0,2026-07-23 09:22:29+00:00,Reserve / unlisted,0,0,2025 production baseline,0,Fair,34.0,34.0,,3.829545454545455,PHI,Unrated
00-0038685,Chris Brooks,RB,GB,ACT,3.0,1.0,Chris Brooks,RB,GB,3.8,0.0544691285985403,-0.015684425913701873,14.0,2.0,3.8363636363636364,64.6,65.21818181818182,51.68,77.52,Medium,45.0,RB,3.0,11.0,2026-07-23 09:22:29+00:00,Reserve / unlisted,0,0,2025 production baseline,0,Fair,31.0,31.0,,3.8,MIN,Unrated
00-0039373,Audric Estimé,RB,NO,ACT,2.0,1.0,Audric Estimé,RB,NO,3.746153846153846,0.052419354838709666,-0.02241995721041963,13.0,1.0,3.746153846153846,63.684615384615384,63.684615384615384,50.94769230769231,76.42153846153846,Medium,45.0,RB,6.0,11.0,2026-07-23 09:22:29+00:00,Reserve / unlisted,0,0,2025 production baseline,0,Fair,30.0,30.0,,3.746153846153846,DET,Unrated
00-0036646,Simi Fehoko,WR,ARI,ACT,5.0,1.0,Simi Fehoko,WR,ARI,3.736363636363637,0.10555148212194043,0.18369026200777397,6.0,2.0,3.3200000000000003,63.51818181818183,56.440000000000005,50.81454545454547,76.2218181818182,Low,70.0,WR,7.0,1.0,2026-07-23 09:22:29+00:00,Reserve / unlisted,0,0,2025 production baseline,0,Fair,33.0,33.0,,3.736363636363637,LAC,Unrated
00-0033246,Johnny Mundt,TE,PHI,ACT,9.0,1.0,Johnny Mundt,TE,PHI,3.7314285714285713,0.0766049960527018,0.03601689363302097,22.0,2.0,3.476923076923077,63.434285714285714,59.10769230769231,50.74742857142857,76.12114285714286,Medium,45.0,TE,3.0,10.0,2026-07-23 09:22:29+00:00,Reserve / unlisted,0,0,2025 production baseline,0,Fair,49.0,49.0,,3.7314285714285713,WAS,Unrated
00-0035298,Scott Miller,WR,CHI,ACT,7.0,1.0,Scott Miller,WR,CHI,3.7000000000000006,0.07220885093787315,0.1006417556738461,13.0,2.0,2.975,62.90000000000001,50.575,50.320000000000014,75.48000000000002,Medium,45.0,WR,6.0,8.0,2026-07-23 09:22:29+00:00,Reserve / unlisted,0,0,2025 production baseline,0,Fair,32.0,32.0,,3.7000000000000006,CAR,Unrated
00-0036165,Isaiah Hodgins,WR,NYG,ACT,6.0,1.0,Isaiah Hodgins,WR,NYG,3.688888888888889,0.06928204014847579,0.07853768725491451,16.0,2.0,1.6,62.711111111111116,27.200000000000003,50.168888888888894,75.25333333333333,Medium,45.0,WR,8.0,2.0,2026-07-23 09:22:29+00:00,Reserve / unlisted,0,0,2025 production baseline,0,Fair,32.0,32.0,,3.688888888888889,DAL,Unrated
00-0039041,Elijah Higgins,TE,ARI,ACT,3.0,1.0,Elijah Higgins,TE,ARI,3.640540540540541,0.06113896714931623,0.04691719157497608,23.0,2.0,3.5142857142857147,61.889189189189196,59.74285714285715,49.51135135135136,74.26702702702703,Medium,45.0,TE,3.0,10.0,2026-07-23 09:22:29+00:00,Reserve / unlisted,0,0,2025 production baseline,0,Fair,48.0,48.0,,3.640540540540541,LAC,Unrated
00-0039391,Kimani Vidal,RB,LAC,ACT,2.0,1.0,Kimani Vidal,RB,LAC,3.6333333333333337,0.053955182935994966,0.03142734718419872,9.0,1.0,3.6333333333333337,61.76666666666667,61.76666666666667,49.41333333333334,74.12,Low,70.0,RB,2.0,11.0,2026-07-23 09:22:29+00:00,Second team,0,0,2025 production baseline,0,Fair,29.0,29.0,,3.6333333333333337,ARI,Unrated
00-0037132,Britain Covey,WR,PHI,ACT,4.0,1.0,Britain Covey,WR,PHI,3.625,0.09578608089003636,0.03506071443019181,5.0,2.0,3.466666666666667,61.625,58.93333333333334,49.300000000000004,73.95,Low,70.0,WR,8.0,2.0,2026-07-23 09:22:29+00:00,Reserve / unlisted,0,0,2025 production baseline,0,Fair,31.0,31.0,,3.625,WAS,Unrated
00-0036422,Adam Trautman,TE,DEN,ACT,6.0,1.0,Adam Trautman,TE,DEN,3.5238095238095237,0.06177916680158994,0.05748748425083893,29.0,2.0,3.369230769230769,59.904761904761905,57.27692307692307,47.923809523809524,71.88571428571429,Medium,45.0,TE,2.0,10.0,2026-07-23 09:22:29+00:00,Second team,0,0,2025 production baseline,0,Fair,47.0,47.0,,3.5238095238095237,KC,Unrated
00-0036754,Brock Wright,TE,DET,ACT,5.0,1.0,Brock Wright,TE,DET,3.5035714285714286,0.06306164568450152,0.036498540135941455,18.0,2.0,3.5,59.56071428571428,59.5,47.64857142857143,71.47285714285714,Medium,45.0,TE,2.0,10.0,2026-07-23 09:22:29+00:00,Second team,0,0,2025 production baseline,0,Fair,46.0,46.0,,3.5035714285714286,NO,Unrated
00-0039062,Jonathan Mingo,WR,DAL,ACT,3.0,1.0,Jonathan Mingo,WR,DAL,3.4697674418604647,0.1219161527833459,0.17281835929684936,29.0,2.0,1.6000000000000003,58.9860465116279,27.200000000000006,47.18883720930232,70.78325581395347,Medium,45.0,WR,6.0,8.0,2026-07-23 09:22:29+00:00,Reserve / unlisted,0,0,2025 production baseline,0,Fair,31.0,31.0,,3.4697674418604647,NYG,Unrated
00-0039912,Ben Sinnott,TE,WAS,ACT,2.0,1.0,Ben Sinnott,TE,WAS,3.4499999999999997,0.04955574419920768,0.014117420093597526,4.0,1.0,3.45,58.65,58.650000000000006,46.92,70.38,Low,70.0,TE,3.0,10.0,2026-07-23 09:22:29+00:00,Reserve / unlisted,0,0,2025 production baseline,0,Fair,45.0,45.0,,3.4499999999999997,PHI,Unrated
00-0035631,Drew Sample,TE,CIN,ACT,7.0,1.0,Drew Sample,TE,CIN,3.4249999999999994,0.054912173401383234,0.006426517968654293,25.0,2.0,3.3181818181818183,58.22499999999999,56.409090909090914,46.57999999999999,69.86999999999998,Medium,45.0,TE,2.0,10.0,2026-07-23 09:22:29+00:00,Second team,0,0,2025 production baseline,0,Fair,44.0,44.0,,3.4249999999999994,TB,Unrated
00-0036898,Davis Mills,QB,HOU,ACT,5.0,1.0,Davis Mills,QB,HOU,3.4150000000000005,0.0,0.0,8.0,2.0,2.3950000000000005,58.05500000000001,40.71500000000001,46.44400000000001,69.66600000000001,Low,70.0,QB,2.0,9.0,2026-07-23 09:22:29+00:00,Second team,0,0,2025 production baseline,0,Fair,13.0,13.0,,3.4150000000000005,BUF,Unrated
00-0037304,Connor Heyward,TE,LV,ACT,4.0,1.0,Connor Heyward,TE,LV,3.4142857142857146,0.0830782992887137,0.056759387828324466,16.0,2.0,3.2,58.042857142857144,54.400000000000006,46.43428571428572,69.65142857142857,Medium,45.0,,,,,Reserve / unlisted,0,0,2025 production baseline,0,Fair,43.0,43.0,,3.4142857142857146,MIA,Unrated
00-0037539,Lucas Krull,TE,DEN,ACT,4.0,1.0,Lucas Krull,TE,DEN,3.4037037037037043,0.07172469171854454,0.062394472807675516,17.0,2.0,3.4200000000000004,57.862962962962975,58.14000000000001,46.29037037037038,69.43555555555557,Medium,45.0,TE,5.0,10.0,2026-07-23 09:22:29+00:00,Reserve / unlisted,0,0,2025 production baseline,0,Fair,42.0,42.0,,3.4037037037037043,KC,Unrated
00-0037231,Kevin Austin Jr.,WR,NO,ACT,4.0,1.0,Kevin Austin Jr.,WR,NO,3.375,0.09337028214212012,0.1275625212690004,8.0,1.0,3.375,57.375,57.375,45.900000000000006,68.85,Low,70.0,WR,11.0,2.0,2026-07-23 09:22:29+00:00,Reserve / unlisted,0,0,2025 production baseline,0,Fair,30.0,30.0,,3.375,DET,Unrated
00-0037557,Ronnie Rivers,RB,LAR,ACT,4.0,1.0,Ronnie Rivers,RB,LAR,3.3352941176470594,0.06284626721477933,-0.04973935871454149,12.0,2.0,3.66,56.70000000000001,62.22,45.360000000000014,68.04,Medium,45.0,RB,3.0,11.0,2026-07-23 09:22:29+00:00,Reserve / unlisted,0,0,2025 production baseline,0,Fair,28.0,28.0,,3.3352941176470594,SF,Unrated
00-0038783,Nate Adkins,TE,DEN,ACT,3.0,1.0,Nate Adkins,TE,DEN,3.3285714285714287,0.040656489880199494,0.019121250783032555,16.0,2.0,3.625,56.58571428571429,61.625,45.268571428571434,67.90285714285714,Medium,45.0,TE,4.0,10.0,2026-07-23 09:22:29+00:00,Reserve / unlisted,0,0,2025 production baseline,0,Fair,41.0,41.0,,3.3285714285714287,KC,Unrated
00-0036590,Quintin Morris,TE,JAX,ACT,5.0,1.0,Quintin Morris,TE,JAX,3.316666666666667,0.05457375930660085,0.07166424230299913,7.0,2.0,2.9200000000000004,56.38333333333334,49.64000000000001,45.106666666666676,67.66000000000001,Low,70.0,TE,4.0,10.0,2026-07-23 09:22:29+00:00,Reserve / unlisted,0,0,2025 production baseline,0,Fair,40.0,40.0,,3.316666666666667,CLE,Unrated
00-0038496,Xavier Gipson,WR,NYG,ACT,3.0,1.0,Xavier Gipson,WR,NYG,3.3148148148148153,0.07151423855109998,0.1047449721962151,20.0,2.0,2.3428571428571425,56.35185185185186,39.82857142857142,45.08148148148149,67.62222222222223,Medium,45.0,WR,13.0,1.0,2026-07-23 09:22:29+00:00,Reserve / unlisted,0,0,2025 production baseline,0,Fair,29.0,29.0,,3.3148148148148153,DAL,Unrated
00-0039816,Anthony Gould,WR,IND,ACT,2.0,1.0,Anthony Gould,WR,IND,3.3000000000000003,0.0277777777777778,0.0571428571428571,1.0,1.0,3.3000000000000003,56.1,56.1,44.88,67.32,Low,70.0,WR,6.0,8.0,2026-07-23 09:22:29+00:00,Reserve / unlisted,0,0,2025 production baseline,0,Fair,29.0,29.0,,3.3000000000000003,BAL,Unrated
00-0037078,Cole Turner,TE,MIA,ACT,4.0,1.0,Cole Turner,TE,MIA,3.2857142857142856,0.06885614747466391,0.06437824647493637,7.0,1.0,3.2857142857142856,55.857142857142854,55.857142857142854,44.68571428571428,67.02857142857142,Low,70.0,TE,5.0,10.0,2026-07-23 09:22:29+00:00,Reserve / unlisted,0,0,2025 production baseline,0,Fair,39.0,39.0,,3.2857142857142856,LV,Unrated
00-0038573,Derius Davis,WR,LAC,ACT,3.0,1.0,Derius Davis,WR,LAC,3.2749999999999995,0.054676707744425804,0.008650179601521977,25.0,2.0,3.6454545454545455,55.67499999999999,61.972727272727276,44.53999999999999,66.80999999999999,Medium,45.0,WR,6.0,8.0,2026-07-23 09:22:29+00:00,Reserve / unlisted,0,0,2025 production baseline,0,Fair,28.0,28.0,,3.2749999999999995,ARI,Unrated
00-0038098,Pierre Strong,RB,GB,ACT,4.0,1.0,Pierre Strong,RB,GB,3.2342857142857144,0.05523297071108148,0.00028352719442589406,24.0,2.0,3.2,54.98285714285714,54.400000000000006,43.986285714285714,65.97942857142857,Medium,45.0,RB,4.0,11.0,2026-07-23 09:22:29+00:00,Reserve / unlisted,0,0,2025 production baseline,0,Fair,27.0,27.0,,3.2342857142857144,MIN,Unrated
00-0038752,Jake Bobo,WR,SEA,ACT,3.0,1.0,Jake Bobo,WR,SEA,3.230555555555555,0.04649081218750689,0.04605463309641747,25.0,2.0,2.6999999999999997,54.91944444444444,45.9,43.93555555555555,65.90333333333332,Medium,45.0,WR,5.0,2.0,2026-07-23 09:22:29+00:00,Reserve / unlisted,0,0,2025 production baseline,0,Fair,28.0,28.0,,3.230555555555555,NE,Unrated
00-0036534,Shane Zylstra,TE,BUF,ACT,5.0,1.0,Shane Zylstra,TE,BUF,3.2,0.032258064516129,0.0348837209302326,1.0,1.0,3.2,54.400000000000006,54.400000000000006,43.52000000000001,65.28,Low,70.0,TE,4.0,10.0,2026-07-23 09:22:29+00:00,Reserve / unlisted,0,0,2025 production baseline,0,Fair,38.0,38.0,,3.2,HOU,Unrated
00-0038636,Kenny McIntosh,RB,SEA,ACT,3.0,1.0,Kenny McIntosh,RB,SEA,3.2,0.04327069269598003,0.0082949897750511,7.0,1.0,3.2,54.400000000000006,54.400000000000006,43.52000000000001,65.28,Low,70.0,RB,5.0,11.0,2026-07-23 09:22:29+00:00,Reserve / unlisted,0,0,2025 production baseline,0,Fair,26.0,26.0,,3.2,NE,Unrated
00-0036876,Kylen Granson,TE,TEN,ACT,5.0,1.0,Kylen Granson,TE,TEN,3.195348837209302,0.08556220028982406,0.08896529123714808,29.0,2.0,2.3000000000000003,54.32093023255813,39.1,43.45674418604651,65.18511627906976,Medium,45.0,TE,3.0,10.0,2026-07-23 09:22:29+00:00,Reserve / unlisted,0,0,2025 production baseline,0,Fair,37.0,37.0,,3.195348837209302,NYJ,Unrated
00-0037012,Trey Lance,QB,LAC,ACT,5.0,1.0,Trey Lance,QB,LAC,3.185,0.0,0.0,4.0,1.0,3.185,54.145,54.145,43.316,64.974,Low,70.0,QB,2.0,9.0,2026-07-23 09:22:29+00:00,Second team,0,0,2025 production baseline,0,Fair,11.0,11.0,,3.185,ARI,Unrated
00-0036232,Harrison Bryant,TE,SEA,ACT,6.0,1.0,Harrison Bryant,TE,SEA,3.178260869565217,0.05861051212102476,0.028193061373710603,18.0,2.0,3.5200000000000005,54.03043478260869,59.84000000000001,43.224347826086955,64.83652173913042,Medium,45.0,,,,,Reserve / unlisted,0,0,2025 production baseline,0,Fair,36.0,36.0,,3.178260869565217,NE,Unrated
00-0039890,Adonai Mitchell,WR,NYJ,ACT,2.0,1.0,Adonai Mitchell,WR,NYJ,3.16235294117647,0.11211458679949635,0.16031514847494538,17.0,1.0,3.1623529411764704,53.75999999999999,53.76,43.007999999999996,64.51199999999999,Medium,45.0,WR,2.0,2.0,2026-07-23 09:22:29+00:00,Second team,0,0,2025 production baseline,0,Fair,27.0,27.0,,3.16235294117647,TEN,Unrated
00-0038090,Skyy Moore,WR,GB,ACT,4.0,1.0,Skyy Moore,WR,GB,3.1588235294117655,0.07585151405891773,0.09014369074225491,15.0,2.0,0.0,53.70000000000001,0.0,42.96000000000001,64.44000000000001,Medium,45.0,WR,6.0,8.0,2026-07-23 09:22:29+00:00,Reserve / unlisted,0,0,2025 production baseline,0,Fair,27.0,27.0,,3.1588235294117655,MIN,Unrated
00-0039746,Will Shipley,RB,PHI,ACT,2.0,1.0,Will Shipley,RB,PHI,3.1399999999999992,0.09756097560975611,0.025925925925925897,5.0,1.0,3.1399999999999997,53.37999999999999,53.379999999999995,42.70399999999999,64.05599999999998,Low,70.0,RB,3.0,11.0,2026-07-23 09:22:29+00:00,Reserve / unlisted,0,0,2025 production baseline,0,Fair,25.0,25.0,,3.1399999999999992,WAS,Unrated
00-0037085,Tyler Badie,RB,DEN,ACT,4.0,1.0,Tyler Badie,RB,DEN,3.1333333333333333,0.05515151515151515,-0.01240891613562425,3.0,1.0,3.1333333333333333,53.266666666666666,53.266666666666666,42.61333333333334,63.919999999999995,Low,70.0,RB,5.0,11.0,2026-07-23 09:22:29+00:00,Reserve / unlisted,0,0,2025 production baseline,0,Fair,24.0,24.0,,3.1333333333333333,KC,Unrated
00-0038640,Jalen Brooks,WR,ARI,ACT,3.0,1.0,Jalen Brooks,WR,ARI,3.1037037037037036,0.063983927377079,0.11970607419714348,15.0,2.0,2.975,52.76296296296296,50.575,42.21037037037037,63.31555555555555,Medium,45.0,WR,8.0,2.0,2026-07-23 09:22:29+00:00,Reserve / unlisted,0,0,2025 production baseline,0,Fair,26.0,26.0,,3.1037037037037036,LAC,Unrated
00-0039650,Bryce Oliver,WR,TEN,ACT,2.0,1.0,Bryce Oliver,WR,TEN,3.1,0.06442558995969785,0.07571888969295522,5.0,1.0,3.1000000000000005,52.7,52.70000000000001,42.160000000000004,63.24,Low,70.0,WR,6.0,8.0,2026-07-23 09:22:29+00:00,Reserve / unlisted,0,0,2025 production baseline,0,Fair,25.0,25.0,,3.1,NYJ,Unrated
00-0033217,Mo Alie-Cox,TE,IND,ACT,9.0,1.0,Mo Alie-Cox,TE,IND,3.0945945945945943,0.06769116087929068,0.06517707669418657,25.0,2.0,2.725,52.608108108108105,46.325,42.086486486486486,63.129729729729725,Medium,45.0,TE,2.0,10.0,2026-07-23 09:22:29+00:00,Second team,0,0,2025 production baseline,0,Fair,35.0,35.0,,3.0945945945945943,BAL,Unrated
00-0038389,Israel Abanikanda,RB,DAL,ACT,3.0,1.0,Israel Abanikanda,RB,DAL,3.0500000000000003,0.09704184704184698,0.015256621703387666,6.0,1.0,3.0500000000000003,51.85,51.85,41.480000000000004,62.22,Low,70.0,RB,5.0,11.0,2026-07-23 09:22:29+00:00,Reserve / unlisted,0,0,2025 production baseline,0,Fair,23.0,23.0,,3.0500000000000003,NYG,Unrated
00-0034419,Braxton Berrios,WR,NYG,ACT,8.0,1.0,Braxton Berrios,WR,NYG,3.047368421052632,0.06462387705517329,0.05909139090761734,16.0,2.0,0.0,51.80526315789474,0.0,41.4442105263158,62.166315789473686,Medium,45.0,WR,9.0,8.0,2026-07-23 09:22:29+00:00,Reserve / unlisted,0,0,2025 production baseline,0,Fair,25.0,25.0,,3.047368421052632,DAL,Unrated
00-0038558,Darnell Washington,TE,PIT,ACT,3.0,1.0,Darnell Washington,TE,PIT,3.032352941176471,0.06484933976659471,0.03073094528357073,21.0,2.0,3.4615384615384617,51.550000000000004,58.84615384615385,41.24000000000001,61.86,Medium,45.0,TE,2.0,10.0,2026-07-23 09:22:29+00:00,Second team,0,0,2025 production baseline,0,Fair,34.0,34.0,,3.032352941176471,ATL,Unrated
00-0033576,Eric Saubert,TE,SEA,ACT,9.0,1.0,Eric Saubert,TE,SEA,3.0315789473684216,0.04939950626971294,0.03656116432555973,11.0,2.0,3.3375,51.53684210526317,56.7375,41.22947368421054,61.8442105263158,Low,70.0,TE,3.0,10.0,2026-07-23 09:22:29+00:00,Reserve / unlisted,0,0,2025 production baseline,0,Fair,33.0,33.0,,3.0315789473684216,NE,Unrated
00-0039530,Brevyn Spann-Ford,TE,DAL,ACT,2.0,1.0,Brevyn Spann-Ford,TE,DAL,2.966666666666667,0.05707031799511475,0.04976776336689279,6.0,1.0,2.966666666666667,50.43333333333334,50.43333333333334,40.34666666666667,60.52,Low,70.0,TE,2.0,10.0,2026-07-23 09:22:29+00:00,Second team,0,0,2025 production baseline,0,Fair,32.0,32.0,,2.966666666666667,NYG,Unrated
00-0038576,Charlie Jones,WR,CIN,ACT,3.0,1.0,Charlie Jones,WR,CIN,2.9499999999999997,0.05326443920896694,0.09009343859152295,5.0,2.0,1.5,50.15,25.5,40.120000000000005,60.17999999999999,Low,70.0,WR,6.0,8.0,2026-07-23 09:22:29+00:00,Reserve / unlisted,0,0,2025 production baseline,0,Fair,24.0,24.0,,2.9499999999999997,TB,Unrated
00-0039355,Luke McCaffrey,WR,WAS,ACT,2.0,1.0,Luke McCaffrey,WR,WAS,2.9000000000000004,0.06880630133249556,0.05923173496382538,12.0,1.0,2.9,49.300000000000004,49.3,39.440000000000005,59.160000000000004,Medium,45.0,WR,3.0,8.0,2026-07-23 09:22:29+00:00,Reserve / unlisted,0,0,2025 production baseline,0,Fair,24.0,24.0,,2.9000000000000004,PHI,Unrated
00-0037742,Treylon Burks,WR,WAS,ACT,4.0,1.0,Treylon Burks,WR,WAS,2.8894736842105266,0.08885136104950349,0.17633830605214276,14.0,2.0,1.5,49.121052631578955,25.5,39.29684210526317,58.94526315789474,Medium,45.0,WR,4.0,1.0,2026-07-23 09:22:29+00:00,Reserve / unlisted,0,0,2025 production baseline,0,Fair,23.0,23.0,,2.8894736842105266,PHI,Unrated
00-0039074,Davis Allen,TE,LAR,ACT,3.0,1.0,Davis Allen,TE,LAR,2.8312500000000003,0.06234836648346125,0.03080996300556329,10.0,2.0,1.6500000000000001,48.13125,28.05,38.505,57.7575,Low,70.0,TE,5.0,10.0,2026-07-23 09:22:29+00:00,Reserve / unlisted,0,0,2025 production baseline,0,Fair,31.0,31.0,,2.8312500000000003,SF,Unrated
00-0034487,Trent Sherfield,WR,BUF,ACT,8.0,1.0,Trent Sherfield,WR,BUF,2.8080000000000003,0.052191116475277945,0.042966458933576174,17.0,2.0,2.7875,47.736000000000004,47.3875,38.18880000000001,57.2832,Medium,45.0,WR,8.0,2.0,2026-07-23 09:22:29+00:00,Reserve / unlisted,0,0,2025 production baseline,0,Fair,23.0,23.0,,2.8080000000000003,HOU,Unrated
00-0038647,Ronnie Bell,WR,NO,ACT,3.0,1.0,Ronnie Bell,WR,NO,2.8000000000000003,0.06362412288272955,0.08051235225035981,11.0,2.0,1.4000000000000001,47.6,23.8,38.080000000000005,57.12,Low,70.0,WR,8.0,2.0,2026-07-23 09:22:29+00:00,Reserve / unlisted,0,0,2025 production baseline,0,Fair,22.0,22.0,,2.8000000000000003,DET,Unrated
00-0039811,MarShawn Lloyd,RB,GB,ACT,2.0,1.0,MarShawn Lloyd,RB,GB,2.8,0.0769230769230769,-0.06172839506172839,1.0,1.0,2.8,47.599999999999994,47.599999999999994,38.08,57.11999999999999,Low,70.0,RB,2.0,11.0,2026-07-23 09:22:29+00:00,Second team,0,0,2025 production baseline,0,Fair,22.0,22.0,,2.8,MIN,Unrated
00-0032434,Brandon Allen,QB,NYG,ACT,10.0,1.0,Brandon Allen,QB,NYG,2.786666666666667,0.0,0.0,3.0,1.0,2.786666666666667,47.37333333333334,47.37333333333334,37.89866666666668,56.848000000000006,Low,70.0,QB,3.0,9.0,2026-07-23 09:22:29+00:00,Reserve / unlisted,0,0,2025 production baseline,0,Fair,10.0,10.0,,2.786666666666667,DAL,Unrated
00-0037292,Andrew Ogletree,TE,IND,ACT,4.0,1.0,Andrew Ogletree,TE,IND,2.734375,0.054418809397994615,0.06432670857826793,21.0,2.0,2.3545454545454545,46.484375,40.027272727272724,37.1875,55.78125,Medium,45.0,TE,3.0,10.0,2026-07-23 09:22:29+00:00,Reserve / unlisted,0,0,2025 production baseline,0,Fair,30.0,30.0,,2.734375,BAL,Unrated
00-0037004,Hunter Long,TE,JAX,ACT,5.0,1.0,Hunter Long,TE,JAX,2.7142857142857144,0.042407849934338784,0.019354255252999046,7.0,1.0,2.7142857142857144,46.142857142857146,46.142857142857146,36.91428571428572,55.371428571428574,Low,70.0,TE,5.0,10.0,2026-07-23 09:22:29+00:00,Reserve / unlisted,0,0,2025 production baseline,0,Fair,29.0,29.0,,2.7142857142857144,CLE,Unrated
00-0037300,Mike Woods,WR,DEN,ACT,4.0,1.0,Mike Woods,WR,DEN,2.7000000000000006,0.08581840294710946,0.13588188149725292,5.0,1.0,2.7,45.90000000000001,45.900000000000006,36.72000000000001,55.08000000000001,Low,70.0,,,,,Reserve / unlisted,0,0,2025 production baseline,0,Fair,21.0,21.0,,2.7000000000000006,KC,Unrated
00-0038938,Jalin Hyatt,WR,NYG,ACT,3.0,1.0,Jalin Hyatt,WR,NYG,2.6878787878787875,0.07615453273502924,0.20547262017668866,23.0,2.0,1.42,45.69393939393939,24.14,36.555151515151515,54.83272727272726,Medium,45.0,WR,10.0,1.0,2026-07-23 09:22:29+00:00,Reserve / unlisted,0,0,2025 production baseline,0,Fair,21.0,21.0,,2.6878787878787875,DAL,Unrated
00-0036862,Ben Skowronek,WR,PIT,ACT,5.0,1.0,Ben Skowronek,WR,PIT,2.6647058823529415,0.04625688714993343,0.04753137388310753,13.0,2.0,2.975,45.300000000000004,50.575,36.24,54.36000000000001,Medium,45.0,WR,5.0,2.0,2026-07-23 09:22:29+00:00,Reserve / unlisted,0,0,2025 production baseline,0,Fair,20.0,20.0,,2.6647058823529415,ATL,Unrated
00-0039623,Mason Tipton,WR,NO,ACT,2.0,1.0,Mason Tipton,WR,NO,2.6555555555555554,0.08930763984158345,0.13108087933589457,9.0,1.0,2.6555555555555554,45.144444444444446,45.144444444444446,36.11555555555556,54.17333333333333,Low,70.0,WR,7.0,1.0,2026-07-23 09:22:29+00:00,Reserve / unlisted,0,0,2025 production baseline,0,Fair,20.0,20.0,,2.6555555555555554,DET,Unrated
00-0039359,Cade Stover,TE,HOU,ACT,2.0,1.0,Cade Stover,TE,HOU,2.6384615384615384,0.053830603133230515,0.034717055240007795,13.0,1.0,2.6384615384615384,44.853846153846156,44.853846153846156,35.88307692307693,53.824615384615385,Medium,45.0,TE,5.0,10.0,2026-07-23 09:22:29+00:00,Reserve / unlisted,0,0,2025 production baseline,0,Fair,28.0,28.0,,2.6384615384615384,BUF,Unrated
00-0037252,Greg Dulcich,TE,MIA,ACT,4.0,1.0,Greg Dulcich,TE,MIA,2.6375,0.10763933982683971,0.0834131146631146,5.0,2.0,2.6,44.837500000000006,44.2,35.870000000000005,53.80500000000001,Low,70.0,TE,1.0,10.0,2026-07-23 09:22:29+00:00,First team,0,0,2025 production baseline,0,Fair,27.0,27.0,,2.6375,LV,Unrated
00-0038104,Tyquan Thornton,WR,KC,ACT,4.0,1.0,Tyquan Thornton,WR,KC,2.623529411764706,0.08063645878342164,0.15326680538889184,13.0,2.0,2.175,44.6,36.974999999999994,35.68,53.52,Medium,45.0,WR,3.0,8.0,2026-07-23 09:22:29+00:00,Reserve / unlisted,0,0,2025 production baseline,0,Fair,19.0,19.0,,2.623529411764706,DEN,Unrated
00-0036955,Terrace Marshall Jr.,WR,MIA,ACT,5.0,1.0,Terrace Marshall Jr.,WR,MIA,2.616666666666667,0.0715777678159914,0.07451837065783298,13.0,2.0,1.4200000000000002,44.48333333333334,24.140000000000004,35.58666666666667,53.38000000000001,Medium,45.0,WR,10.0,1.0,2026-07-23 09:22:29+00:00,Reserve / unlisted,0,0,2025 production baseline,0,Fair,18.0,18.0,,2.616666666666667,LV,Unrated
00-0039410,Ryan Flournoy,WR,DAL,ACT,2.0,1.0,Ryan Flournoy,WR,DAL,2.6000000000000005,0.05331668134976721,0.06107104868115371,7.0,1.0,2.6000000000000005,44.20000000000001,44.20000000000001,35.36000000000001,53.04000000000001,Low,70.0,WR,3.0,8.0,2026-07-23 09:22:29+00:00,Reserve / unlisted,0,0,2025 production baseline,0,Fair,18.0,18.0,,2.6000000000000005,NYG,Unrated
00-0032951,Laquon Treadwell,WR,IND,ACT,10.0,1.0,Laquon Treadwell,WR,IND,2.6,0.115384615384615,0.23529411764705896,1.0,1.0,2.6,44.2,44.2,35.36000000000001,53.04,Low,70.0,WR,7.0,1.0,2026-07-23 09:22:29+00:00,Reserve / unlisted,0,0,2025 production baseline,0,Fair,17.0,17.0,,2.6,BAL,Unrated
00-0039451,Isaiah Williams,WR,NYJ,ACT,2.0,1.0,Isaiah Williams,WR,NYJ,2.6,0.166666666666667,0.22388059701492502,1.0,1.0,2.6,44.2,44.2,35.36000000000001,53.04,Low,70.0,WR,5.0,2.0,2026-07-23 09:22:29+00:00,Reserve / unlisted,0,0,2025 production baseline,0,Fair,17.0,17.0,,2.6,TEN,Unrated
00-0038941,Tyler Scott,WR,LAR,ACT,3.0,1.0,Tyler Scott,WR,LAR,2.5933333333333337,0.09061525858371894,0.1466488997127531,14.0,2.0,1.5,44.08666666666667,25.5,35.26933333333334,52.904,Medium,45.0,WR,7.0,1.0,2026-07-23 09:22:29+00:00,Reserve / unlisted,0,0,2025 production baseline,0,Fair,16.0,16.0,,2.5933333333333337,SF,Unrated
00-0034798,Durham Smythe,TE,BAL,ACT,8.0,1.0,Durham Smythe,TE,BAL,2.5692307692307694,0.058532356059592276,0.05011632948422017,26.0,2.0,1.1,43.67692307692308,18.700000000000003,34.941538461538464,52.4123076923077,Medium,45.0,TE,2.0,10.0,2026-07-23 09:22:29+00:00,Second team,0,0,2025 production baseline,0,Fair,26.0,26.0,,2.5692307692307694,IND,Unrated
00-0036387,Jalen Reagor,WR,MIA,ACT,6.0,1.0,Jalen Reagor,WR,MIA,2.5173913043478255,0.06760910857362254,0.09257362839427045,16.0,2.0,2.1,42.795652173913034,35.7,34.23652173913043,51.354782608695636,Medium,45.0,WR,9.0,8.0,2026-07-23 09:22:29+00:00,Reserve / unlisted,0,0,2025 production baseline,0,Fair,16.0,16.0,,2.5173913043478255,LV,Unrated
00-0039907,Ja'Lynn Polk,WR,NO,ACT,2.0,1.0,Ja'Lynn Polk,WR,NO,2.5153846153846144,0.08664541394137357,0.15216118242454324,13.0,1.0,2.515384615384615,42.76153846153844,42.76153846153845,34.20923076923076,51.31384615384613,Medium,45.0,WR,5.0,2.0,2026-07-23 09:22:29+00:00,Reserve / unlisted,0,0,2025 production baseline,0,Fair,15.0,15.0,,2.5153846153846144,DET,Unrated
00-0039344,Jonathon Brooks,RB,CAR,ACT,2.0,1.0,Jonathon Brooks,RB,CAR,2.5000000000000004,0.0731707317073171,-0.0199501246882793,3.0,1.0,2.5,42.50000000000001,42.5,34.00000000000001,51.00000000000001,Low,70.0,RB,2.0,11.0,2026-07-23 09:22:29+00:00,Second team,0,0,2025 production baseline,0,Fair,21.0,21.0,,2.5000000000000004,CHI,Unrated
00-0037805,Jeremy Ruckert,TE,NYJ,ACT,4.0,1.0,Jeremy Ruckert,TE,NYJ,2.4472222222222224,0.06651351985504662,0.03996877065912085,23.0,2.0,2.1923076923076925,41.60277777777778,37.269230769230774,33.282222222222224,49.92333333333334,Medium,45.0,TE,3.0,10.0,2026-07-23 09:22:29+00:00,Reserve / unlisted,0,0,2025 production baseline,0,Fair,25.0,25.0,,2.4472222222222224,TEN,Unrated
00-0038710,Blake Whiteheart,TE,CLE,ACT,3.0,1.0,Blake Whiteheart,TE,CLE,2.442857142857143,0.037166681138529355,0.04514564785158694,7.0,1.0,2.442857142857143,41.52857142857143,41.52857142857143,33.222857142857144,49.83428571428572,Low,70.0,TE,4.0,10.0,2026-07-23 09:22:29+00:00,Reserve / unlisted,0,0,2025 production baseline,0,Fair,25.0,25.0,,2.442857142857143,JAX,Unrated
00-0037282,James Mitchell,TE,CAR,ACT,4.0,1.0,James Mitchell,TE,CAR,2.4000000000000004,0.0317540322580645,0.0321530022529141,2.0,1.0,2.4000000000000004,40.800000000000004,40.800000000000004,32.64000000000001,48.96,Low,70.0,TE,5.0,10.0,2026-07-23 09:22:29+00:00,Reserve / unlisted,0,0,2025 production baseline,0,Fair,24.0,24.0,,2.4000000000000004,CHI,Unrated
00-0037311,Ko Kieft,TE,TB,ACT,4.0,1.0,Ko Kieft,TE,TB,2.4,0.055089931885908903,0.08261189634864546,3.0,1.0,2.4,40.8,40.8,32.64,48.959999999999994,Low,70.0,TE,3.0,10.0,2026-07-23 09:22:29+00:00,Reserve / unlisted,0,0,2025 production baseline,0,Fair,23.0,23.0,,2.4,CIN,Unrated
00-0039738,Blake Corum,RB,LAR,ACT,2.0,1.0,Blake Corum,RB,LAR,2.392857142857143,0.04196381867950488,-0.002415271023622933,14.0,1.0,2.392857142857143,40.67857142857143,40.67857142857143,32.542857142857144,48.81428571428572,Medium,45.0,RB,2.0,11.0,2026-07-23 09:22:29+00:00,Second team,0,0,2025 production baseline,0,Fair,20.0,20.0,,2.392857142857143,SF,Unrated
00-0031484,Chris Manhertz,TE,NYG,ACT,11.0,1.0,Chris Manhertz,TE,NYG,2.3000000000000003,0.036624284469112076,0.015638167678984592,8.0,2.0,3.0,39.1,51.0,31.28,46.92,Low,70.0,,,,,Reserve / unlisted,0,0,2025 production baseline,0,Fair,22.0,22.0,,2.3000000000000003,DAL,Unrated
00-0037348,Tanner Conner,TE,NYG,ACT,4.0,1.0,Tanner Conner,TE,NYG,2.3,0.07987711213517665,0.11869470970765704,2.0,1.0,2.3,39.099999999999994,39.099999999999994,31.279999999999998,46.919999999999995,Low,70.0,TE,5.0,10.0,2026-07-23 09:22:29+00:00,Reserve / unlisted,0,0,2025 production baseline,0,Fair,21.0,21.0,,2.3,DAL,Unrated
00-0036887,Luke Farrell,TE,SF,ACT,5.0,1.0,Luke Farrell,TE,SF,2.272413793103448,0.053285924625580926,0.028265720207384673,19.0,2.0,1.8699999999999999,38.631034482758615,31.79,30.904827586206892,46.35724137931034,Medium,45.0,TE,3.0,10.0,2026-07-23 09:22:29+00:00,Reserve / unlisted,0,0,2025 production baseline,0,Fair,20.0,20.0,,2.272413793103448,LAR,Unrated
00-0035976,Dan Chisena,WR,CAR,ACT,6.0,1.0,Dan Chisena,WR,CAR,2.2333333333333334,0.05105937423010593,0.050455799620270934,3.0,1.0,2.2333333333333334,37.96666666666667,37.96666666666667,30.373333333333335,45.56,Low,70.0,WR,9.0,8.0,2026-07-23 09:22:29+00:00,Reserve / unlisted,0,0,2025 production baseline,0,Fair,14.0,14.0,,2.2333333333333334,CHI,Unrated
00-0036497,Tim Jones,WR,JAX,ACT,5.0,1.0,Tim Jones,WR,JAX,2.233333333333333,0.057332270394392,0.05889242307094108,12.0,2.0,2.3666666666666667,37.96666666666666,40.233333333333334,30.37333333333333,45.559999999999995,Medium,45.0,WR,7.0,1.0,2026-07-23 09:22:29+00:00,Reserve / unlisted,0,0,2025 production baseline,0,Fair,14.0,14.0,,2.233333333333333,CLE,Unrated
00-0037098,Samori Toure,WR,PHI,ACT,4.0,1.0,Samori Toure,WR,PHI,2.225,0.07054853965014435,0.1399807686658058,8.0,1.0,2.225,37.825,37.825,30.260000000000005,45.39,Low,70.0,WR,10.0,1.0,2026-07-23 09:22:29+00:00,Reserve / unlisted,0,0,2025 production baseline,0,Fair,13.0,13.0,,2.225,WAS,Unrated
00-0035021,Ashton Dulin,WR,IND,ACT,7.0,1.0,Ashton Dulin,WR,IND,2.1333333333333333,0.05242585256450566,0.0857461938189062,9.0,1.0,2.1333333333333333,36.266666666666666,36.266666666666666,29.013333333333335,43.519999999999996,Low,70.0,WR,3.0,8.0,2026-07-23 09:22:29+00:00,Reserve / unlisted,0,0,2025 production baseline,0,Fair,13.0,13.0,,2.1333333333333333,BAL,Unrated
00-0038394,Will Mallory,TE,IND,ACT,3.0,1.0,Will Mallory,TE,IND,2.1,0.051465323709073106,0.05218478916751506,18.0,2.0,0.9857142857142858,35.7,16.75714285714286,28.560000000000002,42.84,Medium,45.0,TE,4.0,10.0,2026-07-23 09:22:29+00:00,Reserve / unlisted,0,0,2025 production baseline,0,Fair,19.0,19.0,,2.1,BAL,Unrated
00-0038359,Xavier Smith,WR,LAR,ACT,3.0,1.0,Xavier Smith,WR,LAR,2.066666666666667,0.0444444444444444,0.0027247956403269,3.0,1.0,2.066666666666667,35.13333333333334,35.13333333333334,28.106666666666673,42.160000000000004,Low,70.0,WR,4.0,1.0,2026-07-23 09:22:29+00:00,Reserve / unlisted,0,0,2025 production baseline,0,Fair,12.0,12.0,,2.066666666666667,SF,Unrated
00-0038396,Eric Gray,RB,NYG,ACT,3.0,1.0,Eric Gray,RB,NYG,2.0640000000000005,0.05025872414820795,-0.016243056122594322,15.0,2.0,1.9300000000000002,35.08800000000001,32.81,28.070400000000006,42.10560000000001,Medium,45.0,RB,4.0,11.0,2026-07-23 09:22:29+00:00,Reserve / unlisted,0,0,2025 production baseline,0,Fair,19.0,19.0,,2.0640000000000005,DAL,Unrated
00-0039874,Jaylen Wright,RB,MIA,ACT,2.0,1.0,Jaylen Wright,RB,MIA,2.053846153846154,0.041964285714285725,-0.005127865752429199,13.0,1.0,2.053846153846154,34.91538461538462,34.91538461538462,27.932307692307695,41.89846153846154,Medium,45.0,RB,2.0,11.0,2026-07-23 09:22:29+00:00,Second team,0,0,2025 production baseline,0,Fair,18.0,18.0,,2.053846153846154,LV,Unrated
00-0038809,Ben Sims,TE,MIA,ACT,3.0,1.0,Ben Sims,TE,MIA,2.035714285714286,0.039557329546321386,0.03512158275347065,10.0,2.0,2.0500000000000003,34.60714285714286,34.85,27.68571428571429,41.52857142857143,Low,70.0,TE,4.0,10.0,2026-07-23 09:22:29+00:00,Reserve / unlisted,0,0,2025 production baseline,0,Fair,18.0,18.0,,2.035714285714286,LV,Unrated
00-0039364,Sione Vaki,RB,DET,ACT,2.0,1.0,Sione Vaki,RB,DET,2.025,0.04068396226415095,0.0252923976608187,4.0,1.0,2.025,34.425,34.425,27.54,41.309999999999995,Low,70.0,RB,3.0,11.0,2026-07-23 09:22:29+00:00,Reserve / unlisted,0,0,2025 production baseline,0,Fair,16.0,16.0,,2.025,NO,Unrated
00-0033757,Robert Tonyan,TE,PIT,ACT,9.0,1.0,Robert Tonyan,TE,PIT,2.018181818181818,0.05638334785073913,0.05042100354108101,11.0,1.0,2.018181818181818,34.309090909090905,34.309090909090905,27.447272727272725,41.170909090909085,Low,70.0,TE,3.0,10.0,2026-07-23 09:22:29+00:00,Reserve / unlisted,0,0,2025 production baseline,0,Fair,17.0,17.0,,2.018181818181818,ATL,Unrated
00-0039325,Carson Steele,RB,PHI,ACT,2.0,1.0,Carson Steele,RB,PHI,1.9916666666666667,0.06612175336084247,-0.01768441269244485,12.0,1.0,1.9916666666666665,33.858333333333334,33.85833333333333,27.08666666666667,40.63,Medium,45.0,,,,,Reserve / unlisted,0,0,2025 production baseline,0,Fair,15.0,15.0,,1.9916666666666667,WAS,Unrated
00-0039631,Cam Grandy,TE,CIN,ACT,2.0,1.0,Cam Grandy,TE,CIN,1.9500000000000004,0.029452167340366077,0.013408224335792075,4.0,1.0,1.9500000000000002,33.150000000000006,33.150000000000006,26.520000000000007,39.78000000000001,Low,70.0,TE,6.0,10.0,2026-07-23 09:22:29+00:00,Reserve / unlisted,0,0,2025 production baseline,0,Fair,16.0,16.0,,1.9500000000000004,TB,Unrated
00-0039737,Tip Reiman,TE,ARI,ACT,2.0,1.0,Tip Reiman,TE,ARI,1.9400000000000002,0.0439358260617786,0.011238661590779681,5.0,1.0,1.94,32.980000000000004,32.98,26.384000000000004,39.576,Low,70.0,TE,2.0,10.0,2026-07-23 09:22:29+00:00,Second team,0,0,2025 production baseline,0,Fair,15.0,15.0,,1.9400000000000002,LAC,Unrated
00-0036425,DeeJay Dallas,RB,JAX,ACT,6.0,1.0,DeeJay Dallas,RB,JAX,1.9181818181818182,0.03266100406526904,-0.006362105513372843,16.0,2.0,2.5,32.60909090909091,42.5,26.08727272727273,39.13090909090909,Medium,45.0,RB,5.0,11.0,2026-07-23 09:22:29+00:00,Reserve / unlisted,0,0,2025 production baseline,0,Fair,14.0,14.0,,1.9181818181818182,CLE,Unrated
00-0037594,Julius Chestnut,RB,TEN,ACT,4.0,1.0,Julius Chestnut,RB,TEN,1.9000000000000001,0.03321637426900583,0.0004858182419581666,7.0,1.0,1.9000000000000001,32.300000000000004,32.300000000000004,25.840000000000003,38.760000000000005,Low,70.0,RB,6.0,11.0,2026-07-23 09:22:29+00:00,Reserve / unlisted,0,0,2025 production baseline,0,Fair,13.0,12.0,,1.9000000000000001,NYJ,Unrated
00-0039703,Cody Schrader,RB,DEN,ACT,2.0,1.0,Cody Schrader,RB,DEN,1.9000000000000004,0.025,0.0,1.0,1.0,1.9000000000000001,32.300000000000004,32.300000000000004,25.840000000000003,38.760000000000005,Low,70.0,RB,6.0,11.0,2026-07-23 09:22:29+00:00,Reserve / unlisted,0,0,2025 production baseline,0,Fair,13.0,13.0,,1.9000000000000004,KC,Unrated
00-0037422,Kendric Pryor,WR,CIN,ACT,4.0,1.0,Kendric Pryor,WR,CIN,1.9,0.027027027027027,0.0430622009569378,1.0,1.0,1.9,32.3,32.3,25.84,38.76,Low,70.0,WR,9.0,8.0,2026-07-23 09:22:29+00:00,Reserve / unlisted,0,0,2025 production baseline,0,Fair,12.0,12.0,,1.9,TB,Unrated
00-0038720,Julian Hill,TE,NE,RES,3.0,1.0,Julian Hill,TE,NE,1.8857142857142861,0.05028718583614766,0.0441835646017546,17.0,2.0,2.0,32.057142857142864,34.0,25.64571428571429,38.46857142857144,Medium,45.0,TE,6.0,10.0,2026-07-23 09:22:29+00:00,Reserve / unlisted,0,0,2025 production baseline,0,Fair,14.0,14.0,,1.8857142857142861,SEA,Unrated
00-0036628,John Bates,TE,WAS,ACT,5.0,1.0,John Bates,TE,WAS,1.8500000000000005,0.0478626254913513,0.03708277377121733,24.0,2.0,1.44,31.45000000000001,24.48,25.16000000000001,37.74000000000001,Medium,45.0,TE,2.0,10.0,2026-07-23 09:22:29+00:00,Second team,0,0,2025 production baseline,0,Fair,13.0,13.0,,1.8500000000000005,PHI,Unrated
00-0036176,Mason Kinsey,WR,TEN,ACT,6.0,1.0,Mason Kinsey,WR,TEN,1.8,0.030932022932022924,0.02896616085491772,3.0,2.0,1.85,30.6,31.450000000000003,24.480000000000004,36.72,Low,70.0,WR,7.0,1.0,2026-07-23 09:22:29+00:00,Reserve / unlisted,0,0,2025 production baseline,0,Fair,11.0,11.0,,1.8,NYJ,Unrated
00-0038618,Xavier Hutchinson,WR,HOU,ACT,3.0,1.0,Xavier Hutchinson,WR,HOU,1.776923076923077,0.06180876172248504,0.07270934802354673,25.0,2.0,1.6928571428571428,30.20769230769231,28.77857142857143,24.166153846153847,36.24923076923077,Medium,45.0,WR,4.0,1.0,2026-07-23 09:22:29+00:00,Reserve / unlisted,0,0,2025 production baseline,0,Fair,10.0,10.0,,1.776923076923077,BUF,Unrated
00-0037277,Teagan Quitoriano,TE,ARI,ACT,4.0,1.0,Teagan Quitoriano,TE,ARI,1.7666666666666668,0.029662857524726038,0.018068622025456536,3.0,1.0,1.7666666666666668,30.033333333333335,30.033333333333335,24.02666666666667,36.04,Low,70.0,TE,4.0,10.0,2026-07-23 09:22:29+00:00,Reserve / unlisted,0,0,2025 production baseline,0,Fair,12.0,12.0,,1.7666666666666668,LAC,Unrated
00-0036331,Devin Duvernay,WR,ARI,ACT,6.0,1.0,Devin Duvernay,WR,ARI,1.7576923076923077,0.06535810855228585,0.07503944716379018,16.0,2.0,1.92,29.880769230769232,32.64,23.904615384615386,35.856923076923074,Medium,45.0,WR,6.0,8.0,2026-07-23 09:22:29+00:00,Reserve / unlisted,0,0,2025 production baseline,0,Fair,10.0,10.0,,1.7576923076923077,LAC,Unrated
00-0038397,Evan Hull,RB,HOU,ACT,3.0,1.0,Evan Hull,RB,HOU,1.7000000000000002,0.0256410256410256,0.0137614678899083,1.0,1.0,1.7000000000000002,28.900000000000002,28.900000000000002,23.120000000000005,34.68,Low,70.0,RB,6.0,11.0,2026-07-23 09:22:29+00:00,Reserve / unlisted,0,0,2025 production baseline,0,Fair,11.0,11.0,,1.7000000000000002,BUF,Unrated
00-0039824,Jared Wiley,TE,KC,ACT,2.0,1.0,Jared Wiley,TE,KC,1.7000000000000002,0.0434782608695652,0.0454545454545455,1.0,1.0,1.7000000000000002,28.900000000000002,28.900000000000002,23.120000000000005,34.68,Low,70.0,TE,3.0,10.0,2026-07-23 09:22:29+00:00,Reserve / unlisted,0,0,2025 production baseline,0,Fair,11.0,11.0,,1.7000000000000002,DEN,Unrated
00-0039757,Terrell Jennings,RB,NE,ACT,2.0,1.0,Terrell Jennings,RB,NE,1.65,0.0357142857142857,0.102112676056338,2.0,1.0,1.65,28.049999999999997,28.049999999999997,22.439999999999998,33.66,Low,70.0,RB,3.0,11.0,2026-07-23 09:22:29+00:00,Reserve / unlisted,0,0,2025 production baseline,0,Fair,10.0,10.0,,1.65,SEA,Unrated
00-0039236,Johnny Wilson,WR,PHI,ACT,2.0,1.0,Johnny Wilson,WR,PHI,1.6444444444444448,0.05588433688459723,0.08277166510791742,9.0,1.0,1.6444444444444446,27.955555555555563,27.95555555555556,22.36444444444445,33.546666666666674,Low,70.0,WR,6.0,8.0,2026-07-23 09:22:29+00:00,Reserve / unlisted,0,0,2025 production baseline,0,Fair,9.0,9.0,,1.6444444444444448,WAS,Unrated
00-0036741,Jack Stoll,TE,CLE,ACT,5.0,1.0,Jack Stoll,TE,CLE,1.6444444444444444,0.058524279021770195,0.023055371637535835,7.0,2.0,1.5,27.955555555555556,25.5,22.364444444444445,33.54666666666667,Low,70.0,TE,3.0,10.0,2026-07-23 09:22:29+00:00,Reserve / unlisted,0,0,2025 production baseline,0,Fair,10.0,10.0,,1.6444444444444444,JAX,Unrated
00-0037157,Bam Knight,RB,ARI,ACT,4.0,1.0,Bam Knight,RB,ARI,1.55,0.037037037037037,-0.0301204819277108,2.0,1.0,1.55,26.35,26.35,21.080000000000002,31.62,Low,70.0,RB,5.0,11.0,2026-07-23 09:22:29+00:00,Reserve / unlisted,0,0,2025 production baseline,0,Fair,9.0,9.0,,1.55,LAC,Unrated
00-0036429,Charlie Woerner,TE,ATL,ACT,6.0,1.0,Charlie Woerner,TE,ATL,1.5473684210526317,0.058023193859036315,0.02301505840656029,11.0,2.0,1.45,26.30526315789474,24.65,21.044210526315794,31.566315789473684,Low,70.0,TE,3.0,10.0,2026-07-23 09:22:29+00:00,Reserve / unlisted,0,0,2025 production baseline,0,Fair,9.0,9.0,,1.5473684210526317,PIT,Unrated
00-0039920,Malachi Corley,WR,CLE,ACT,2.0,1.0,Malachi Corley,WR,CLE,1.4400000000000002,0.04555078919870211,0.056326727177745874,5.0,1.0,1.44,24.480000000000004,24.48,19.584000000000003,29.376000000000005,Low,70.0,WR,7.0,1.0,2026-07-23 09:22:29+00:00,Reserve / unlisted,0,0,2025 production baseline,0,Fair,9.0,9.0,,1.4400000000000002,JAX,Unrated
00-0035594,Travis Homer,RB,PIT,ACT,7.0,1.0,Travis Homer,RB,PIT,1.422222222222222,0.1149425287356322,-0.0041329739442947325,5.0,2.0,1.5999999999999999,24.177777777777774,27.2,19.34222222222222,29.01333333333333,Low,70.0,RB,5.0,11.0,2026-07-23 09:22:29+00:00,Reserve / unlisted,0,0,2025 production baseline,0,Fair,8.0,8.0,,1.422222222222222,ATL,Unrated
00-0034365,Ian Thomas,TE,LV,ACT,8.0,1.0,Ian Thomas,TE,LV,1.3846153846153848,0.06214603399021341,0.05309375857810127,10.0,2.0,1.2333333333333334,23.53846153846154,20.96666666666667,18.83076923076923,28.24615384615385,Low,70.0,TE,3.0,10.0,2026-07-23 09:22:29+00:00,Reserve / unlisted,0,0,2025 production baseline,0,Fair,8.0,8.0,,1.3846153846153848,MIA,Unrated
00-0036463,Chris Blair,WR,ATL,ACT,6.0,1.0,Chris Blair,WR,ATL,1.35,0.03351648351648355,0.0763424146913635,2.0,1.0,1.35,22.950000000000003,22.950000000000003,18.360000000000003,27.540000000000003,Low,70.0,WR,7.0,1.0,2026-07-23 09:22:29+00:00,Reserve / unlisted,0,0,2025 production baseline,0,Fair,8.0,8.0,,1.35,PIT,Unrated
00-0039420,Jaheim Bell,TE,PIT,ACT,2.0,1.0,Jaheim Bell,TE,PIT,1.3333333333333333,0.029460779460779435,0.0296340613242022,3.0,1.0,1.3333333333333333,22.666666666666664,22.666666666666664,18.133333333333333,27.199999999999996,Low,70.0,TE,4.0,10.0,2026-07-23 09:22:29+00:00,Reserve / unlisted,0,0,2025 production baseline,0,Fair,7.0,7.0,,1.3333333333333333,ATL,Unrated
00-0037745,Velus Jones Jr.,RB,SEA,ACT,4.0,1.0,Velus Jones Jr.,RB,SEA,1.207142857142857,0.034149514565556566,0.02581509947636391,12.0,2.0,2.9000000000000004,20.52142857142857,49.300000000000004,16.417142857142856,24.62571428571428,Medium,45.0,RB,6.0,11.0,2026-07-23 09:22:29+00:00,Reserve / unlisted,0,0,2025 production baseline,0,Fair,7.0,7.0,,1.207142857142857,NE,Unrated
00-0039394,Casey Washington,WR,ATL,ACT,2.0,1.0,Casey Washington,WR,ATL,1.2000000000000002,0.03113026819923375,0.07564044507698266,2.0,1.0,1.2000000000000002,20.400000000000002,20.400000000000002,16.320000000000004,24.48,Low,70.0,,,,,Reserve / unlisted,0,0,2025 production baseline,0,Fair,8.0,8.0,,1.2000000000000002,PIT,Unrated
00-0039299,George Holani,RB,SEA,ACT,2.0,1.0,George Holani,RB,SEA,0.95,0.0344827586206897,-0.00625,2.0,1.0,0.95,16.15,16.15,12.92,19.38,Low,70.0,RB,3.0,11.0,2026-07-23 09:22:29+00:00,Reserve / unlisted,0,0,2025 production baseline,0,Fair,6.0,6.0,,0.95,NE,Unrated
00-0039244,Chris Collier,RB,LV,ACT,2.0,1.0,Chris Collier,RB,LV,0.9000000000000001,0.0588235294117647,-0.0169491525423729,2.0,1.0,0.9000000000000001,15.300000000000002,15.300000000000002,12.240000000000002,18.360000000000003,Low,70.0,RB,4.0,11.0,2026-07-23 09:22:29+00:00,Reserve / unlisted,0,0,2025 production baseline,0,Fair,5.0,5.0,,0.9000000000000001,MIA,Unrated
00-0038550,Hendon Hooker,QB,TEN,ACT,3.0,1.0,Hendon Hooker,QB,TEN,0.8933333333333334,0.0,0.0,3.0,1.0,0.8933333333333334,15.186666666666667,15.186666666666667,12.149333333333335,18.224,Low,70.0,QB,4.0,9.0,2026-07-23 09:22:29+00:00,Reserve / unlisted,0,0,2025 production baseline,0,Fair,8.0,8.0,,0.8933333333333334,NYJ,Unrated
00-0039379,Jamari Thrash,WR,CLE,ACT,2.0,1.0,Jamari Thrash,WR,CLE,0.8666666666666667,0.029062808382185914,0.03063390016870767,6.0,1.0,0.8666666666666667,14.733333333333334,14.733333333333334,11.786666666666669,17.68,Low,70.0,WR,8.0,2.0,2026-07-23 09:22:29+00:00,Reserve / unlisted,0,0,2025 production baseline,0,Fair,7.0,7.0,,0.8666666666666667,JAX,Unrated
00-0038840,Brycen Tremayne,WR,CAR,ACT,3.0,1.0,Brycen Tremayne,WR,CAR,0.8,0.037037037037037,-0.006557377049180301,1.0,1.0,0.8,13.600000000000001,13.600000000000001,10.880000000000003,16.32,Low,70.0,WR,7.0,1.0,2026-07-23 09:22:29+00:00,Reserve / unlisted,0,0,2025 production baseline,0,Fair,6.0,6.0,,0.8,CHI,Unrated
00-0039648,David Martin-Robinson,TE,TEN,ACT,2.0,1.0,David Martin-Robinson,TE,TEN,0.8,0.030776515151515155,0.0,2.0,1.0,0.8,13.600000000000001,13.600000000000001,10.880000000000003,16.32,Low,70.0,TE,5.0,10.0,2026-07-23 09:22:29+00:00,Reserve / unlisted,0,0,2025 production baseline,0,Fair,6.0,6.0,,0.8,NYJ,Unrated
00-0039796,Rasheen Ali,RB,BAL,ACT,2.0,1.0,Rasheen Ali,RB,BAL,0.775,0.0666666666666667,-0.0179856115107914,4.0,1.0,0.775,13.175,13.175,10.540000000000001,15.81,Low,70.0,RB,3.0,11.0,2026-07-23 09:22:29+00:00,Reserve / unlisted,0,0,2025 production baseline,0,Fair,4.0,4.0,,0.775,IND,Unrated
00-0036825,Feleipe Franks,TE,CAR,ACT,5.0,1.0,Feleipe Franks,TE,CAR,0.7333333333333334,0.025987224157955863,0.048292126622843295,3.0,1.0,0.7333333333333334,12.466666666666669,12.466666666666669,9.973333333333336,14.96,Low,70.0,TE,4.0,10.0,2026-07-23 09:22:29+00:00,Reserve / unlisted,0,0,2025 production baseline,0,Fair,5.0,5.0,,0.7333333333333334,CHI,Unrated
00-0038632,Colton Dowell,WR,SF,ACT,3.0,1.0,Colton Dowell,WR,SF,0.65,0.03923076923076925,0.07168157378385975,2.0,1.0,0.65,11.05,11.05,8.840000000000002,13.26,Low,70.0,WR,10.0,1.0,2026-07-23 09:22:29+00:00,Reserve / unlisted,0,0,2025 production baseline,0,Fair,5.0,5.0,,0.65,LAR,Unrated
00-0039392,Jha'Quan Jackson,WR,HOU,ACT,2.0,1.0,Jha'Quan Jackson,WR,HOU,0.65,0.050194931773879146,0.1246829020801625,2.0,1.0,0.65,11.05,11.05,8.840000000000002,13.26,Low,70.0,WR,12.0,8.0,2026-07-23 09:22:29+00:00,Reserve / unlisted,0,0,2025 production baseline,0,Fair,5.0,5.0,,0.65,BUF,Unrated
00-0038391,Sean Clifford,QB,CIN,ACT,3.0,1.0,Sean Clifford,QB,CIN,0.64,0.0,0.0,2.0,1.0,0.64,10.88,10.88,8.704,13.056000000000001,Low,70.0,QB,4.0,9.0,2026-07-23 09:22:29+00:00,Reserve / unlisted,0,0,2025 production baseline,0,Fair,7.0,7.0,,0.64,TB,Unrated
00-0037324,Chris Oladokun,QB,KC,ACT,4.0,1.0,Chris Oladokun,QB,KC,0.5,0.0,0.0,1.0,1.0,0.5,8.5,8.5,6.800000000000001,10.2,Low,70.0,QB,4.0,9.0,2026-07-23 09:22:29+00:00,Reserve / unlisted,0,0,2025 production baseline,0,Fair,6.0,6.0,,0.5,DEN,Unrated
00-0036842,Kene Nwangwu,RB,NYJ,ACT,5.0,1.0,Kene Nwangwu,RB,NYJ,0.43333333333333335,0.0,0.0,3.0,1.0,0.43333333333333335,7.366666666666667,7.366666666666667,5.893333333333334,8.84,Low,70.0,RB,4.0,11.0,2026-07-23 09:22:29+00:00,Reserve / unlisted,0,0,2025 production baseline,0,Fair,3.0,3.0,,0.43333333333333335,TEN,Unrated
00-0039589,Kameron Johnson,WR,TB,ACT,2.0,1.0,Kameron Johnson,WR,TB,0.3666666666666667,0.0212765957446809,0.009933774834437,3.0,1.0,0.3666666666666667,6.233333333333334,6.233333333333334,4.986666666666668,7.48,Low,70.0,WR,6.0,8.0,2026-07-23 09:22:29+00:00,Reserve / unlisted,0,0,2025 production baseline,0,Fair,5.0,5.0,,0.3666666666666667,CIN,Unrated
00-0039603,British Brooks,RB,HOU,ACT,2.0,1.0,British Brooks,RB,HOU,0.2,0.0,0.0,1.0,1.0,0.2,3.4000000000000004,3.4000000000000004,2.7200000000000006,4.08,Low,70.0,RB,4.0,11.0,2026-07-23 09:22:29+00:00,Reserve / unlisted,0,0,2025 production baseline,0,Fair,2.0,2.0,,0.2,BUF,Unrated
00-0026300,Josh Johnson,QB,CIN,ACT,18.0,1.0,Josh Johnson,QB,CIN,0.195,0.0,0.0,4.0,1.0,0.195,3.315,3.315,2.652,3.9779999999999998,Low,70.0,QB,3.0,9.0,2026-07-23 09:22:29+00:00,Reserve / unlisted,0,0,2025 production baseline,0,Fair,4.0,4.0,,0.195,TB,Unrated
00-0034577,Kyle Allen,QB,BUF,ACT,8.0,1.0,Kyle Allen,QB,BUF,0.027500000000000004,0.0,0.0,7.0,2.0,0.76,0.4675000000000001,12.92,0.3740000000000001,0.561,Low,70.0,QB,2.0,9.0,2026-07-23 09:22:29+00:00,Second team,0,0,2025 production baseline,0,Fair,3.0,3.0,,0.027500000000000004,HOU,Unrated
00-0032208,Phillip Dorsett,WR,LV,ACT,11.0,1.0,Phillip Dorsett,WR,LV,0.0,0.04895833333333335,0.2096824408468245,2.0,1.0,0.0,0.0,0.0,0.0,0.0,Low,70.0,WR,8.0,2.0,2026-07-23 09:22:29+00:00,Reserve / unlisted,0,0,2025 production baseline,0,Fair,3.0,3.0,,0.0,MIA,Unrated
00-0035544,Tom Kennedy,WR,DET,ACT,7.0,1.0,Tom Kennedy,WR,DET,0.0,0.0188679245283019,0.028947368421052604,1.0,1.0,0.0,0.0,0.0,0.0,0.0,Low,70.0,WR,7.0,1.0,2026-07-23 09:22:29+00:00,Reserve / unlisted,0,0,2025 production baseline,0,Fair,3.0,3.0,,0.0,NO,Unrated
00-0036032,Sean McKeon,TE,IND,ACT,6.0,1.0,Sean McKeon,TE,IND,0.0,0.03137254901960785,0.023085839397256752,2.0,1.0,0.0,0.0,0.0,0.0,0.0,Low,70.0,TE,5.0,10.0,2026-07-23 09:22:29+00:00,Reserve / unlisted,0,0,2025 production baseline,0,Fair,2.0,2.0,,0.0,BAL,Unrated
00-0036423,Albert Okwuegbunam,TE,LV,ACT,6.0,1.0,Albert Okwuegbunam,TE,LV,0.0,0.0238095238095238,0.0334448160535117,1.0,1.0,0.0,0.0,0.0,0.0,0.0,Low,70.0,TE,5.0,10.0,2026-07-23 09:22:29+00:00,Reserve / unlisted,0,0,2025 production baseline,0,Fair,2.0,2.0,,0.0,MIA,Unrated
00-0037093,Dareke Young,WR,LV,ACT,4.0,1.0,Dareke Young,WR,LV,0.0,0.04,0.053892215568862305,1.0,1.0,0.0,0.0,0.0,0.0,0.0,Low,70.0,WR,6.0,8.0,2026-07-23 09:22:29+00:00,Reserve / unlisted,0,0,2025 production baseline,0,Fair,3.0,3.0,,0.0,MIA,Unrated
00-0037156,Irvin Charles,WR,SEA,ACT,4.0,1.0,Irvin Charles,WR,SEA,0.0,0.0356125356125356,0.018800762610066,2.0,2.0,0.0,0.0,0.0,0.0,0.0,Low,70.0,WR,9.0,8.0,2026-07-23 09:22:29+00:00,Reserve / unlisted,0,0,2025 production baseline,0,Fair,3.0,3.0,,0.0,NE,Unrated
00-0038643,Brayden Willis,TE,SF,ACT,3.0,1.0,Brayden Willis,TE,SF,0.0,0.0476190476190476,0.0328358208955224,1.0,1.0,0.0,0.0,0.0,0.0,0.0,Low,70.0,TE,4.0,10.0,2026-07-23 09:22:29+00:00,Reserve / unlisted,0,0,2025 production baseline,0,Fair,2.0,2.0,,0.0,LAR,Unrated
00-0038891,Shedrick Jackson,WR,LV,ACT,3.0,1.0,Shedrick Jackson,WR,LV,0.0,0.032258064516129,0.120967741935484,1.0,1.0,0.0,0.0,0.0,0.0,0.0,Low,70.0,WR,7.0,1.0,2026-07-23 09:22:29+00:00,Reserve / unlisted,0,0,2025 production baseline,0,Fair,3.0,3.0,,0.0,MIA,Unrated
00-0039458,Brenden Bates,TE,CLE,ACT,2.0,1.0,Brenden Bates,TE,CLE,0.0,0.030303030303030304,-0.0079365079365079,1.0,1.0,0.0,0.0,0.0,0.0,0.0,Low,70.0,TE,6.0,10.0,2026-07-23 09:22:29+00:00,Reserve / unlisted,0,0,2025 production baseline,0,Fair,2.0,2.0,,0.0,JAX,Unrated
00-0039521,Xavier Weaver,WR,ARI,ACT,2.0,1.0,Xavier Weaver,WR,ARI,0.0,0.03125,0.09504624439461885,2.0,1.0,0.0,0.0,0.0,0.0,0.0,Low,70.0,WR,4.0,1.0,2026-07-23 09:22:29+00:00,Reserve / unlisted,0,0,2025 production baseline,0,Fair,3.0,3.0,,0.0,LAC,Unrated
00-0031237,Teddy Bridgewater,QB,DET,ACT,12.0,1.0,Teddy Bridgewater,QB,DET,-0.2,0.0,0.0,1.0,1.0,-0.2,-3.4000000000000004,-3.4000000000000004,-2.7200000000000006,-4.08,Low,70.0,QB,2.0,9.0,2026-07-23 09:22:29+00:00,Second team,0,0,2025 production baseline,0,Fair,1.0,1.0,,-0.2,NO,Unrated
00-0035645,Gunner Olszewski,WR,NYG,RES,7.0,1.0,Gunner Olszewski,WR,NYG,-1.0,0.0344827586206897,-0.0058479532163742,1.0,1.0,-1.0,-17.0,-17.0,-13.600000000000001,-20.4,Low,70.0,WR,15.0,8.0,2026-07-23 09:22:29+00:00,Reserve / unlisted,0,0,2025 production baseline,0,Fair,1.0,1.0,,-1.0,DAL,Unrated
00-0039407,Dylan Laube,RB,LV,ACT,2.0,1.0,Dylan Laube,RB,LV,-2.0,0.0,0.0,1.0,1.0,-2.0,-34.0,-34.0,-27.200000000000003,-40.8,Low,70.0,RB,3.0,11.0,2026-07-23 09:22:29+00:00,Reserve / unlisted,0,0,2025 production baseline,0,Fair,1.0,1.0,,-2.0,MIA,Unrated
00-0029892,Kyle Juszczyk,RB,SF,ACT,13.0,1.0,Kyle Juszczyk,RB,SF,,,,,,,,,,,Unavailable,80.0,,,,,Reserve / unlisted,0,0,2025 production baseline,0,Fair,,,,,LAR,Unrated
00-0031595,Michael Burton,RB,CLE,ACT,11.0,1.0,Michael Burton,RB,CLE,,,,,,,,,,,Unavailable,80.0,,,,,Reserve / unlisted,0,0,2025 production baseline,0,Fair,,,,,JAX,Unrated
00-0033376,Patrick Ricard,RB,NYG,ACT,9.0,1.0,Patrick Ricard,RB,NYG,,,,,,,,,,,Unavailable,80.0,,,,,Reserve / unlisted,0,0,2025 production baseline,0,Fair,,,,,DAL,Unrated
00-0033455,Anthony Firkser,TE,WAS,ACT,9.0,1.0,Anthony Firkser,TE,WAS,,,,,,,,,,,Unavailable,80.0,TE,5.0,10.0,2026-07-23 09:22:29+00:00,Reserve / unlisted,0,0,2025 production baseline,0,Fair,,,,,PHI,Unrated
00-0034867,Malik Turner,WR,SF,ACT,8.0,1.0,Malik Turner,WR,SF,,,,,,,,,,,Unavailable,80.0,WR,9.0,8.0,2026-07-23 09:22:29+00:00,Reserve / unlisted,0,0,2025 production baseline,0,Fair,,,,,LAR,Unrated
00-0034959,Andrew Beck,RB,NYJ,ACT,7.0,1.0,Andrew Beck,RB,NYJ,,,,,,,,,,,Unavailable,80.0,,,,,Reserve / unlisted,0,0,2025 production baseline,0,Fair,,,,,TEN,Unrated
00-0035039,Stephen Carlson,TE,CHI,ACT,7.0,1.0,Stephen Carlson,TE,CHI,,,,,,,,,,,Unavailable,80.0,TE,5.0,10.0,2026-07-23 09:22:29+00:00,Reserve / unlisted,0,0,2025 production baseline,0,Fair,,,,,CAR,Unrated
00-0035125,Alec Ingold,RB,LAC,ACT,7.0,1.0,Alec Ingold,RB,LAC,,,,,,,,,,,Unavailable,80.0,,,,,Reserve / unlisted,0,0,2025 production baseline,0,Fair,,,,,ARI,Unrated
00-0035251,Will Grier,QB,CAR,ACT,7.0,1.0,Will Grier,QB,CAR,,,,,,,,,,,Unavailable,80.0,,,,,Reserve / unlisted,0,0,2025 production baseline,0,Fair,,,,,CHI,Unrated
00-0035359,David Sills,WR,TB,ACT,7.0,1.0,David Sills,WR,TB,,,,,,,,,,,Unavailable,80.0,WR,7.0,1.0,2026-07-23 09:22:29+00:00,Reserve / unlisted,0,0,2025 production baseline,0,Fair,,,,,CIN,Unrated
00-0036187,Reggie Gilliam,RB,NE,ACT,6.0,1.0,Reggie Gilliam,RB,NE,,,,,,,,,,,Unavailable,80.0,,,,,Reserve / unlisted,0,0,2025 production baseline,0,Fair,,,,,SEA,Unrated
00-0036679,Shane Buechele,QB,BUF,ACT,5.0,1.0,Shane Buechele,QB,BUF,,,,,,,,,,,Unavailable,80.0,QB,3.0,9.0,2026-07-23 09:22:29+00:00,Reserve / unlisted,0,0,2025 production baseline,0,Fair,,,,,HOU,Unrated
00-0036727,Adam Prentice,RB,DEN,ACT,5.0,1.0,Adam Prentice,RB,DEN,,,,,,,,,,,Unavailable,80.0,,,,,Reserve / unlisted,0,0,2025 production baseline,0,Fair,,,,,KC,Unrated
00-0036755,Jaret Patterson,RB,LAC,ACT,5.0,1.0,Jaret Patterson,RB,LAC,,,,,,,,,,,Unavailable,80.0,RB,4.0,11.0,2026-07-23 09:22:29+00:00,Reserve / unlisted,0,0,2025 production baseline,0,Fair,,,,,ARI,Unrated
00-0036775,Brandon Smith,WR,PIT,ACT,5.0,1.0,Brandon Smith,WR,PIT,,,,,,,,,,,Unavailable,80.0,WR,11.0,2.0,2026-07-23 09:22:29+00:00,Reserve / unlisted,0,0,2025 production baseline,0,Fair,,,,,ATL,Unrated
00-0036879,Sam Ehlinger,QB,DEN,ACT,5.0,1.0,Sam Ehlinger,QB,DEN,,,,,,,,,,,Unavailable,80.0,QB,3.0,9.0,2026-07-23 09:22:29+00:00,Reserve / unlisted,0,0,2025 production baseline,0,Fair,,,,,KC,Unrated
00-0036959,Michael Bandy,WR,DEN,ACT,5.0,1.0,Michael Bandy,WR,DEN,,,,,,,,,,,Unavailable,80.0,WR,7.0,1.0,2026-07-23 09:22:29+00:00,Reserve / unlisted,0,0,2025 production baseline,0,Fair,,,,,KC,Unrated
00-0037031,Nikola Kalinic,TE,CHI,ACT,4.0,1.0,Nikola Kalinic,TE,CHI,,,,,,,,,,,Unavailable,80.0,TE,4.0,10.0,2026-07-23 09:22:29+00:00,Reserve / unlisted,0,0,2025 production baseline,0,Fair,,,,,CAR,Unrated
00-0037055,Lance McCutcheon,WR,TEN,ACT,4.0,1.0,Lance McCutcheon,WR,TEN,,,,,,,,,,,Unavailable,80.0,WR,10.0,1.0,2026-07-23 09:22:29+00:00,Reserve / unlisted,0,0,2025 production baseline,0,Fair,,,,,NYJ,Unrated
00-0037112,Jake Tonges,TE,SF,ACT,4.0,1.0,Jake Tonges,TE,SF,,,,,,,,,,,Unavailable,80.0,TE,2.0,10.0,2026-07-23 09:22:29+00:00,Second team,0,0,2025 production baseline,0,Fair,,,,,LAR,Unrated
00-0037329,Brittain Brown,RB,CHI,ACT,4.0,1.0,Brittain Brown,RB,CHI,,,,,,,,,,,Unavailable,80.0,RB,4.0,11.0,2026-07-23 09:22:29+00:00,Reserve / unlisted,0,0,2025 production baseline,0,Fair,,,,,CAR,Unrated
00-0037340,Zaire Mitchell-Paden,TE,NO,ACT,4.0,1.0,Zaire Mitchell-Paden,TE,NO,,,,,,,,,,,Unavailable,80.0,TE,5.0,10.0,2026-07-23 09:22:29+00:00,Reserve / unlisted,0,0,2025 production baseline,0,Fair,,,,,DET,Unrated
00-0037387,Jalen Virgil,WR,BUF,ACT,4.0,1.0,Jalen Virgil,WR,BUF,,,,,,,,,,,Unavailable,80.0,WR,9.0,8.0,2026-07-23 09:22:29+00:00,Reserve / unlisted,0,0,2025 production baseline,0,Fair,,,,,HOU,Unrated
00-0037563,Malik Davis,RB,DAL,ACT,4.0,1.0,Malik Davis,RB,DAL,,,,,,,,,,,Unavailable,80.0,RB,2.0,11.0,2026-07-23 09:22:29+00:00,Second team,0,0,2025 production baseline,0,Fair,,,,,NYG,Unrated
00-0037570,Dennis Houston,WR,TB,ACT,4.0,1.0,Dennis Houston,WR,TB,,,,,,,,,,,Unavailable,80.0,WR,8.0,2.0,2026-07-23 09:22:29+00:00,Reserve / unlisted,0,0,2025 production baseline,0,Fair,,,,,CIN,Unrated
00-0037708,Maurice Alexander,WR,CHI,ACT,6.0,1.0,Maurice Alexander,WR,CHI,,,,,,,,,,,Unavailable,80.0,WR,7.0,1.0,2026-07-23 09:22:29+00:00,Reserve / unlisted,0,0,2025 production baseline,0,Fair,,,,,CAR,Unrated
00-0037755,Jelani Woods,TE,NYJ,ACT,4.0,1.0,Jelani Woods,TE,NYJ,,,,,,,,,,,Unavailable,80.0,TE,4.0,10.0,2026-07-23 09:22:29+00:00,Reserve / unlisted,0,0,2025 production baseline,0,Fair,,,,,TEN,Unrated
00-0037828,Danny Gray,WR,PHI,ACT,4.0,1.0,Danny Gray,WR,PHI,,,,,,,,,,,Unavailable,80.0,WR,11.0,2.0,2026-07-23 09:22:29+00:00,Reserve / unlisted,0,0,2025 production baseline,0,Fair,,,,,WAS,Unrated
00-0038409,Lew Nichols III,RB,PIT,ACT,3.0,1.0,Lew Nichols III,RB,PIT,,,,,,,,,,,Unavailable,80.0,RB,6.0,11.0,2026-07-23 09:22:29+00:00,Reserve / unlisted,0,0,2025 production baseline,0,Fair,,,,,ATL,Unrated
00-0038440,Zavier Scott,RB,MIN,ACT,3.0,1.0,Zavier Scott,RB,MIN,,,,,,,,,,,Unavailable,80.0,RB,4.0,11.0,2026-07-23 09:22:29+00:00,Reserve / unlisted,0,0,2025 production baseline,0,Fair,,,,,GB,Unrated
00-0038488,Brady Russell,RB,SEA,ACT,3.0,1.0,Brady Russell,RB,SEA,,,,,,,,,,,Unavailable,80.0,,,,,Reserve / unlisted,0,0,2025 production baseline,0,Fair,,,,,NE,Unrated
00-0038489,Ben VanSumeren,RB,BUF,ACT,3.0,1.0,Ben VanSumeren,RB,BUF,,,,,,,,,,,Unavailable,80.0,,,,,Reserve / unlisted,0,0,2025 production baseline,0,Fair,,,,,HOU,Unrated
00-0038564,Cameron Latu,TE,PHI,ACT,3.0,1.0,Cameron Latu,TE,PHI,,,,,,,,,,,Unavailable,80.0,TE,6.0,10.0,2026-07-23 09:22:29+00:00,Reserve / unlisted,0,0,2025 production baseline,0,Fair,,,,,WAS,Unrated
00-0038590,Justin Shorter,WR,LV,RES,3.0,1.0,Justin Shorter,WR,LV,,,,,,,,,,,Unavailable,80.0,WR,13.0,1.0,2026-07-23 09:22:29+00:00,Reserve / unlisted,0,0,2025 production baseline,0,Fair,,,,,MIA,Unrated
00-0038614,Scott Matlock,RB,LAC,ACT,3.0,1.0,Scott Matlock,RB,LAC,,,,,,,,,,,Unavailable,80.0,,,,,Reserve / unlisted,0,0,2025 production baseline,0,Fair,,,,,ARI,Unrated
00-0038658,Adrian Martinez,QB,SF,ACT,3.0,1.0,Adrian Martinez,QB,SF,,,,,,,,,,,Unavailable,80.0,QB,4.0,9.0,2026-07-23 09:22:29+00:00,Reserve / unlisted,0,0,2025 production baseline,0,Fair,,,,,LAR,Unrated
00-0038728,Jared Wayne,WR,HOU,ACT,3.0,1.0,Jared Wayne,WR,HOU,,,,,,,,,,,Unavailable,80.0,WR,9.0,8.0,2026-07-23 09:22:29+00:00,Reserve / unlisted,0,0,2025 production baseline,0,Fair,,,,,BUF,Unrated
00-0038735,Princeton Fant,TE,DAL,ACT,3.0,1.0,Princeton Fant,TE,DAL,,,,,,,,,,,Unavailable,80.0,TE,4.0,10.0,2026-07-23 09:22:29+00:00,Reserve / unlisted,0,0,2025 production baseline,0,Fair,,,,,NYG,Unrated
00-0038738,Hunter Luepke,RB,DAL,ACT,3.0,1.0,Hunter Luepke,RB,DAL,,,,,,,,,,,Unavailable,80.0,,,,,Reserve / unlisted,0,0,2025 production baseline,0,Fair,,,,,NYG,Unrated
00-0038839,Mitchell Tinsley,WR,CIN,ACT,3.0,1.0,Mitchell Tinsley,WR,CIN,,,,,,,,,,,Unavailable,80.0,WR,5.0,2.0,2026-07-23 09:22:29+00:00,Reserve / unlisted,0,0,2025 production baseline,0,Fair,,,,,TB,Unrated
00-0038896,Jacob Saylors,RB,DET,ACT,3.0,1.0,Jacob Saylors,RB,DET,,,,,,,,,,,Unavailable,80.0,RB,4.0,11.0,2026-07-23 09:22:29+00:00,Reserve / unlisted,0,0,2025 production baseline,0,Fair,,,,,NO,Unrated
00-0038911,Malik Cunningham,WR,DET,ACT,3.0,1.0,Malik Cunningham,WR,DET,,,,,,,,,,,Unavailable,80.0,WR,8.0,2.0,2026-07-23 09:22:29+00:00,Reserve / unlisted,0,0,2025 production baseline,0,Fair,,,,,NO,Unrated
00-0038930,Carlos Washington,RB,MIA,ACT,3.0,1.0,Carlos Washington,RB,MIA,,,,,,,,,,,Unavailable,80.0,RB,5.0,11.0,2026-07-23 09:22:29+00:00,Reserve / unlisted,0,0,2025 production baseline,0,Fair,,,,,LV,Unrated
00-0038953,Dylan Drummond,WR,ATL,ACT,3.0,1.0,Dylan Drummond,WR,ATL,,,,,,,,,,,Unavailable,80.0,WR,5.0,2.0,2026-07-23 09:22:29+00:00,Reserve / unlisted,0,0,2025 production baseline,0,Fair,,,,,PIT,Unrated
00-0039023,Joel Wilson,TE,TEN,ACT,3.0,1.0,Joel Wilson,TE,TEN,,,,,,,,,,,Unavailable,80.0,TE,6.0,10.0,2026-07-23 09:22:29+00:00,Reserve / unlisted,0,0,2025 production baseline,0,Fair,,,,,NYJ,Unrated
00-0039107,Stetson Bennett,QB,LAR,ACT,3.0,1.0,Stetson Bennett,QB,LAR,,,,,,,,,,,Unavailable,80.0,QB,3.0,9.0,2026-07-23 09:22:29+00:00,Reserve / unlisted,0,0,2025 production baseline,0,Fair,,,,,SF,Unrated
00-0039230,Dante Miller,RB,NYG,ACT,2.0,1.0,Dante Miller,RB,NYG,,,,,,,,,,,Unavailable,80.0,RB,5.0,11.0,2026-07-23 09:22:29+00:00,Reserve / unlisted,0,0,2025 production baseline,0,Fair,,,,,DAL,Unrated
00-0039259,Dayton Wade,WR,BAL,ACT,2.0,1.0,Dayton Wade,WR,BAL,,,,,,,,,,,Unavailable,80.0,WR,7.0,1.0,2026-07-23 09:22:29+00:00,Reserve / unlisted,0,0,2025 production baseline,0,Fair,,,,,IND,Unrated
00-0039266,Kendall Milton,RB,CIN,ACT,2.0,1.0,Kendall Milton,RB,CIN,,,,,,,,,,,Unavailable,80.0,RB,5.0,11.0,2026-07-23 09:22:29+00:00,Reserve / unlisted,0,0,2025 production baseline,0,Fair,,,,,TB,Unrated
00-0039275,Messiah Swinson,TE,GB,ACT,2.0,1.0,Messiah Swinson,TE,GB,,,,,,,,,,,Unavailable,80.0,TE,5.0,10.0,2026-07-23 09:22:29+00:00,Reserve / unlisted,0,0,2025 production baseline,0,Fair,,,,,MIN,Unrated
00-0039305,Jack Westover,RB,NE,ACT,2.0,1.0,Jack Westover,RB,NE,,,,,,,,,,,Unavailable,80.0,,,,,Reserve / unlisted,0,0,2025 production baseline,0,Fair,,,,,SEA,Unrated
00-0039397,Tejhaun Palmer,WR,ARI,ACT,2.0,1.0,Tejhaun Palmer,WR,ARI,,,,,,,,,,,Unavailable,80.0,WR,9.0,8.0,2026-07-23 09:22:29+00:00,Reserve / unlisted,0,0,2025 production baseline,0,Fair,,,,,LAC,Unrated
00-0039405,Jawhar Jordan,RB,HOU,ACT,2.0,1.0,Jawhar Jordan,RB,HOU,,,,,,,,,,,Unavailable,80.0,RB,3.0,11.0,2026-07-23 09:22:29+00:00,Reserve / unlisted,0,0,2025 production baseline,0,Fair,,,,,BUF,Unrated
00-0039415,Brenden Rice,WR,GB,ACT,2.0,1.0,Brenden Rice,WR,GB,,,,,,,,,,,Unavailable,80.0,WR,9.0,8.0,2026-07-23 09:22:29+00:00,Reserve / unlisted,0,0,2025 production baseline,0,Fair,,,,,MIN,Unrated
00-0039437,Cornelius Johnson,WR,BAL,ACT,2.0,1.0,Cornelius Johnson,WR,BAL,,,,,,,,,,,Unavailable,80.0,WR,8.0,2.0,2026-07-23 09:22:29+00:00,Reserve / unlisted,0,0,2025 production baseline,0,Fair,,,,,IND,Unrated
00-0039471,Frank Gore Jr.,RB,BUF,ACT,2.0,1.0,Frank Gore Jr.,RB,BUF,,,,,,,,,,,Unavailable,80.0,,,,,Reserve / unlisted,0,0,2025 production baseline,0,Fair,,,,,HOU,Unrated
00-0039473,Xavier Johnson,WR,CIN,ACT,2.0,1.0,Xavier Johnson,WR,CIN,,,,,,,,,,,Unavailable,80.0,WR,10.0,1.0,2026-07-23 09:22:29+00:00,Reserve / unlisted,0,0,2025 production baseline,0,Fair,,,,,TB,Unrated
00-0039489,Hayden Rucci,TE,SF,ACT,2.0,1.0,Hayden Rucci,TE,SF,,,,,,,,,,,Unavailable,80.0,TE,5.0,10.0,2026-07-23 09:22:29+00:00,Reserve / unlisted,0,0,2025 production baseline,0,Fair,,,,,LAR,Unrated
00-0039518,Treyton Welch,TE,NO,ACT,2.0,1.0,Treyton Welch,TE,NO,,,,,,,,,,,Unavailable,80.0,TE,6.0,10.0,2026-07-23 09:22:29+00:00,Reserve / unlisted,0,0,2025 production baseline,0,Fair,,,,,DET,Unrated
00-0039534,Carter Bradley,QB,JAX,ACT,2.0,1.0,Carter Bradley,QB,JAX,,,,,,,,,,,Unavailable,80.0,QB,3.0,9.0,2026-07-23 09:22:29+00:00,Reserve / unlisted,0,0,2025 production baseline,0,Fair,,,,,CLE,Unrated
00-0039577,Kedon Slovis,QB,ARI,ACT,2.0,1.0,Kedon Slovis,QB,ARI,,,,,,,,,,,Unavailable,80.0,QB,4.0,9.0,2026-07-23 09:22:29+00:00,Reserve / unlisted,0,0,2025 production baseline,0,Fair,,,,,LAC,Unrated
00-0039626,Cole Burgess,WR,PIT,ACT,2.0,1.0,Cole Burgess,WR,PIT,,,,,,,,,,,Unavailable,80.0,WR,10.0,1.0,2026-07-23 09:22:29+00:00,Reserve / unlisted,0,0,2025 production baseline,0,Fair,,,,,ATL,Unrated
00-0039652,Jabari Small,RB,DET,ACT,2.0,1.0,Jabari Small,RB,DET,,,,,,,,,,,Unavailable,80.0,RB,5.0,11.0,2026-07-23 09:22:29+00:00,Reserve / unlisted,0,0,2025 production baseline,0,Fair,,,,,NO,Unrated
00-0039677,Sam Hartman,QB,WAS,ACT,2.0,1.0,Sam Hartman,QB,WAS,,,,,,,,,,,Unavailable,80.0,QB,4.0,9.0,2026-07-23 09:22:29+00:00,Reserve / unlisted,0,0,2025 production baseline,0,Fair,,,,,PHI,Unrated
00-0039679,Ben Nikkel,WR,IND,ACT,2.0,1.0,Ben Nikkel,WR,IND,,,,,,,,,,,Unavailable,80.0,,,,,Reserve / unlisted,0,0,2025 production baseline,0,Fair,,,,,BAL,Unrated
00-0039686,Colson Yankoff,TE,WAS,ACT,2.0,1.0,Colson Yankoff,TE,WAS,,,,,,,,,,,Unavailable,80.0,TE,4.0,10.0,2026-07-23 09:22:29+00:00,Reserve / unlisted,0,0,2025 production baseline,0,Fair,,,,,PHI,Unrated
00-0039710,Jeshaun Jones,WR,MIN,ACT,2.0,1.0,Jeshaun Jones,WR,MIN,,,,,,,,,,,Unavailable,80.0,WR,7.0,1.0,2026-07-23 09:22:29+00:00,Reserve / unlisted,0,0,2025 production baseline,0,Fair,,,,,GB,Unrated
00-0039722,JaQuae Jackson,WR,LAC,ACT,2.0,1.0,JaQuae Jackson,WR,LAC,,,,,,,,,,,Unavailable,80.0,WR,9.0,8.0,2026-07-23 09:22:29+00:00,Reserve / unlisted,0,0,2025 production baseline,0,Fair,,,,,ARI,Unrated
00-0039739,Roman Wilson,WR,PIT,ACT,2.0,1.0,Roman Wilson,WR,PIT,,,,,,,,,,,Unavailable,80.0,WR,3.0,8.0,2026-07-23 09:22:29+00:00,Reserve / unlisted,0,0,2025 production baseline,0,Fair,,,,,ATL,Unrated
00-0039843,Qadir Ismail,TE,CHI,ACT,2.0,1.0,Qadir Ismail,TE,CHI,,,,,,,,,,,Unavailable,80.0,TE,6.0,10.0,2026-07-23 09:22:29+00:00,Reserve / unlisted,0,0,2025 production baseline,0,Fair,,,,,CAR,Unrated
00-0039884,Tahj Washington,WR,MIA,ACT,2.0,1.0,Tahj Washington,WR,MIA,,,,,,,,,,,Unavailable,80.0,WR,8.0,2.0,2026-07-23 09:22:29+00:00,Reserve / unlisted,0,0,2025 production baseline,0,Fair,,,,,LV,Unrated
00-0039923,J.J. McCarthy,QB,MIN,ACT,2.0,1.0,J.J. McCarthy,QB,MIN,,,,,,,,,,,Unavailable,80.0,QB,2.0,9.0,2026-07-23 09:22:29+00:00,Second team,0,0,2025 production baseline,0,Fair,,,,,GB,Unrated
00-0040009,Savion Williams,WR,GB,ACT,1.0,1.0,Savion Williams,WR,GB,,,,,,,,,,,Unavailable,80.0,WR,4.0,1.0,2026-07-23 09:22:29+00:00,Reserve / unlisted,0,0,2025 production baseline,0,Fair,,,,,MIN,Unrated
00-0040014,Kyle McCord,QB,GB,ACT,1.0,1.0,Kyle McCord,QB,GB,,,,,,,,,,,Unavailable,80.0,QB,3.0,9.0,2026-07-23 09:22:29+00:00,Reserve / unlisted,0,0,2025 production baseline,0,Fair,,,,,MIN,Unrated
00-0040021,Phil Mafah,RB,DAL,ACT,1.0,1.0,Phil Mafah,RB,DAL,,,,,,,,,,,Unavailable,80.0,RB,4.0,11.0,2026-07-23 09:22:29+00:00,Reserve / unlisted,0,0,2025 production baseline,0,Fair,,,,,NYG,Unrated
00-0040024,Darius Cooper,WR,PHI,ACT,1.0,1.0,Darius Cooper,WR,PHI,,,,,,,,,,,Unavailable,80.0,WR,7.0,1.0,2026-07-23 09:22:29+00:00,Reserve / unlisted,0,0,2025 production baseline,0,Fair,,,,,WAS,Unrated
00-0040039,Amar Johnson,RB,LAC,ACT,1.0,1.0,Amar Johnson,RB,LAC,,,,,,,,,,,Unavailable,80.0,RB,5.0,11.0,2026-07-23 09:22:29+00:00,Reserve / unlisted,0,0,2025 production baseline,0,Fair,,,,,ARI,Unrated
00-0040046,Rivaldo Fairweather,TE,ARI,ACT,1.0,1.0,Rivaldo Fairweather,TE,ARI,,,,,,,,,,,Unavailable,80.0,TE,6.0,10.0,2026-07-23 09:22:29+00:00,Reserve / unlisted,0,0,2025 production baseline,0,Fair,,,,,LAC,Unrated
00-0040048,Traeshon Holden,WR,DAL,ACT,1.0,1.0,Traeshon Holden,WR,DAL,,,,,,,,,,,Unavailable,80.0,WR,9.0,8.0,2026-07-23 09:22:29+00:00,Reserve / unlisted,0,0,2025 production baseline,0,Fair,,,,,NYG,Unrated
00-0040049,Josh Kelly,WR,HOU,ACT,1.0,1.0,Josh Kelly,WR,HOU,,,,,,,,,,,Unavailable,80.0,WR,8.0,2.0,2026-07-23 09:22:29+00:00,Reserve / unlisted,0,0,2025 production baseline,0,Fair,,,,,BUF,Unrated
00-0040053,Tyrone Broden,WR,SEA,ACT,1.0,1.0,Tyrone Broden,WR,SEA,,,,,,,,,,,Unavailable,80.0,,,,,Reserve / unlisted,0,0,2025 production baseline,0,Fair,,,,,NE,Unrated
00-0040058,Nick Kallerup,TE,SEA,ACT,1.0,1.0,Nick Kallerup,TE,SEA,,,,,,,,,,,Unavailable,80.0,TE,4.0,10.0,2026-07-23 09:22:29+00:00,Reserve / unlisted,0,0,2025 production baseline,0,Fair,,,,,NE,Unrated
00-0040067,Jacardia Wright,RB,SEA,ACT,1.0,1.0,Jacardia Wright,RB,SEA,,,,,,,,,,,Unavailable,80.0,RB,7.0,11.0,2026-07-23 09:22:29+00:00,Reserve / unlisted,0,0,2025 production baseline,0,Fair,,,,,NE,Unrated
00-0040075,LaJohntay Wester,WR,BAL,ACT,1.0,1.0,LaJohntay Wester,WR,BAL,,,,,,,,,,,Unavailable,80.0,WR,6.0,8.0,2026-07-23 09:22:29+00:00,Reserve / unlisted,0,0,2025 production baseline,0,Fair,,,,,IND,Unrated
00-0040078,Brashard Smith,RB,KC,ACT,1.0,1.0,Brashard Smith,RB,KC,,,,,,,,,,,Unavailable,80.0,RB,4.0,11.0,2026-07-23 09:22:29+00:00,Reserve / unlisted,0,0,2025 production baseline,0,Fair,,,,,DEN,Unrated
00-0040081,Jake Briningstool,TE,KC,ACT,1.0,1.0,Jake Briningstool,TE,KC,,,,,,,,,,,Unavailable,80.0,TE,4.0,10.0,2026-07-23 09:22:29+00:00,Reserve / unlisted,0,0,2025 production baseline,0,Fair,,,,,DEN,Unrated
00-0040086,Mac Dalena,WR,BUF,ACT,1.0,1.0,Mac Dalena,WR,BUF,,,,,,,,,,,Unavailable,80.0,WR,11.0,2.0,2026-07-23 09:22:29+00:00,Reserve / unlisted,0,0,2025 production baseline,0,Fair,,,,,HOU,Unrated
00-0040094,Tre Watson,TE,KC,ACT,1.0,1.0,Tre Watson,TE,KC,,,,,,,,,,,Unavailable,80.0,TE,5.0,10.0,2026-07-23 09:22:29+00:00,Reserve / unlisted,0,0,2025 production baseline,0,Fair,,,,,DEN,Unrated
00-0040099,Xavier Guillory,WR,BAL,ACT,1.0,1.0,Xavier Guillory,WR,BAL,,,,,,,,,,,Unavailable,80.0,WR,9.0,8.0,2026-07-23 09:22:29+00:00,Reserve / unlisted,0,0,2025 production baseline,0,Fair,,,,,IND,Unrated
00-0040120,Jimmy Holiday,WR,KC,ACT,1.0,1.0,Jimmy Holiday,WR,KC,,,,,,,,,,,Unavailable,80.0,WR,8.0,2.0,2026-07-23 09:22:29+00:00,Reserve / unlisted,0,0,2025 production baseline,0,Fair,,,,,DEN,Unrated
00-0040122,Ashton Jeanty,RB,LV,ACT,1.0,1.0,Ashton Jeanty,RB,LV,,,,,,,,,,,Unavailable,80.0,RB,1.0,11.0,2026-07-23 09:22:29+00:00,First team,0,0,2025 production baseline,0,Fair,,,,,MIA,Unrated
00-0040124,Tetairoa McMillan,WR,CAR,ACT,1.0,1.0,Tetairoa McMillan,WR,CAR,,,,,,,,,,,Unavailable,80.0,WR,1.0,1.0,2026-07-23 09:22:29+00:00,First team,0,0,2025 production baseline,0,Fair,,,,,CHI,Unrated
00-0040126,Colston Loveland,TE,CHI,ACT,1.0,1.0,Colston Loveland,TE,CHI,,,,,,,,,,,Unavailable,80.0,TE,1.0,10.0,2026-07-23 09:22:29+00:00,First team,0,0,2025 production baseline,0,Fair,,,,,CAR,Unrated
00-0040128,Tyler Warren,TE,IND,ACT,1.0,1.0,Tyler Warren,TE,IND,,,,,,,,,,,Unavailable,80.0,TE,1.0,10.0,2026-07-23 09:22:29+00:00,First team,0,0,2025 production baseline,0,Fair,,,,,BAL,Unrated
00-0040129,Emeka Egbuka,WR,TB,ACT,1.0,1.0,Emeka Egbuka,WR,TB,,,,,,,,,,,Unavailable,80.0,WR,1.0,1.0,2026-07-23 09:22:29+00:00,First team,0,0,2025 production baseline,0,Fair,,,,,CIN,Unrated
00-0040130,Jayden Higgins,WR,HOU,ACT,1.0,1.0,Jayden Higgins,WR,HOU,,,,,,,,,,,Unavailable,80.0,WR,2.0,2.0,2026-07-23 09:22:29+00:00,Second team,0,0,2025 production baseline,0,Fair,,,,,BUF,Unrated
00-0040131,Kyle Williams,WR,NE,ACT,1.0,1.0,Kyle Williams,WR,NE,,,,,,,,,,,Unavailable,80.0,WR,6.0,8.0,2026-07-23 09:22:29+00:00,Reserve / unlisted,0,0,2025 production baseline,0,Fair,,,,,SEA,Unrated
00-0040134,Pat Bryant,WR,DEN,ACT,1.0,1.0,Pat Bryant,WR,DEN,,,,,,,,,,,Unavailable,80.0,WR,4.0,1.0,2026-07-23 09:22:29+00:00,Reserve / unlisted,0,0,2025 production baseline,0,Fair,,,,,KC,Unrated
00-0040138,Jaylin Noel,WR,HOU,ACT,1.0,1.0,Jaylin Noel,WR,HOU,,,,,,,,,,,Unavailable,80.0,WR,3.0,8.0,2026-07-23 09:22:29+00:00,Reserve / unlisted,0,0,2025 production baseline,0,Fair,,,,,BUF,Unrated
00-0040142,Kaleb Johnson,RB,PIT,ACT,1.0,1.0,Kaleb Johnson,RB,PIT,,,,,,,,,,,Unavailable,80.0,RB,3.0,11.0,2026-07-23 09:22:29+00:00,Reserve / unlisted,0,0,2025 production baseline,0,Fair,,,,,ATL,Unrated
00-0040154,Tai Felton,WR,MIN,ACT,1.0,1.0,Tai Felton,WR,MIN,,,,,,,,,,,Unavailable,80.0,WR,4.0,1.0,2026-07-23 09:22:29+00:00,Reserve / unlisted,0,0,2025 production baseline,0,Fair,,,,,GB,Unrated
00-0040162,Dylan Sampson,RB,CLE,ACT,1.0,1.0,Dylan Sampson,RB,CLE,,,,,,,,,,,Unavailable,80.0,RB,2.0,11.0,2026-07-23 09:22:29+00:00,Second team,0,0,2025 production baseline,0,Fair,,,,,JAX,Unrated
00-0040164,Jaylin Lane,WR,WAS,ACT,1.0,1.0,Jaylin Lane,WR,WAS,,,,,,,,,,,Unavailable,80.0,WR,6.0,8.0,2026-07-23 09:22:29+00:00,Reserve / unlisted,0,0,2025 production baseline,0,Fair,,,,,PHI,Unrated
00-0040170,Elic Ayomanor,WR,TEN,ACT,1.0,1.0,Elic Ayomanor,WR,TEN,,,,,,,,,,,Unavailable,80.0,WR,5.0,2.0,2026-07-23 09:22:29+00:00,Reserve / unlisted,0,0,2025 production baseline,0,Fair,,,,,NYJ,Unrated
00-0040172,Jordan Watkins,WR,SF,ACT,1.0,1.0,Jordan Watkins,WR,SF,,,,,,,,,,,Unavailable,80.0,WR,6.0,8.0,2026-07-23 09:22:29+00:00,Reserve / unlisted,0,0,2025 production baseline,0,Fair,,,,,LAR,Unrated
00-0040177,Jordan James,RB,SF,ACT,1.0,1.0,Jordan James,RB,SF,,,,,,,,,,,Unavailable,80.0,RB,2.0,11.0,2026-07-23 09:22:29+00:00,Second team,0,0,2025 production baseline,0,Fair,,,,,LAR,Unrated
00-0040179,DJ Giddens,RB,IND,ACT,1.0,1.0,DJ Giddens,RB,IND,,,,,,,,,,,Unavailable,80.0,RB,2.0,11.0,2026-07-23 09:22:29+00:00,Second team,0,0,2025 production baseline,0,Fair,,,,,BAL,Unrated
00-0040184,KeAndre Lambert-Smith,WR,LAC,ACT,1.0,1.0,KeAndre Lambert-Smith,WR,LAC,,,,,,,,,,,Unavailable,80.0,WR,5.0,2.0,2026-07-23 09:22:29+00:00,Reserve / unlisted,0,0,2025 production baseline,0,Fair,,,,,ARI,Unrated
00-0040187,Mitchell Evans,TE,CAR,ACT,1.0,1.0,Mitchell Evans,TE,CAR,,,,,,,,,,,Unavailable,80.0,TE,3.0,10.0,2026-07-23 09:22:29+00:00,Reserve / unlisted,0,0,2025 production baseline,0,Fair,,,,,CHI,Unrated
00-0040189,Oronde Gadsden II,TE,LAC,ACT,1.0,1.0,Oronde Gadsden II,TE,LAC,,,,,,,,,,,Unavailable,80.0,TE,1.0,10.0,2026-07-23 09:22:29+00:00,First team,0,0,2025 production baseline,0,Fair,,,,,ARI,Unrated
00-0040194,Jackson Hawes,TE,BUF,ACT,1.0,1.0,Jackson Hawes,TE,BUF,,,,,,,,,,,Unavailable,80.0,TE,3.0,10.0,2026-07-23 09:22:29+00:00,Reserve / unlisted,0,0,2025 production baseline,0,Fair,,,,,HOU,Unrated
00-0040198,Ollie Gordon II,RB,MIA,ACT,1.0,1.0,Ollie Gordon II,RB,MIA,,,,,,,,,,,Unavailable,80.0,RB,3.0,11.0,2026-07-23 09:22:29+00:00,Reserve / unlisted,0,0,2025 production baseline,0,Fair,,,,,LV,Unrated
00-0040202,Devin Neal,RB,NO,ACT,1.0,1.0,Devin Neal,RB,NO,,,,,,,,,,,Unavailable,80.0,RB,3.0,11.0,2026-07-23 09:22:29+00:00,Reserve / unlisted,0,0,2025 production baseline,0,Fair,,,,,DET,Unrated
00-0040203,Will Howard,QB,PIT,ACT,1.0,1.0,Will Howard,QB,PIT,,,,,,,,,,,Unavailable,80.0,QB,3.0,9.0,2026-07-23 09:22:29+00:00,Reserve / unlisted,0,0,2025 production baseline,0,Fair,,,,,ATL,Unrated
00-0040205,Kalel Mullings,RB,TEN,ACT,1.0,1.0,Kalel Mullings,RB,TEN,,,,,,,,,,,Unavailable,80.0,RB,5.0,11.0,2026-07-23 09:22:29+00:00,Reserve / unlisted,0,0,2025 production baseline,0,Fair,,,,,NYJ,Unrated
00-0040206,Riley Leonard,QB,IND,ACT,1.0,1.0,Riley Leonard,QB,IND,,,,,,,,,,,Unavailable,80.0,QB,3.0,9.0,2026-07-23 09:22:29+00:00,Reserve / unlisted,0,0,2025 production baseline,0,Fair,,,,,BAL,Unrated
00-0040208,Tahj Brooks,RB,CIN,ACT,1.0,1.0,Tahj Brooks,RB,CIN,,,,,,,,,,,Unavailable,80.0,RB,3.0,11.0,2026-07-23 09:22:29+00:00,Reserve / unlisted,0,0,2025 production baseline,0,Fair,,,,,TB,Unrated
00-0040211,Graham Mertz,QB,HOU,ACT,1.0,1.0,Graham Mertz,QB,HOU,,,,,,,,,,,Unavailable,80.0,QB,3.0,9.0,2026-07-23 09:22:29+00:00,Reserve / unlisted,0,0,2025 production baseline,0,Fair,,,,,BUF,Unrated
00-0040215,Gavin Bartholomew,TE,MIN,ACT,1.0,1.0,Gavin Bartholomew,TE,MIN,,,,,,,,,,,Unavailable,80.0,TE,4.0,10.0,2026-07-23 09:22:29+00:00,Reserve / unlisted,0,0,2025 production baseline,0,Fair,,,,,GB,Unrated
00-0040218,Jimmy Horn Jr.,WR,CAR,ACT,1.0,1.0,Jimmy Horn Jr.,WR,CAR,,,,,,,,,,,Unavailable,80.0,WR,5.0,2.0,2026-07-23 09:22:29+00:00,Reserve / unlisted,0,0,2025 production baseline,0,Fair,,,,,CHI,Unrated
00-0040222,Cam Miller,QB,MIA,ACT,1.0,1.0,Cam Miller,QB,MIA,,,,,,,,,,,Unavailable,80.0,QB,3.0,9.0,2026-07-23 09:22:29+00:00,Reserve / unlisted,0,0,2025 production baseline,0,Fair,,,,,LV,Unrated
00-0040225,Thomas Fidone II,TE,NYG,ACT,1.0,1.0,Thomas Fidone II,TE,NYG,,,,,,,,,,,Unavailable,80.0,TE,4.0,10.0,2026-07-23 09:22:29+00:00,Reserve / unlisted,0,0,2025 production baseline,0,Fair,,,,,DAL,Unrated
00-0040234,Quinn Ewers,QB,MIA,ACT,1.0,1.0,Quinn Ewers,QB,MIA,,,,,,,,,,,Unavailable,80.0,QB,2.0,9.0,2026-07-23 09:22:29+00:00,Second team,0,0,2025 production baseline,0,Fair,,,,,LV,Unrated
00-0040236,Kyle Monangai,RB,CHI,ACT,1.0,1.0,Kyle Monangai,RB,CHI,,,,,,,,,,,Unavailable,80.0,RB,2.0,11.0,2026-07-23 09:22:29+00:00,Second team,0,0,2025 production baseline,0,Fair,,,,,CAR,Unrated
00-0040237,Tez Johnson,WR,TB,ACT,1.0,1.0,Tez Johnson,WR,TB,,,,,,,,,,,Unavailable,80.0,WR,5.0,2.0,2026-07-23 09:22:29+00:00,Reserve / unlisted,0,0,2025 production baseline,0,Fair,,,,,CIN,Unrated
00-0040238,LeQuint Allen Jr.,RB,JAX,ACT,1.0,1.0,LeQuint Allen Jr.,RB,JAX,,,,,,,,,,,Unavailable,80.0,RB,3.0,11.0,2026-07-23 09:22:29+00:00,Reserve / unlisted,0,0,2025 production baseline,0,Fair,,,,,CLE,Unrated
00-0040240,Caleb Lohner,TE,DEN,ACT,1.0,1.0,Caleb Lohner,TE,DEN,,,,,,,,,,,Unavailable,80.0,TE,7.0,10.0,2026-07-23 09:22:29+00:00,Reserve / unlisted,0,0,2025 production baseline,0,Fair,,,,,KC,Unrated
00-0040241,Dominic Lovett,WR,DET,ACT,1.0,1.0,Dominic Lovett,WR,DET,,,,,,,,,,,Unavailable,80.0,WR,5.0,2.0,2026-07-23 09:22:29+00:00,Reserve / unlisted,0,0,2025 production baseline,0,Fair,,,,,NO,Unrated
00-0040242,Jacory Croskey-Merritt,RB,WAS,ACT,1.0,1.0,Jacory Croskey-Merritt,RB,WAS,,,,,,,,,,,Unavailable,80.0,RB,1.0,11.0,2026-07-23 09:22:29+00:00,First team,0,0,2025 production baseline,0,Fair,,,,,PHI,Unrated
00-0040244,Moliki Matavao,TE,NO,ACT,1.0,1.0,Moliki Matavao,TE,NO,,,,,,,,,,,Unavailable,80.0,TE,4.0,10.0,2026-07-23 09:22:29+00:00,Reserve / unlisted,0,0,2025 production baseline,0,Fair,,,,,DET,Unrated
00-0040247,Junior Bergen,WR,SF,ACT,1.0,1.0,Junior Bergen,WR,SF,,,,,,,,,,,Unavailable,80.0,WR,11.0,2.0,2026-07-23 09:22:29+00:00,Reserve / unlisted,0,0,2025 production baseline,0,Fair,,,,,LAR,Unrated
00-0040259,Gage Larvadain,WR,CLE,ACT,1.0,1.0,Gage Larvadain,WR,CLE,,,,,,,,,,,Unavailable,80.0,WR,9.0,8.0,2026-07-23 09:22:29+00:00,Reserve / unlisted,0,0,2025 production baseline,0,Fair,,,,,JAX,Unrated
00-0040260,Ahmani Marshall,RB,CLE,ACT,1.0,1.0,Ahmani Marshall,RB,CLE,,,,,,,,,,,Unavailable,80.0,RB,4.0,11.0,2026-07-23 09:22:29+00:00,Reserve / unlisted,0,0,2025 production baseline,0,Fair,,,,,JAX,Unrated
00-0040265,Ja'Seem Reed,WR,CAR,ACT,1.0,1.0,Ja'Seem Reed,WR,CAR,,,,,,,,,,,Unavailable,80.0,WR,11.0,2.0,2026-07-23 09:22:29+00:00,Reserve / unlisted,0,0,2025 production baseline,0,Fair,,,,,CHI,Unrated
00-0040275,JP Richardson,WR,CHI,ACT,1.0,1.0,JP Richardson,WR,CHI,,,,,,,,,,,Unavailable,80.0,WR,8.0,2.0,2026-07-23 09:22:29+00:00,Reserve / unlisted,0,0,2025 production baseline,0,Fair,,,,,CAR,Unrated
00-0040277,Jahdae Walker,WR,CHI,ACT,1.0,1.0,Jahdae Walker,WR,CHI,,,,,,,,,,,Unavailable,80.0,WR,5.0,2.0,2026-07-23 09:22:29+00:00,Reserve / unlisted,0,0,2025 production baseline,0,Fair,,,,,CAR,Unrated
00-0040292,Bryce Pierre,TE,CAR,RES,1.0,1.0,Bryce Pierre,TE,CAR,,,,,,,,,,,Unavailable,80.0,,,,,Reserve / unlisted,0,0,2025 production baseline,0,Fair,,,,,CHI,Unrated
00-0040298,Andrew Armstrong,WR,KC,ACT,1.0,1.0,Andrew Armstrong,WR,KC,,,,,,,,,,,Unavailable,80.0,WR,9.0,8.0,2026-07-23 09:22:29+00:00,Reserve / unlisted,0,0,2025 production baseline,0,Fair,,,,,DEN,Unrated
00-0040302,A.J. Henning,WR,MIA,ACT,1.0,1.0,A.J. Henning,WR,MIA,,,,,,,,,,,Unavailable,80.0,WR,11.0,2.0,2026-07-23 09:22:29+00:00,Reserve / unlisted,0,0,2025 production baseline,0,Fair,,,,,LV,Unrated
00-0040311,Theo Wease Jr.,WR,MIA,ACT,1.0,1.0,Theo Wease Jr.,WR,MIA,,,,,,,,,,,Unavailable,80.0,WR,7.0,1.0,2026-07-23 09:22:29+00:00,Reserve / unlisted,0,0,2025 production baseline,0,Fair,,,,,LV,Unrated
00-0040317,Jacoby Jones,WR,WAS,ACT,1.0,1.0,Jacoby Jones,WR,WAS,,,,,,,,,,,Unavailable,80.0,WR,8.0,2.0,2026-07-23 09:22:29+00:00,Reserve / unlisted,0,0,2025 production baseline,0,Fair,,,,,PHI,Unrated
00-0040323,Chandler Brayboy,WR,JAX,ACT,1.0,1.0,Chandler Brayboy,WR,JAX,,,,,,,,,,,Unavailable,80.0,WR,9.0,8.0,2026-07-23 09:22:29+00:00,Reserve / unlisted,0,0,2025 production baseline,0,Fair,,,,,CLE,Unrated
00-0040331,Patrick Herbert,TE,JAX,ACT,1.0,1.0,Patrick Herbert,TE,JAX,,,,,,,,,,,Unavailable,80.0,TE,6.0,10.0,2026-07-23 09:22:29+00:00,Reserve / unlisted,0,0,2025 production baseline,0,Fair,,,,,CLE,Unrated
00-0040337,Eli Pancol,WR,IND,ACT,1.0,1.0,Eli Pancol,WR,IND,,,,,,,,,,,Unavailable,80.0,WR,9.0,8.0,2026-07-23 09:22:29+00:00,Reserve / unlisted,0,0,2025 production baseline,0,Fair,,,,,BAL,Unrated
00-0040352,Coleman Owen,WR,IND,ACT,1.0,1.0,Coleman Owen,WR,IND,,,,,,,,,,,Unavailable,80.0,WR,8.0,2.0,2026-07-23 09:22:29+00:00,Reserve / unlisted,0,0,2025 production baseline,0,Fair,,,,,BAL,Unrated
00-0040361,Stephen Gosnell,WR,BUF,ACT,1.0,1.0,Stephen Gosnell,WR,BUF,,,,,,,,,,,Unavailable,80.0,WR,10.0,1.0,2026-07-23 09:22:29+00:00,Reserve / unlisted,0,0,2025 production baseline,0,Fair,,,,,HOU,Unrated
00-0040363,Keleki Latu,TE,BUF,ACT,1.0,1.0,Keleki Latu,TE,BUF,,,,,,,,,,,Unavailable,80.0,TE,5.0,10.0,2026-07-23 09:22:29+00:00,Reserve / unlisted,0,0,2025 production baseline,0,Fair,,,,,HOU,Unrated
00-0040375,Jordan Moore,WR,CIN,ACT,1.0,1.0,Jordan Moore,WR,CIN,,,,,,,,,,,Unavailable,80.0,WR,8.0,2.0,2026-07-23 09:22:29+00:00,Reserve / unlisted,0,0,2025 production baseline,0,Fair,,,,,TB,Unrated
00-0040383,Bryson Green,WR,ARI,ACT,1.0,1.0,Bryson Green,WR,ARI,,,,,,,,,,,Unavailable,80.0,WR,11.0,2.0,2026-07-23 09:22:29+00:00,Reserve / unlisted,0,0,2025 production baseline,0,Fair,,,,,LAC,Unrated
00-0040387,Zach Horton,TE,DET,ACT,1.0,1.0,Zach Horton,TE,DET,,,,,,,,,,,Unavailable,80.0,TE,5.0,10.0,2026-07-23 09:22:29+00:00,Reserve / unlisted,0,0,2025 production baseline,0,Fair,,,,,NO,Unrated
00-0040388,Jakobie Keeney-James,WR,GB,ACT,1.0,1.0,Jakobie Keeney-James,WR,GB,,,,,,,,,,,Unavailable,80.0,,,,,Reserve / unlisted,0,0,2025 production baseline,0,Fair,,,,,MIN,Unrated
00-0040390,Jackson Meeks,WR,DET,ACT,1.0,1.0,Jackson Meeks,WR,DET,,,,,,,,,,,Unavailable,80.0,TE,4.0,10.0,2026-07-23 09:22:29+00:00,Reserve / unlisted,0,0,2025 production baseline,0,Fair,,,,,NO,Unrated
00-0040393,Kye Robichaux,RB,DET,ACT,1.0,1.0,Kye Robichaux,RB,DET,,,,,,,,,,,Unavailable,80.0,RB,6.0,11.0,2026-07-23 09:22:29+00:00,Reserve / unlisted,0,0,2025 production baseline,0,Fair,,,,,NO,Unrated
00-0040394,Anthony Tyus III,RB,CAR,ACT,1.0,1.0,Anthony Tyus III,RB,CAR,,,,,,,,,,,Unavailable,80.0,RB,5.0,11.0,2026-07-23 09:22:29+00:00,Reserve / unlisted,0,0,2025 production baseline,0,Fair,,,,,CHI,Unrated
00-0040398,Brady Cook,QB,NYJ,ACT,1.0,1.0,Brady Cook,QB,NYJ,,,,,,,,,,,Unavailable,80.0,QB,3.0,9.0,2026-07-23 09:22:29+00:00,Reserve / unlisted,0,0,2025 production baseline,0,Fair,,,,,TEN,Unrated
00-0040400,Donovan Edwards,RB,MIA,ACT,1.0,1.0,Donovan Edwards,RB,MIA,,,,,,,,,,,Unavailable,80.0,RB,4.0,11.0,2026-07-23 09:22:29+00:00,Reserve / unlisted,0,0,2025 production baseline,0,Fair,,,,,LV,Unrated
00-0040405,Jamaal Pritchett,WR,NYJ,ACT,1.0,1.0,Jamaal Pritchett,WR,NYJ,,,,,,,,,,,Unavailable,80.0,WR,7.0,1.0,2026-07-23 09:22:29+00:00,Reserve / unlisted,0,0,2025 production baseline,0,Fair,,,,,TEN,Unrated
00-0040406,Quentin Skinner,WR,NYJ,RES,1.0,1.0,Quentin Skinner,WR,NYJ,,,,,,,,,,,Unavailable,80.0,WR,14.0,2.0,2026-07-23 09:22:29+00:00,Reserve / unlisted,0,0,2025 production baseline,0,Fair,,,,,TEN,Unrated
00-0040415,Connor Bazelak,QB,TB,ACT,1.0,1.0,Connor Bazelak,QB,TB,,,,,,,,,,,Unavailable,80.0,QB,3.0,9.0,2026-07-23 09:22:29+00:00,Reserve / unlisted,0,0,2025 production baseline,0,Fair,,,,,CIN,Unrated
00-0040419,Garrett Greene,WR,TB,ACT,1.0,1.0,Garrett Greene,WR,TB,,,,,,,,,,,Unavailable,80.0,WR,9.0,8.0,2026-07-23 09:22:29+00:00,Reserve / unlisted,0,0,2025 production baseline,0,Fair,,,,,CIN,Unrated
00-0040429,Josh Williams,RB,TB,ACT,1.0,1.0,Josh Williams,RB,TB,,,,,,,,,,,Unavailable,80.0,RB,4.0,11.0,2026-07-23 09:22:29+00:00,Reserve / unlisted,0,0,2025 production baseline,0,Fair,,,,,CIN,Unrated
00-0040431,Dalen Cambre,WR,NYG,ACT,1.0,1.0,Dalen Cambre,WR,NYG,,,,,,,,,,,Unavailable,80.0,WR,12.0,8.0,2026-07-23 09:22:29+00:00,Reserve / unlisted,0,0,2025 production baseline,0,Fair,,,,,DAL,Unrated
00-0040432,Beaux Collins,WR,NYG,ACT,1.0,1.0,Beaux Collins,WR,NYG,,,,,,,,,,,Unavailable,80.0,WR,11.0,2.0,2026-07-23 09:22:29+00:00,Reserve / unlisted,0,0,2025 production baseline,0,Fair,,,,,DAL,Unrated
00-0040445,Courtney Jackson,WR,TEN,ACT,1.0,1.0,Courtney Jackson,WR,TEN,,,,,,,,,,,Unavailable,80.0,WR,11.0,2.0,2026-07-23 09:22:29+00:00,Reserve / unlisted,0,0,2025 production baseline,0,Fair,,,,,NYJ,Unrated
00-0040461,Luke Grimm,WR,LAC,ACT,1.0,1.0,Luke Grimm,WR,LAC,,,,,,,,,,,Unavailable,80.0,WR,8.0,2.0,2026-07-23 09:22:29+00:00,Reserve / unlisted,0,0,2025 production baseline,0,Fair,,,,,ARI,Unrated
00-0040464,DJ Uiagalelei,QB,LAC,ACT,1.0,1.0,DJ Uiagalelei,QB,LAC,,,,,,,,,,,Unavailable,80.0,QB,3.0,9.0,2026-07-23 09:22:29+00:00,Reserve / unlisted,0,0,2025 production baseline,0,Fair,,,,,ARI,Unrated
00-0040466,Raheim Sanders,RB,CLE,ACT,1.0,1.0,Raheim Sanders,RB,CLE,,,,,,,,,,,Unavailable,80.0,RB,3.0,11.0,2026-07-23 09:22:29+00:00,Reserve / unlisted,0,0,2025 production baseline,0,Fair,,,,,JAX,Unrated
00-0040476,Ulysses Bentley IV,RB,IND,ACT,1.0,1.0,Ulysses Bentley IV,RB,IND,,,,,,,,,,,Unavailable,80.0,RB,4.0,11.0,2026-07-23 09:22:29+00:00,Reserve / unlisted,0,0,2025 production baseline,0,Fair,,,,,BAL,Unrated
00-0040488,Carter Runyon,TE,LV,ACT,1.0,1.0,Carter Runyon,TE,LV,,,,,,,,,,,Unavailable,80.0,TE,4.0,10.0,2026-07-23 09:22:29+00:00,Reserve / unlisted,0,0,2025 production baseline,0,Fair,,,,,MIA,Unrated
00-0040494,Max Brosmer,QB,MIN,ACT,1.0,1.0,Max Brosmer,QB,MIN,,,,,,,,,,,Unavailable,80.0,QB,4.0,9.0,2026-07-23 09:22:29+00:00,Reserve / unlisted,0,0,2025 production baseline,0,Fair,,,,,GB,Unrated
00-0040498,Dontae Fleming,WR,MIN,ACT,1.0,1.0,Dontae Fleming,WR,MIN,,,,,,,,,,,Unavailable,80.0,WR,8.0,2.0,2026-07-23 09:22:29+00:00,Reserve / unlisted,0,0,2025 production baseline,0,Fair,,,,,GB,Unrated
00-0040504,Bryson Nesbit,TE,MIN,ACT,1.0,1.0,Bryson Nesbit,TE,MIN,,,,,,,,,,,Unavailable,80.0,TE,5.0,10.0,2026-07-23 09:22:29+00:00,Reserve / unlisted,0,0,2025 production baseline,0,Fair,,,,,GB,Unrated
00-0040506,Myles Price,WR,MIN,ACT,1.0,1.0,Myles Price,WR,MIN,,,,,,,,,,,Unavailable,80.0,WR,5.0,2.0,2026-07-23 09:22:29+00:00,Reserve / unlisted,0,0,2025 production baseline,0,Fair,,,,,GB,Unrated
00-0040509,Ben Yurosek,TE,MIN,ACT,1.0,1.0,Ben Yurosek,TE,MIN,,,,,,,,,,,Unavailable,80.0,TE,3.0,10.0,2026-07-23 09:22:29+00:00,Reserve / unlisted,0,0,2025 production baseline,0,Fair,,,,,GB,Unrated
00-0040522,Xavier Restrepo,WR,TEN,ACT,1.0,1.0,Xavier Restrepo,WR,TEN,,,,,,,,,,,Unavailable,80.0,WR,9.0,8.0,2026-07-23 09:22:29+00:00,Reserve / unlisted,0,0,2025 production baseline,0,Fair,,,,,NYJ,Unrated
00-0040528,JJ Galbreath,TE,PIT,ACT,1.0,1.0,JJ Galbreath,TE,PIT,,,,,,,,,,,Unavailable,80.0,TE,5.0,10.0,2026-07-23 09:22:29+00:00,Reserve / unlisted,0,0,2025 production baseline,0,Fair,,,,,ATL,Unrated
00-0040534,Ke'Shawn Williams,WR,CIN,ACT,1.0,1.0,Ke'Shawn Williams,WR,CIN,,,,,,,,,,,Unavailable,80.0,WR,7.0,1.0,2026-07-23 09:22:29+00:00,Reserve / unlisted,0,0,2025 production baseline,0,Fair,,,,,TB,Unrated
00-0040547,Nate Carter,RB,ATL,ACT,1.0,1.0,Nate Carter,RB,ATL,,,,,,,,,,,Unavailable,80.0,RB,4.0,11.0,2026-07-23 09:22:29+00:00,Reserve / unlisted,0,0,2025 production baseline,0,Fair,,,,,PIT,Unrated
00-0040551,Nick Nash,WR,WAS,ACT,1.0,1.0,Nick Nash,WR,WAS,,,,,,,,,,,Unavailable,80.0,WR,9.0,8.0,2026-07-23 09:22:29+00:00,Reserve / unlisted,0,0,2025 production baseline,0,Fair,,,,,PHI,Unrated
00-0040552,Joshua Simon,TE,ATL,ACT,1.0,1.0,Joshua Simon,TE,ATL,,,,,,,,,,,Unavailable,80.0,TE,4.0,10.0,2026-07-23 09:22:29+00:00,Reserve / unlisted,0,0,2025 production baseline,0,Fair,,,,,PIT,Unrated
00-0040556,Corey Kiner,RB,ARI,ACT,1.0,1.0,Corey Kiner,RB,ARI,,,,,,,,,,,Unavailable,80.0,RB,6.0,11.0,2026-07-23 09:22:29+00:00,Reserve / unlisted,0,0,2025 production baseline,0,Fair,,,,,LAC,Unrated
00-0040558,Isaiah Neyor,WR,GB,ACT,1.0,1.0,Isaiah Neyor,WR,GB,,,,,,,,,,,Unavailable,80.0,WR,7.0,1.0,2026-07-23 09:22:29+00:00,Reserve / unlisted,0,0,2025 production baseline,0,Fair,,,,,MIN,Unrated
00-0040563,Efton Chism III,WR,NE,ACT,1.0,1.0,Efton Chism III,WR,NE,,,,,,,,,,,Unavailable,80.0,WR,7.0,1.0,2026-07-23 09:22:29+00:00,Reserve / unlisted,0,0,2025 production baseline,0,Fair,,,,,SEA,Unrated
00-0040566,CJ Dippre,TE,NE,ACT,1.0,1.0,CJ Dippre,TE,NE,,,,,,,,,,,Unavailable,80.0,TE,3.0,10.0,2026-07-23 09:22:29+00:00,Reserve / unlisted,0,0,2025 production baseline,0,Fair,,,,,SEA,Unrated
00-0040567,Brock Lampe,RB,NE,ACT,1.0,1.0,Brock Lampe,RB,NE,,,,,,,,,,,Unavailable,80.0,,,,,Reserve / unlisted,0,0,2025 production baseline,0,Fair,,,,,SEA,Unrated
00-0040568,Lan Larison,RB,NE,ACT,1.0,1.0,Lan Larison,RB,NE,,,,,,,,,,,Unavailable,80.0,RB,4.0,11.0,2026-07-23 09:22:29+00:00,Reserve / unlisted,0,0,2025 production baseline,0,Fair,,,,,SEA,Unrated
00-0040570,Jeremiah Webb,WR,NE,ACT,1.0,1.0,Jeremiah Webb,WR,NE,,,,,,,,,,,Unavailable,80.0,WR,9.0,8.0,2026-07-23 09:22:29+00:00,Reserve / unlisted,0,0,2025 production baseline,0,Fair,,,,,SEA,Unrated
00-0040571,Gee Scott Jr.,WR,NYJ,ACT,1.0,1.0,Gee Scott Jr.,WR,NYJ,,,,,,,,,,,Unavailable,80.0,WR,8.0,2.0,2026-07-23 09:22:29+00:00,Reserve / unlisted,0,0,2025 production baseline,0,Fair,,,,,TEN,Unrated
00-0040581,Dont'e Thornton Jr.,WR,LV,ACT,1.0,1.0,Dont'e Thornton Jr.,WR,LV,,,,,,,,,,,Unavailable,80.0,WR,4.0,1.0,2026-07-23 09:22:29+00:00,Reserve / unlisted,0,0,2025 production baseline,0,Fair,,,,,MIA,Unrated
00-0040582,Arian Smith,WR,NYJ,ACT,1.0,1.0,Arian Smith,WR,NYJ,,,,,,,,,,,Unavailable,80.0,WR,6.0,8.0,2026-07-23 09:22:29+00:00,Reserve / unlisted,0,0,2025 production baseline,0,Fair,,,,,TEN,Unrated
00-0040583,Woody Marks,RB,HOU,ACT,1.0,1.0,Woody Marks,RB,HOU,,,,,,,,,,,Unavailable,80.0,RB,2.0,11.0,2026-07-23 09:22:29+00:00,Second team,0,0,2025 production baseline,0,Fair,,,,,BUF,Unrated
00-0040584,Gunnar Helm,TE,TEN,ACT,1.0,1.0,Gunnar Helm,TE,TEN,,,,,,,,,,,Unavailable,80.0,TE,1.0,10.0,2026-07-23 09:22:29+00:00,First team,0,0,2025 production baseline,0,Fair,,,,,NYJ,Unrated
00-0040586,Jaydon Blue,RB,DAL,ACT,1.0,1.0,Jaydon Blue,RB,DAL,,,,,,,,,,,Unavailable,80.0,RB,3.0,11.0,2026-07-23 09:22:29+00:00,Reserve / unlisted,0,0,2025 production baseline,0,Fair,,,,,NYG,Unrated
00-0040589,Kurtis Rourke,QB,SF,ACT,1.0,1.0,Kurtis Rourke,QB,SF,,,,,,,,,,,Unavailable,80.0,QB,3.0,9.0,2026-07-23 09:22:29+00:00,Reserve / unlisted,0,0,2025 production baseline,0,Fair,,,,,LAR,Unrated
00-0040590,Konata Mumpfield,WR,LAR,ACT,1.0,1.0,Konata Mumpfield,WR,LAR,,,,,,,,,,,Unavailable,80.0,WR,5.0,2.0,2026-07-23 09:22:29+00:00,Reserve / unlisted,0,0,2025 production baseline,0,Fair,,,,,SF,Unrated
00-0040597,Brennan Presley,WR,LAR,ACT,1.0,1.0,Brennan Presley,WR,LAR,,,,,,,,,,,Unavailable,80.0,WR,9.0,8.0,2026-07-23 09:22:29+00:00,Reserve / unlisted,0,0,2025 production baseline,0,Fair,,,,,SF,Unrated
00-0040598,Mark Redman,TE,LAR,ACT,1.0,1.0,Mark Redman,TE,LAR,,,,,,,,,,,Unavailable,80.0,TE,6.0,10.0,2026-07-23 09:22:29+00:00,Reserve / unlisted,0,0,2025 production baseline,0,Fair,,,,,SF,Unrated
00-0040601,Jordan Waters,RB,LAR,ACT,1.0,1.0,Jordan Waters,RB,LAR,,,,,,,,,,,Unavailable,80.0,RB,5.0,11.0,2026-07-23 09:22:29+00:00,Reserve / unlisted,0,0,2025 production baseline,0,Fair,,,,,SF,Unrated
00-0040603,Mario Williams,WR,LAR,ACT,1.0,1.0,Mario Williams,WR,LAR,,,,,,,,,,,Unavailable,80.0,WR,8.0,2.0,2026-07-23 09:22:29+00:00,Reserve / unlisted,0,0,2025 production baseline,0,Fair,,,,,SF,Unrated
00-0040609,Tru Edwards,WR,LAR,ACT,1.0,1.0,Tru Edwards,WR,LAR,,,,,,,,,,,Unavailable,80.0,WR,10.0,1.0,2026-07-23 09:22:29+00:00,Reserve / unlisted,0,0,2025 production baseline,0,Fair,,,,,SF,Unrated
00-0040617,Luke Floriea,WR,CLE,ACT,1.0,1.0,Luke Floriea,WR,CLE,,,,,,,,,,,Unavailable,80.0,WR,10.0,1.0,2026-07-23 09:22:29+00:00,Reserve / unlisted,0,0,2025 production baseline,0,Fair,,,,,JAX,Unrated
00-0040618,Max Hurleman,RB,PIT,ACT,1.0,1.0,Max Hurleman,RB,PIT,,,,,,,,,,,Unavailable,80.0,WR,9.0,8.0,2026-07-23 09:22:29+00:00,Reserve / unlisted,0,0,2025 production baseline,0,Fair,,,,,ATL,Unrated
00-0040621,Montorie Foster Jr,WR,SEA,ACT,1.0,1.0,Montorie Foster Jr,WR,SEA,,,,,,,,,,,Unavailable,80.0,WR,10.0,1.0,2026-07-23 09:22:29+00:00,Reserve / unlisted,0,0,2025 production baseline,0,Fair,,,,,NE,Unrated
00-0040628,Drake Dabney,TE,GB,ACT,1.0,1.0,Drake Dabney,TE,GB,,,,,,,,,,,Unavailable,80.0,TE,4.0,10.0,2026-07-23 09:22:29+00:00,Reserve / unlisted,0,0,2025 production baseline,0,Fair,,,,,MIN,Unrated
00-0040629,Dalevon Campbell,WR,LAC,ACT,1.0,1.0,Dalevon Campbell,WR,LAC,,,,,,,,,,,Unavailable,80.0,WR,7.0,1.0,2026-07-23 09:22:29+00:00,Reserve / unlisted,0,0,2025 production baseline,0,Fair,,,,,ARI,Unrated
00-0040637,Lucas Scott,RB,BAL,ACT,1.0,1.0,Lucas Scott,RB,BAL,,,,,,,,,,,Unavailable,80.0,,,,,Reserve / unlisted,0,0,2025 production baseline,0,Fair,,,,,IND,Unrated
00-0040644,Trevor Etienne,RB,CAR,ACT,1.0,1.0,Trevor Etienne,RB,CAR,,,,,,,,,,,Unavailable,80.0,RB,3.0,11.0,2026-07-23 09:22:29+00:00,Reserve / unlisted,0,0,2025 production baseline,0,Fair,,,,,CHI,Unrated
00-0040646,Jalen Royals,WR,KC,ACT,1.0,1.0,Jalen Royals,WR,KC,,,,,,,,,,,Unavailable,80.0,WR,4.0,1.0,2026-07-23 09:22:29+00:00,Reserve / unlisted,0,0,2025 production baseline,0,Fair,,,,,DEN,Unrated
00-0040648,Tory Horton,WR,SEA,ACT,1.0,1.0,Tory Horton,WR,SEA,,,,,,,,,,,Unavailable,80.0,WR,4.0,1.0,2026-07-23 09:22:29+00:00,Reserve / unlisted,0,0,2025 production baseline,0,Fair,,,,,NE,Unrated
00-0040649,Robbie Ouzts,RB,SEA,ACT,1.0,1.0,Robbie Ouzts,RB,SEA,,,,,,,,,,,Unavailable,80.0,,,,,Reserve / unlisted,0,0,2025 production baseline,0,Fair,,,,,NE,Unrated
00-0040651,Damien Martinez,RB,GB,ACT,1.0,1.0,Damien Martinez,RB,GB,,,,,,,,,,,Unavailable,80.0,RB,5.0,11.0,2026-07-23 09:22:29+00:00,Reserve / unlisted,0,0,2025 production baseline,0,Fair,,,,,MIN,Unrated
00-0040653,Ricky White III,WR,SEA,ACT,1.0,1.0,Ricky White III,WR,SEA,,,,,,,,,,,Unavailable,80.0,WR,8.0,2.0,2026-07-23 09:22:29+00:00,Reserve / unlisted,0,0,2025 production baseline,0,Fair,,,,,NE,Unrated
00-0040663,Harold Fannin Jr.,TE,CLE,ACT,1.0,1.0,Harold Fannin Jr.,TE,CLE,,,,,,,,,,,Unavailable,80.0,TE,1.0,10.0,2026-07-23 09:22:29+00:00,First team,0,0,2025 production baseline,0,Fair,,,,,JAX,Unrated
00-0040666,Omarion Hampton,RB,LAC,ACT,1.0,1.0,Omarion Hampton,RB,LAC,,,,,,,,,,,Unavailable,80.0,RB,1.0,11.0,2026-07-23 09:22:29+00:00,First team,0,0,2025 production baseline,0,Fair,,,,,ARI,Unrated
00-0040667,Matthew Golden,WR,GB,ACT,1.0,1.0,Matthew Golden,WR,GB,,,,,,,,,,,Unavailable,80.0,WR,3.0,8.0,2026-07-23 09:22:29+00:00,Reserve / unlisted,0,0,2025 production baseline,0,Fair,,,,,MIN,Unrated
00-0040668,Shedeur Sanders,QB,CLE,ACT,1.0,1.0,Shedeur Sanders,QB,CLE,,,,,,,,,,,Unavailable,80.0,QB,2.0,9.0,2026-07-23 09:22:29+00:00,Second team,0,0,2025 production baseline,0,Fair,,,,,JAX,Unrated
00-0040669,Isaac TeSlaa,WR,DET,ACT,1.0,1.0,Isaac TeSlaa,WR,DET,,,,,,,,,,,Unavailable,80.0,WR,3.0,8.0,2026-07-23 09:22:29+00:00,Reserve / unlisted,0,0,2025 production baseline,0,Fair,,,,,NO,Unrated
00-0040673,Jalen Milroe,QB,SEA,ACT,1.0,1.0,Jalen Milroe,QB,SEA,,,,,,,,,,,Unavailable,80.0,QB,3.0,9.0,2026-07-23 09:22:29+00:00,Reserve / unlisted,0,0,2025 production baseline,0,Fair,,,,,NE,Unrated
00-0040676,Cam Ward,QB,TEN,ACT,1.0,1.0,Cam Ward,QB,TEN,,,,,,,,,,,Unavailable,80.0,QB,1.0,9.0,2026-07-23 09:22:29+00:00,First team,0,0,2025 production baseline,0,Fair,,,,,NYJ,Unrated
00-0040691,Jaxson Dart,QB,NYG,ACT,1.0,1.0,Jaxson Dart,QB,NYG,,,,,,,,,,,Unavailable,80.0,QB,1.0,9.0,2026-07-23 09:22:29+00:00,First team,0,0,2025 production baseline,0,Fair,,,,,DAL,Unrated
00-0040692,Jarquez Hunter,RB,LAR,ACT,1.0,1.0,Jarquez Hunter,RB,LAR,,,,,,,,,,,Unavailable,80.0,RB,4.0,11.0,2026-07-23 09:22:29+00:00,Reserve / unlisted,0,0,2025 production baseline,0,Fair,,,,,SF,Unrated
00-0040697,Thomas Gordon,TE,DET,ACT,1.0,1.0,Thomas Gordon,TE,DET,,,,,,,,,,,Unavailable,80.0,TE,6.0,10.0,2026-07-23 09:22:29+00:00,Reserve / unlisted,0,0,2025 production baseline,0,Fair,,,,,NO,Unrated
00-0040704,Dillon Gabriel,QB,CLE,ACT,1.0,1.0,Dillon Gabriel,QB,CLE,,,,,,,,,,,Unavailable,80.0,QB,3.0,9.0,2026-07-23 09:22:29+00:00,Reserve / unlisted,0,0,2025 production baseline,0,Fair,,,,,JAX,Unrated
00-0040705,Chimere Dike,WR,TEN,ACT,1.0,1.0,Chimere Dike,WR,TEN,,,,,,,,,,,Unavailable,80.0,WR,4.0,1.0,2026-07-23 09:22:29+00:00,Reserve / unlisted,0,0,2025 production baseline,0,Fair,,,,,NYJ,Unrated
00-0040715,Cam Skattebo,RB,NYG,ACT,1.0,1.0,Cam Skattebo,RB,NYG,,,,,,,,,,,Unavailable,80.0,RB,1.0,11.0,2026-07-23 09:22:29+00:00,First team,0,0,2025 production baseline,0,Fair,,,,,DAL,Unrated
00-0040718,Travis Hunter,WR,JAX,ACT,1.0,1.0,Travis Hunter,WR,JAX,,,,,,,,,,,Unavailable,80.0,WR,4.0,1.0,2026-07-23 09:22:29+00:00,Reserve / unlisted,0,0,2025 production baseline,0,Fair,,,,,CLE,Unrated
00-0040719,Bhayshul Tuten,RB,JAX,ACT,1.0,1.0,Bhayshul Tuten,RB,JAX,,,,,,,,,,,Unavailable,80.0,RB,1.0,11.0,2026-07-23 09:22:29+00:00,First team,0,0,2025 production baseline,0,Fair,,,,,CLE,Unrated
00-0040727,Tre Harris,WR,LAC,ACT,1.0,1.0,Tre Harris,WR,LAC,,,,,,,,,,,Unavailable,80.0,WR,3.0,8.0,2026-07-23 09:22:29+00:00,Reserve / unlisted,0,0,2025 production baseline,0,Fair,,,,,ARI,Unrated
00-0040729,Jack Bech,WR,LV,ACT,1.0,1.0,Jack Bech,WR,LV,,,,,,,,,,,Unavailable,80.0,WR,3.0,8.0,2026-07-23 09:22:29+00:00,Reserve / unlisted,0,0,2025 production baseline,0,Fair,,,,,MIA,Unrated
00-0040730,RJ Harvey,RB,DEN,ACT,1.0,1.0,RJ Harvey,RB,DEN,,,,,,,,,,,Unavailable,80.0,RB,2.0,11.0,2026-07-23 09:22:29+00:00,Second team,0,0,2025 production baseline,0,Fair,,,,,KC,Unrated
00-0040734,TreVeyon Henderson,RB,NE,ACT,1.0,1.0,TreVeyon Henderson,RB,NE,,,,,,,,,,,Unavailable,80.0,RB,2.0,11.0,2026-07-23 09:22:29+00:00,Second team,0,0,2025 production baseline,0,Fair,,,,,SEA,Unrated
00-0040735,Luther Burden III,WR,CHI,ACT,1.0,1.0,Luther Burden III,WR,CHI,,,,,,,,,,,Unavailable,80.0,WR,2.0,2.0,2026-07-23 09:22:29+00:00,Second team,0,0,2025 production baseline,0,Fair,,,,,CAR,Unrated
00-0040736,Mason Taylor,TE,NYJ,ACT,1.0,1.0,Mason Taylor,TE,NYJ,,,,,,,,,,,Unavailable,80.0,TE,2.0,10.0,2026-07-23 09:22:29+00:00,Second team,0,0,2025 production baseline,0,Fair,,,,,TEN,Unrated
00-0040737,Terrance Ferguson,TE,LAR,ACT,1.0,1.0,Terrance Ferguson,TE,LAR,,,,,,,,,,,Unavailable,80.0,TE,3.0,10.0,2026-07-23 09:22:29+00:00,Reserve / unlisted,0,0,2025 production baseline,0,Fair,,,,,SF,Unrated
00-0040739,Elijah Arroyo,TE,SEA,ACT,1.0,1.0,Elijah Arroyo,TE,SEA,,,,,,,,,,,Unavailable,80.0,TE,2.0,10.0,2026-07-23 09:22:29+00:00,Second team,0,0,2025 production baseline,0,Fair,,,,,NE,Unrated
00-0040743,Tyler Shough,QB,NO,ACT,1.0,1.0,Tyler Shough,QB,NO,,,,,,,,,,,Unavailable,80.0,QB,1.0,9.0,2026-07-23 09:22:29+00:00,First team,0,0,2025 production baseline,0,Fair,,,,,DET,Unrated
00-0040753,Will Sheppard,WR,GB,ACT,1.0,1.0,Will Sheppard,WR,GB,,,,,,,,,,,Unavailable,80.0,WR,8.0,2.0,2026-07-23 09:22:29+00:00,Reserve / unlisted,0,0,2025 production baseline,0,Fair,,,,,MIN,Unrated
00-0040769,Jaden Smith,WR,DAL,ACT,1.0,1.0,Jaden Smith,WR,DAL,,,,,,,,,,,Unavailable,80.0,WR,13.0,1.0,2026-07-23 09:22:29+00:00,Reserve / unlisted,0,0,2025 production baseline,0,Fair,,,,,NYG,Unrated
00-0040782,Isaiah Bond,WR,CLE,ACT,1.0,1.0,Isaiah Bond,WR,CLE,,,,,,,,,,,Unavailable,80.0,WR,5.0,2.0,2026-07-23 09:22:29+00:00,Reserve / unlisted,0,0,2025 production baseline,0,Fair,,,,,JAX,Unrated
00-0040784,Quinshon Judkins,RB,CLE,ACT,1.0,1.0,Quinshon Judkins,RB,CLE,,,,,,,,,,,Unavailable,80.0,RB,1.0,11.0,2026-07-23 09:22:29+00:00,First team,0,0,2025 production baseline,0,Fair,,,,,JAX,Unrated
00-0040785,Dohnte Meyers,WR,CIN,ACT,0.0,1.0,Dohnte Meyers,WR,CIN,,,,,,,,,,,Unavailable,80.0,,,,,Reserve / unlisted,0,0,2025 production baseline,0,Fair,,,,,TB,Unrated
00-0040788,Damien Alford,WR,NO,ACT,0.0,1.0,Damien Alford,WR,NO,,,,,,,,,,,Unavailable,80.0,,,,,Reserve / unlisted,0,0,2025 production baseline,0,Fair,,,,,DET,Unrated
00-0040792,Layne Pryor,TE,HOU,ACT,1.0,1.0,Layne Pryor,TE,HOU,,,,,,,,,,,Unavailable,80.0,,,,,Reserve / unlisted,0,0,2025 production baseline,0,Fair,,,,,BUF,Unrated
00-0040853,Carson Towt,TE,IND,ACT,0.0,1.0,Carson Towt,TE,IND,,,,,,,,,,,Unavailable,80.0,,,,,Reserve / unlisted,0,0,2025 production baseline,0,Fair,,,,,BAL,Unrated
00-0040867,Makai Lemon,WR,PHI,ACT,0.0,1.0,Makai Lemon,WR,PHI,,,,,,,,,,,Unavailable,80.0,,,,,Reserve / unlisted,0,0,2025 production baseline,0,Fair,,,,,WAS,Unrated
00-0040870,Ja'Kobi Lane,WR,BAL,ACT,0.0,1.0,Ja'Kobi Lane,WR,BAL,,,,,,,,,,,Unavailable,80.0,,,,,Reserve / unlisted,0,0,2025 production baseline,0,Fair,,,,,IND,Unrated
00-0040876,Elijah Sarratt,WR,BAL,ACT,0.0,1.0,Elijah Sarratt,WR,BAL,,,,,,,,,,,Unavailable,80.0,,,,,Reserve / unlisted,0,0,2025 production baseline,0,Fair,,,,,IND,Unrated
00-0040878,Mike Washington,RB,LV,ACT,0.0,1.0,Mike Washington,RB,LV,,,,,,,,,,,Unavailable,80.0,,,,,Reserve / unlisted,0,0,2025 production baseline,0,Fair,,,,,MIA,Unrated
00-0040879,Matthew Hibner,TE,BAL,ACT,0.0,1.0,Matthew Hibner,TE,BAL,,,,,,,,,,,Unavailable,80.0,,,,,Reserve / unlisted,0,0,2025 production baseline,0,Fair,,,,,IND,Unrated
00-0040886,Nicholas Singleton,RB,TEN,ACT,0.0,1.0,Nicholas Singleton,RB,TEN,,,,,,,,,,,Unavailable,80.0,,,,,Reserve / unlisted,0,0,2025 production baseline,0,Fair,,,,,NYJ,Unrated
00-0040887,Josh Cuevas,TE,BAL,ACT,0.0,1.0,Josh Cuevas,TE,BAL,,,,,,,,,,,Unavailable,80.0,,,,,Reserve / unlisted,0,0,2025 production baseline,0,Fair,,,,,IND,Unrated
00-0040888,Adam Randall,RB,BAL,ACT,0.0,1.0,Adam Randall,RB,BAL,,,,,,,,,,,Unavailable,80.0,,,,,Reserve / unlisted,0,0,2025 production baseline,0,Fair,,,,,IND,Unrated
00-0040890,Cyrus Allen,WR,KC,ACT,0.0,1.0,Cyrus Allen,WR,KC,,,,,,,,,,,Unavailable,80.0,WR,5.0,2.0,2026-07-23 09:22:29+00:00,Reserve / unlisted,0,0,2025 production baseline,0,Fair,,,,,DEN,Unrated
00-0040891,Cole Payton,QB,PHI,ACT,0.0,1.0,Cole Payton,QB,PHI,,,,,,,,,,,Unavailable,80.0,,,,,Reserve / unlisted,0,0,2025 production baseline,0,Fair,,,,,WAS,Unrated
00-0040894,Malik Benson,WR,LV,ACT,0.0,1.0,Malik Benson,WR,LV,,,,,,,,,,,Unavailable,80.0,,,,,Reserve / unlisted,0,0,2025 production baseline,0,Fair,,,,,MIA,Unrated
00-0040895,Emmanuel Henderson,WR,SEA,ACT,0.0,1.0,Emmanuel Henderson,WR,SEA,,,,,,,,,,,Unavailable,80.0,,,,,Reserve / unlisted,0,0,2025 production baseline,0,Fair,,,,,NE,Unrated
00-0040900,Anthony Smith,WR,DAL,ACT,0.0,1.0,Anthony Smith,WR,DAL,,,,,,,,,,,Unavailable,80.0,,,,,Reserve / unlisted,0,0,2025 production baseline,0,Fair,,,,,NYG,Unrated
00-0040901,Jaren Kanak,TE,TEN,ACT,0.0,1.0,Jaren Kanak,TE,TEN,,,,,,,,,,,Unavailable,80.0,,,,,Reserve / unlisted,0,0,2025 production baseline,0,Fair,,,,,NYJ,Unrated
00-0040906,Garrett Nussmeier,QB,KC,ACT,0.0,1.0,Garrett Nussmeier,QB,KC,,,,,,,,,,,Unavailable,80.0,,,,,Reserve / unlisted,0,0,2025 production baseline,0,Fair,,,,,DEN,Unrated
00-0040912,Hank Beatty,WR,TEN,ACT,0.0,1.0,Hank Beatty,WR,TEN,,,,,,,,,,,Unavailable,80.0,,,,,Reserve / unlisted,0,0,2025 production baseline,0,Fair,,,,,NYJ,Unrated
00-0040919,Tyren Montgomery,WR,TEN,ACT,0.0,1.0,Tyren Montgomery,WR,TEN,,,,,,,,,,,Unavailable,80.0,,,,,Reserve / unlisted,0,0,2025 production baseline,0,Fair,,,,,NYJ,Unrated
00-0040927,Dae'Quan Wright,TE,PHI,ACT,0.0,1.0,Dae'Quan Wright,TE,PHI,,,,,,,,,,,Unavailable,80.0,,,,,Reserve / unlisted,0,0,2025 production baseline,0,Fair,,,,,WAS,Unrated
00-0040930,Camden Brown,WR,DAL,ACT,0.0,1.0,Camden Brown,WR,DAL,,,,,,,,,,,Unavailable,80.0,,,,,Reserve / unlisted,0,0,2025 production baseline,0,Fair,,,,,NYG,Unrated
00-0040934,Jordan Hudson,WR,DAL,ACT,0.0,1.0,Jordan Hudson,WR,DAL,,,,,,,,,,,Unavailable,80.0,,,,,Reserve / unlisted,0,0,2025 production baseline,0,Fair,,,,,NYG,Unrated
00-0040937,Dominic Richardson,RB,DAL,ACT,0.0,1.0,Dominic Richardson,RB,DAL,,,,,,,,,,,Unavailable,80.0,,,,,Reserve / unlisted,0,0,2025 production baseline,0,Fair,,,,,NYG,Unrated
00-0040938,D.J. Rogers,TE,DAL,ACT,0.0,1.0,D.J. Rogers,TE,DAL,,,,,,,,,,,Unavailable,80.0,,,,,Reserve / unlisted,0,0,2025 production baseline,0,Fair,,,,,NYG,Unrated
00-0040939,Michael Trigg,TE,DAL,ACT,0.0,1.0,Michael Trigg,TE,DAL,,,,,,,,,,,Unavailable,80.0,,,,,Reserve / unlisted,0,0,2025 production baseline,0,Fair,,,,,NYG,Unrated
00-0040942,Kyron Drones,QB,GB,ACT,0.0,1.0,Kyron Drones,QB,GB,,,,,,,,,,,Unavailable,80.0,,,,,Reserve / unlisted,0,0,2025 production baseline,0,Fair,,,,,MIN,Unrated
00-0040945,R.J. Maryland,TE,GB,ACT,0.0,1.0,R.J. Maryland,TE,GB,,,,,,,,,,,Unavailable,80.0,,,,,Reserve / unlisted,0,0,2025 production baseline,0,Fair,,,,,MIN,Unrated
00-0040946,Jaden Nixon,RB,GB,ACT,0.0,1.0,Jaden Nixon,RB,GB,,,,,,,,,,,Unavailable,80.0,,,,,Reserve / unlisted,0,0,2025 production baseline,0,Fair,,,,,MIN,Unrated
00-0040948,J.Michael Sturdivant,WR,GB,ACT,0.0,1.0,J.Michael Sturdivant,WR,GB,,,,,,,,,,,Unavailable,80.0,,,,,Reserve / unlisted,0,0,2025 production baseline,0,Fair,,,,,MIN,Unrated
00-0040953,Jeff Caldwell,WR,KC,ACT,0.0,1.0,Jeff Caldwell,WR,KC,,,,,,,,,,,Unavailable,80.0,,,,,Reserve / unlisted,0,0,2025 production baseline,0,Fair,,,,,DEN,Unrated
00-0040954,Omari Evans,WR,KC,ACT,0.0,1.0,Omari Evans,WR,KC,,,,,,,,,,,Unavailable,80.0,,,,,Reserve / unlisted,0,0,2025 production baseline,0,Fair,,,,,DEN,Unrated
00-0040955,John Michael Gyllenborg,TE,KC,ACT,0.0,1.0,John Michael Gyllenborg,TE,KC,,,,,,,,,,,Unavailable,80.0,,,,,Reserve / unlisted,0,0,2025 production baseline,0,Fair,,,,,DEN,Unrated
00-0040959,Jaydn Ott,RB,KC,ACT,0.0,1.0,Jaydn Ott,RB,KC,,,,,,,,,,,Unavailable,80.0,,,,,Reserve / unlisted,0,0,2025 production baseline,0,Fair,,,,,DEN,Unrated
00-0040964,E.J. Smith,RB,KC,ACT,0.0,1.0,E.J. Smith,RB,KC,,,,,,,,,,,Unavailable,80.0,,,,,Reserve / unlisted,0,0,2025 production baseline,0,Fair,,,,,DEN,Unrated
00-0040967,Jacob De Jesus,WR,KC,ACT,0.0,1.0,Jacob De Jesus,WR,KC,,,,,,,,,,,Unavailable,80.0,,,,,Reserve / unlisted,0,0,2025 production baseline,0,Fair,,,,,DEN,Unrated
00-0040970,Michael Briscoe,WR,MIN,ACT,0.0,1.0,Michael Briscoe,WR,MIN,,,,,,,,,,,Unavailable,80.0,,,,,Reserve / unlisted,0,0,2025 production baseline,0,Fair,,,,,GB,Unrated
00-0040974,Lance Mason,TE,SEA,ACT,0.0,1.0,Lance Mason,TE,SEA,,,,,,,,,,,Unavailable,80.0,,,,,Reserve / unlisted,0,0,2025 production baseline,0,Fair,,,,,NE,Unrated
00-0040977,Cortez Braham,WR,BAL,ACT,0.0,1.0,Cortez Braham,WR,BAL,,,,,,,,,,,Unavailable,80.0,,,,,Reserve / unlisted,0,0,2025 production baseline,0,Fair,,,,,IND,Unrated
00-0040981,Joe Fagnano,QB,BAL,ACT,0.0,1.0,Joe Fagnano,QB,BAL,,,,,,,,,,,Unavailable,80.0,,,,,Reserve / unlisted,0,0,2025 production baseline,0,Fair,,,,,IND,Unrated
00-0040984,Dontae McMillan,RB,BAL,ACT,0.0,1.0,Dontae McMillan,RB,BAL,,,,,,,,,,,Unavailable,80.0,,,,,Reserve / unlisted,0,0,2025 production baseline,0,Fair,,,,,IND,Unrated
00-0040985,Diego Pavia,QB,BAL,ACT,0.0,1.0,Diego Pavia,QB,BAL,,,,,,,,,,,Unavailable,80.0,,,,,Reserve / unlisted,0,0,2025 production baseline,0,Fair,,,,,IND,Unrated
00-0040986,Ty Pezza,WR,BAL,ACT,0.0,1.0,Ty Pezza,WR,BAL,,,,,,,,,,,Unavailable,80.0,,,,,Reserve / unlisted,0,0,2025 production baseline,0,Fair,,,,,IND,Unrated
00-0040989,Octavian Smith,WR,BAL,ACT,0.0,1.0,Octavian Smith,WR,BAL,,,,,,,,,,,Unavailable,80.0,,,,,Reserve / unlisted,0,0,2025 production baseline,0,Fair,,,,,IND,Unrated
00-0040991,Elijah Tau-Tolliver,RB,BAL,ACT,0.0,1.0,Elijah Tau-Tolliver,RB,BAL,,,,,,,,,,,Unavailable,80.0,,,,,Reserve / unlisted,0,0,2025 production baseline,0,Fair,,,,,IND,Unrated
00-0040996,Jacob Clark,QB,LV,ACT,0.0,1.0,Jacob Clark,QB,LV,,,,,,,,,,,Unavailable,80.0,,,,,Reserve / unlisted,0,0,2025 production baseline,0,Fair,,,,,MIA,Unrated
00-0040998,Roman Hemby,RB,LV,ACT,0.0,1.0,Roman Hemby,RB,LV,,,,,,,,,,,Unavailable,80.0,,,,,Reserve / unlisted,0,0,2025 production baseline,0,Fair,,,,,MIA,Unrated
00-0041004,Chase Roberts,WR,LV,ACT,0.0,1.0,Chase Roberts,WR,LV,,,,,,,,,,,Unavailable,80.0,,,,,Reserve / unlisted,0,0,2025 production baseline,0,Fair,,,,,MIA,Unrated
00-0041005,Corey Rucker,WR,LV,RES,0.0,1.0,Corey Rucker,WR,LV,,,,,,,,,,,Unavailable,80.0,,,,,Reserve / unlisted,0,0,2025 production baseline,0,Fair,,,,,MIA,Unrated
00-0041011,E.J. Williams,WR,LV,ACT,0.0,1.0,E.J. Williams,WR,LV,,,,,,,,,,,Unavailable,80.0,,,,,Reserve / unlisted,0,0,2025 production baseline,0,Fair,,,,,MIA,Unrated
00-0041013,Emmett Johnson,RB,KC,ACT,0.0,1.0,Emmett Johnson,RB,KC,,,,,,,,,,,Unavailable,80.0,,,,,Reserve / unlisted,0,0,2025 production baseline,0,Fair,,,,,DEN,Unrated
00-0041016,Patrick Gurd,TE,LV,ACT,0.0,1.0,Patrick Gurd,TE,LV,,,,,,,,,,,Unavailable,80.0,,,,,Reserve / unlisted,0,0,2025 production baseline,0,Fair,,,,,MIA,Unrated
00-0041020,Xavier Loyd,WR,KC,ACT,0.0,1.0,Xavier Loyd,WR,KC,,,,,,,,,,,Unavailable,80.0,,,,,Reserve / unlisted,0,0,2025 production baseline,0,Fair,,,,,DEN,Unrated
00-0041022,Jonathan Brady,WR,LV,ACT,0.0,1.0,Jonathan Brady,WR,LV,,,,,,,,,,,Unavailable,80.0,,,,,Reserve / unlisted,0,0,2025 production baseline,0,Fair,,,,,MIA,Unrated
00-0041027,Jeremiyah Love,RB,ARI,ACT,0.0,1.0,Jeremiyah Love,RB,ARI,,,,,,,,,,,Unavailable,80.0,,,,,Reserve / unlisted,0,0,2025 production baseline,0,Fair,,,,,LAC,Unrated
00-0041029,Jordyn Tyson,WR,NO,ACT,0.0,1.0,Jordyn Tyson,WR,NO,,,,,,,,,,,Unavailable,80.0,,,,,Reserve / unlisted,0,0,2025 production baseline,0,Fair,,,,,DET,Unrated
00-0041032,Kenyon Sadiq,TE,NYJ,ACT,0.0,1.0,Kenyon Sadiq,TE,NYJ,,,,,,,,,,,Unavailable,80.0,,,,,Reserve / unlisted,0,0,2025 production baseline,0,Fair,,,,,TEN,Unrated
00-0041035,De'Zhaun Stribling,WR,SF,ACT,0.0,1.0,De'Zhaun Stribling,WR,SF,,,,,,,,,,,Unavailable,80.0,,,,,Reserve / unlisted,0,0,2025 production baseline,0,Fair,,,,,LAR,Unrated
00-0041037,Denzel Boston,WR,CLE,ACT,0.0,1.0,Denzel Boston,WR,CLE,,,,,,,,,,,Unavailable,80.0,,,,,Reserve / unlisted,0,0,2025 production baseline,0,Fair,,,,,JAX,Unrated
00-0041040,Antonio Williams,WR,WAS,ACT,0.0,1.0,Antonio Williams,WR,WAS,,,,,,,,,,,Unavailable,80.0,,,,,Reserve / unlisted,0,0,2025 production baseline,0,Fair,,,,,PHI,Unrated
00-0041041,Oscar Delp,TE,NO,ACT,0.0,1.0,Oscar Delp,TE,NO,,,,,,,,,,,Unavailable,80.0,,,,,Reserve / unlisted,0,0,2025 production baseline,0,Fair,,,,,DET,Unrated
00-0041042,Malachi Fields,WR,NYG,ACT,0.0,1.0,Malachi Fields,WR,NYG,,,,,,,,,,,Unavailable,80.0,,,,,Reserve / unlisted,0,0,2025 production baseline,0,Fair,,,,,DAL,Unrated
00-0041044,Zachariah Branch,WR,ATL,ACT,0.0,1.0,Zachariah Branch,WR,ATL,,,,,,,,,,,Unavailable,80.0,,,,,Reserve / unlisted,0,0,2025 production baseline,0,Fair,,,,,PIT,Unrated
00-0041047,Chris Brazzell,WR,CAR,ACT,0.0,1.0,Chris Brazzell,WR,CAR,,,,,,,,,,,Unavailable,80.0,,,,,Reserve / unlisted,0,0,2025 production baseline,0,Fair,,,,,CHI,Unrated
00-0041048,Ted Hurst,WR,TB,ACT,0.0,1.0,Ted Hurst,WR,TB,,,,,,,,,,,Unavailable,80.0,,,,,Reserve / unlisted,0,0,2025 production baseline,0,Fair,,,,,CIN,Unrated
00-0041051,Zavion Thomas,WR,CHI,ACT,0.0,1.0,Zavion Thomas,WR,CHI,,,,,,,,,,,Unavailable,80.0,,,,,Reserve / unlisted,0,0,2025 production baseline,0,Fair,,,,,CAR,Unrated
00-0041052,Kaelon Black,RB,SF,ACT,0.0,1.0,Kaelon Black,RB,SF,,,,,,,,,,,Unavailable,80.0,,,,,Reserve / unlisted,0,0,2025 production baseline,0,Fair,,,,,LAR,Unrated
00-0041056,Cade Klubnik,QB,NYJ,ACT,0.0,1.0,Cade Klubnik,QB,NYJ,,,,,,,,,,,Unavailable,80.0,,,,,Reserve / unlisted,0,0,2025 production baseline,0,Fair,,,,,TEN,Unrated
00-0041067,Bryce Lance,WR,NO,ACT,0.0,1.0,Bryce Lance,WR,NO,,,,,,,,,,,Unavailable,80.0,,,,,Reserve / unlisted,0,0,2025 production baseline,0,Fair,,,,,DET,Unrated
00-0041069,Colbie Young,WR,CIN,ACT,0.0,1.0,Colbie Young,WR,CIN,,,,,,,,,,,Unavailable,80.0,,,,,Reserve / unlisted,0,0,2025 production baseline,0,Fair,,,,,TB,Unrated
00-0041070,Reggie Virgil,WR,ARI,ACT,0.0,1.0,Reggie Virgil,WR,ARI,,,,,,,,,,,Unavailable,80.0,,,,,Reserve / unlisted,0,0,2025 production baseline,0,Fair,,,,,LAC,Unrated
00-0041077,Justin Joly,TE,DEN,ACT,0.0,1.0,Justin Joly,TE,DEN,,,,,,,,,,,Unavailable,80.0,,,,,Reserve / unlisted,0,0,2025 production baseline,0,Fair,,,,,KC,Unrated
00-0041081,Max Bredeson,RB,MIN,ACT,0.0,1.0,Max Bredeson,RB,MIN,,,,,,,,,,,Unavailable,80.0,,,,,Reserve / unlisted,0,0,2025 production baseline,0,Fair,,,,,GB,Unrated
00-0041084,Tanner Koziol,TE,JAX,ACT,0.0,1.0,Tanner Koziol,TE,JAX,,,,,,,,,,,Unavailable,80.0,,,,,Reserve / unlisted,0,0,2025 production baseline,0,Fair,,,,,CLE,Unrated
00-0041087,Joe Royer,TE,CLE,ACT,0.0,1.0,Joe Royer,TE,CLE,,,,,,,,,,,Unavailable,80.0,,,,,Reserve / unlisted,0,0,2025 production baseline,0,Fair,,,,,JAX,Unrated
00-0041092,Taylen Green,QB,CLE,ACT,0.0,1.0,Taylen Green,QB,CLE,,,,,,,,,,,Unavailable,80.0,,,,,Reserve / unlisted,0,0,2025 production baseline,0,Fair,,,,,JAX,Unrated
00-0041094,Bauer Sharp,TE,TB,ACT,0.0,1.0,Bauer Sharp,TE,TB,,,,,,,,,,,Unavailable,80.0,,,,,Reserve / unlisted,0,0,2025 production baseline,0,Fair,,,,,CIN,Unrated
00-0041096,Kaytron Allen,RB,WAS,ACT,0.0,1.0,Kaytron Allen,RB,WAS,,,,,,,,,,,Unavailable,80.0,,,,,Reserve / unlisted,0,0,2025 production baseline,0,Fair,,,,,PHI,Unrated
00-0041100,Josh Cameron,WR,JAX,ACT,0.0,1.0,Josh Cameron,WR,JAX,,,,,,,,,,,Unavailable,80.0,,,,,Reserve / unlisted,0,0,2025 production baseline,0,Fair,,,,,CLE,Unrated
00-0041104,Demond Claiborne,RB,MIN,ACT,0.0,1.0,Demond Claiborne,RB,MIN,,,,,,,,,,,Unavailable,80.0,,,,,Reserve / unlisted,0,0,2025 production baseline,0,Fair,,,,,GB,Unrated
00-0041106,C.J. Williams,WR,JAX,ACT,0.0,1.0,C.J. Williams,WR,JAX,,,,,,,,,,,Unavailable,80.0,,,,,Reserve / unlisted,0,0,2025 production baseline,0,Fair,,,,,CLE,Unrated
00-0041116,Jack Endries,TE,CIN,ACT,0.0,1.0,Jack Endries,TE,CIN,,,,,,,,,,,Unavailable,80.0,,,,,Reserve / unlisted,0,0,2025 production baseline,0,Fair,,,,,TB,Unrated
00-0041117,Athan Kaliakmanis,QB,WAS,ACT,0.0,1.0,Athan Kaliakmanis,QB,WAS,,,,,,,,,,,Unavailable,80.0,,,,,Reserve / unlisted,0,0,2025 production baseline,0,Fair,,,,,PHI,Unrated
00-0041123,Behren Morton,QB,NE,ACT,0.0,1.0,Behren Morton,QB,NE,,,,,,,,,,,Unavailable,80.0,,,,,Reserve / unlisted,0,0,2025 production baseline,0,Fair,,,,,SEA,Unrated
00-0041125,Seth McGowan,RB,IND,ACT,0.0,1.0,Seth McGowan,RB,IND,,,,,,,,,,,Unavailable,80.0,,,,,Reserve / unlisted,0,0,2025 production baseline,0,Fair,,,,,BAL,Unrated
00-0041129,Jam Miller,RB,NE,ACT,0.0,1.0,Jam Miller,RB,NE,,,,,,,,,,,Unavailable,80.0,,,,,Reserve / unlisted,0,0,2025 production baseline,0,Fair,,,,,SEA,Unrated
00-0041131,Carsen Ryan,TE,CLE,ACT,0.0,1.0,Carsen Ryan,TE,CLE,,,,,,,,,,,Unavailable,80.0,,,,,Reserve / unlisted,0,0,2025 production baseline,0,Fair,,,,,JAX,Unrated
00-0041132,Deion Burks,WR,IND,ACT,0.0,1.0,Deion Burks,WR,IND,,,,,,,,,,,Unavailable,80.0,,,,,Reserve / unlisted,0,0,2025 production baseline,0,Fair,,,,,BAL,Unrated
00-0041133,Dallen Bentley,TE,DEN,ACT,0.0,1.0,Dallen Bentley,TE,DEN,,,,,,,,,,,Unavailable,80.0,,,,,Reserve / unlisted,0,0,2025 production baseline,0,Fair,,,,,KC,Unrated
00-0041139,Damon Bankston,RB,NYG,ACT,0.0,1.0,Damon Bankston,RB,NYG,,,,,,,,,,,Unavailable,80.0,,,,,Reserve / unlisted,0,0,2025 production baseline,0,Fair,,,,,DAL,Unrated
00-0041149,Haynes King,QB,CAR,ACT,0.0,1.0,Haynes King,QB,CAR,,,,,,,,,,,Unavailable,80.0,,,,,Reserve / unlisted,0,0,2025 production baseline,0,Fair,,,,,CHI,Unrated
00-0041152,Kobe Prentice,WR,CAR,ACT,0.0,1.0,Kobe Prentice,WR,CAR,,,,,,,,,,,Unavailable,80.0,,,,,Reserve / unlisted,0,0,2025 production baseline,0,Fair,,,,,CHI,Unrated
00-0041156,Mark Gronowski,QB,MIA,ACT,0.0,1.0,Mark Gronowski,QB,MIA,,,,,,,,,,,Unavailable,80.0,,,,,Reserve / unlisted,0,0,2025 production baseline,0,Fair,,,,,LV,Unrated
00-0041157,Anthony Hankerson,RB,MIA,ACT,0.0,1.0,Anthony Hankerson,RB,MIA,,,,,,,,,,,Unavailable,80.0,,,,,Reserve / unlisted,0,0,2025 production baseline,0,Fair,,,,,LV,Unrated
00-0041158,Donaven McCulley,WR,MIA,ACT,0.0,1.0,Donaven McCulley,WR,MIA,,,,,,,,,,,Unavailable,80.0,,,,,Reserve / unlisted,0,0,2025 production baseline,0,Fair,,,,,LV,Unrated
00-0041165,Coleman Bennett,RB,CHI,ACT,0.0,1.0,Coleman Bennett,RB,CHI,,,,,,,,,,,Unavailable,80.0,,,,,Reserve / unlisted,0,0,2025 production baseline,0,Fair,,,,,CAR,Unrated
00-0041168,Omari Kelly,WR,CHI,ACT,0.0,1.0,Omari Kelly,WR,CHI,,,,,,,,,,,Unavailable,80.0,,,,,Reserve / unlisted,0,0,2025 production baseline,0,Fair,,,,,CAR,Unrated
00-0041170,Hayden Large,TE,CHI,ACT,0.0,1.0,Hayden Large,TE,CHI,,,,,,,,,,,Unavailable,80.0,,,,,Reserve / unlisted,0,0,2025 production baseline,0,Fair,,,,,CAR,Unrated
00-0041172,Miller Moss,QB,CHI,ACT,0.0,1.0,Miller Moss,QB,CHI,,,,,,,,,,,Unavailable,80.0,,,,,Reserve / unlisted,0,0,2025 production baseline,0,Fair,,,,,CAR,Unrated
00-0041176,Jaden Bradley,WR,WAS,ACT,0.0,1.0,Jaden Bradley,WR,WAS,,,,,,,,,,,Unavailable,80.0,,,,,Reserve / unlisted,0,0,2025 production baseline,0,Fair,,,,,PHI,Unrated
00-0041178,Robert Henry,RB,WAS,ACT,0.0,1.0,Robert Henry,RB,WAS,,,,,,,,,,,Unavailable,80.0,,,,,Reserve / unlisted,0,0,2025 production baseline,0,Fair,,,,,PHI,Unrated
00-0041179,Chris Hilton,WR,WAS,ACT,0.0,1.0,Chris Hilton,WR,WAS,,,,,,,,,,,Unavailable,80.0,,,,,Reserve / unlisted,0,0,2025 production baseline,0,Fair,,,,,PHI,Unrated
00-0041180,Quentin Moore,TE,WAS,ACT,0.0,1.0,Quentin Moore,TE,WAS,,,,,,,,,,,Unavailable,80.0,,,,,Reserve / unlisted,0,0,2025 production baseline,0,Fair,,,,,PHI,Unrated
00-0041185,Vinny Anthony,WR,ATL,ACT,0.0,1.0,Vinny Anthony,WR,ATL,,,,,,,,,,,Unavailable,80.0,,,,,Reserve / unlisted,0,0,2025 production baseline,0,Fair,,,,,PIT,Unrated
00-0041187,Le'Meke Brockington,WR,ATL,ACT,0.0,1.0,Le'Meke Brockington,WR,ATL,,,,,,,,,,,Unavailable,80.0,,,,,Reserve / unlisted,0,0,2025 production baseline,0,Fair,,,,,PIT,Unrated
00-0041191,Cash Jones,RB,ATL,ACT,0.0,1.0,Cash Jones,RB,ATL,,,,,,,,,,,Unavailable,80.0,,,,,Reserve / unlisted,0,0,2025 production baseline,0,Fair,,,,,PIT,Unrated
00-0041194,Jack Strand,QB,ATL,ACT,0.0,1.0,Jack Strand,QB,ATL,,,,,,,,,,,Unavailable,80.0,,,,,Reserve / unlisted,0,0,2025 production baseline,0,Fair,,,,,PIT,Unrated
00-0041195,Jack Velling,TE,ATL,ACT,0.0,1.0,Jack Velling,TE,ATL,,,,,,,,,,,Unavailable,80.0,,,,,Reserve / unlisted,0,0,2025 production baseline,0,Fair,,,,,PIT,Unrated
00-0041199,Caullin Lacy,WR,NYJ,ACT,0.0,1.0,Caullin Lacy,WR,NYJ,,,,,,,,,,,Unavailable,80.0,,,,,Reserve / unlisted,0,0,2025 production baseline,0,Fair,,,,,TEN,Unrated
00-0041200,Sam Scott,RB,NYJ,ACT,0.0,1.0,Sam Scott,RB,NYJ,,,,,,,,,,,Unavailable,80.0,,,,,Reserve / unlisted,0,0,2025 production baseline,0,Fair,,,,,TEN,Unrated
00-0041201,D.T. Sheffield,WR,NYJ,ACT,0.0,1.0,D.T. Sheffield,WR,NYJ,,,,,,,,,,,Unavailable,80.0,,,,,Reserve / unlisted,0,0,2025 production baseline,0,Fair,,,,,TEN,Unrated
00-0041203,Joey Aguilar,QB,JAX,ACT,0.0,1.0,Joey Aguilar,QB,JAX,,,,,,,,,,,Unavailable,80.0,QB,4.0,9.0,2026-07-23 09:22:29+00:00,Reserve / unlisted,0,0,2025 production baseline,0,Fair,,,,,CLE,Unrated
00-0041205,Brady Boyd,WR,JAX,ACT,0.0,1.0,Brady Boyd,WR,JAX,,,,,,,,,,,Unavailable,80.0,,,,,Reserve / unlisted,0,0,2025 production baseline,0,Fair,,,,,CLE,Unrated
00-0041207,Ethan Conner,TE,JAX,ACT,0.0,1.0,Ethan Conner,TE,JAX,,,,,,,,,,,Unavailable,80.0,,,,,Reserve / unlisted,0,0,2025 production baseline,0,Fair,,,,,CLE,Unrated
00-0041215,Ben Patterson,WR,JAX,ACT,0.0,1.0,Ben Patterson,WR,JAX,,,,,,,,,,,Unavailable,80.0,,,,,Reserve / unlisted,0,0,2025 production baseline,0,Fair,,,,,CLE,Unrated
00-0041216,Trebor Pena,WR,JAX,ACT,0.0,1.0,Trebor Pena,WR,JAX,,,,,,,,,,,Unavailable,80.0,,,,,Reserve / unlisted,0,0,2025 production baseline,0,Fair,,,,,CLE,Unrated
00-0041217,J'mari Taylor,RB,JAX,ACT,0.0,1.0,J'mari Taylor,RB,JAX,,,,,,,,,,,Unavailable,80.0,,,,,Reserve / unlisted,0,0,2025 production baseline,0,Fair,,,,,CLE,Unrated
00-0041220,Michael Wortham,WR,JAX,ACT,0.0,1.0,Michael Wortham,WR,JAX,,,,,,,,,,,Unavailable,80.0,,,,,Reserve / unlisted,0,0,2025 production baseline,0,Fair,,,,,CLE,Unrated
00-0041221,Jackson Acker,RB,BUF,ACT,0.0,1.0,Jackson Acker,RB,BUF,,,,,,,,,,,Unavailable,80.0,,,,,Reserve / unlisted,0,0,2025 production baseline,0,Fair,,,,,HOU,Unrated
00-0041222,Gabriel Benyard,WR,BUF,ACT,0.0,1.0,Gabriel Benyard,WR,BUF,,,,,,,,,,,Unavailable,80.0,,,,,Reserve / unlisted,0,0,2025 production baseline,0,Fair,,,,,HOU,Unrated
00-0041228,Sahmir Hagans,WR,IND,ACT,0.0,1.0,Sahmir Hagans,WR,IND,,,,,,,,,,,Unavailable,80.0,,,,,Reserve / unlisted,0,0,2025 production baseline,0,Fair,,,,,BAL,Unrated
00-0041229,E.J. Horton,WR,IND,ACT,0.0,1.0,E.J. Horton,WR,IND,,,,,,,,,,,Unavailable,80.0,,,,,Reserve / unlisted,0,0,2025 production baseline,0,Fair,,,,,BAL,Unrated
00-0041231,Lincoln Pare,RB,IND,ACT,0.0,1.0,Lincoln Pare,RB,IND,,,,,,,,,,,Unavailable,80.0,,,,,Reserve / unlisted,0,0,2025 production baseline,0,Fair,,,,,BAL,Unrated
00-0041233,Raylen Sharpe,WR,IND,ACT,0.0,1.0,Raylen Sharpe,WR,IND,,,,,,,,,,,Unavailable,80.0,,,,,Reserve / unlisted,0,0,2025 production baseline,0,Fair,,,,,BAL,Unrated
00-0041237,Chase Curtis,TE,NYJ,ACT,0.0,1.0,Chase Curtis,TE,NYJ,,,,,,,,,,,Unavailable,80.0,,,,,Reserve / unlisted,0,0,2025 production baseline,0,Fair,,,,,TEN,Unrated
00-0041239,Chip Trayanum,RB,NYJ,ACT,0.0,1.0,Chip Trayanum,RB,NYJ,,,,,,,,,,,Unavailable,80.0,,,,,Reserve / unlisted,0,0,2025 production baseline,0,Fair,,,,,TEN,Unrated
00-0041241,Kentrel Bullock,RB,CIN,ACT,0.0,1.0,Kentrel Bullock,RB,CIN,,,,,,,,,,,Unavailable,80.0,,,,,Reserve / unlisted,0,0,2025 production baseline,0,Fair,,,,,TB,Unrated
00-0041244,Jamal Haynes,RB,CIN,ACT,0.0,1.0,Jamal Haynes,RB,CIN,,,,,,,,,,,Unavailable,80.0,,,,,Reserve / unlisted,0,0,2025 production baseline,0,Fair,,,,,TB,Unrated
00-0041246,Josh Kattus,TE,CIN,ACT,0.0,1.0,Josh Kattus,TE,CIN,,,,,,,,,,,Unavailable,80.0,,,,,Reserve / unlisted,0,0,2025 production baseline,0,Fair,,,,,TB,Unrated
00-0041248,Noah Thomas,WR,CIN,ACT,0.0,1.0,Noah Thomas,WR,CIN,,,,,,,,,,,Unavailable,80.0,,,,,Reserve / unlisted,0,0,2025 production baseline,0,Fair,,,,,TB,Unrated
00-0041251,Jalon Daniels,QB,TB,ACT,0.0,1.0,Jalon Daniels,QB,TB,,,,,,,,,,,Unavailable,80.0,,,,,Reserve / unlisted,0,0,2025 production baseline,0,Fair,,,,,CIN,Unrated
00-0041252,Kenny Fletcher,TE,TB,ACT,0.0,1.0,Kenny Fletcher,TE,TB,,,,,,,,,,,Unavailable,80.0,,,,,Reserve / unlisted,0,0,2025 production baseline,0,Fair,,,,,CIN,Unrated
00-0041257,Eric Rivers,WR,TB,ACT,0.0,1.0,Eric Rivers,WR,TB,,,,,,,,,,,Unavailable,80.0,,,,,Reserve / unlisted,0,0,2025 production baseline,0,Fair,,,,,CIN,Unrated
00-0041263,Lake McRee,TE,PIT,ACT,0.0,1.0,Lake McRee,TE,PIT,,,,,,,,,,,Unavailable,80.0,,,,,Reserve / unlisted,0,0,2025 production baseline,0,Fair,,,,,ATL,Unrated
00-0041266,Keelan Marion,WR,ATL,ACT,0.0,1.0,Keelan Marion,WR,ATL,,,,,,,,,,,Unavailable,80.0,,,,,Reserve / unlisted,0,0,2025 production baseline,0,Fair,,,,,PIT,Unrated
00-0041267,Malik McClain,WR,NYJ,ACT,0.0,1.0,Malik McClain,WR,NYJ,,,,,,,,,,,Unavailable,80.0,,,,,Reserve / unlisted,0,0,2025 production baseline,0,Fair,,,,,TEN,Unrated
00-0041272,Ja'Mori Maclin,WR,BUF,ACT,0.0,1.0,Ja'Mori Maclin,WR,BUF,,,,,,,,,,,Unavailable,80.0,,,,,Reserve / unlisted,0,0,2025 production baseline,0,Fair,,,,,HOU,Unrated
00-0041273,Desmond Reid,RB,BUF,ACT,0.0,1.0,Desmond Reid,RB,BUF,,,,,,,,,,,Unavailable,80.0,,,,,Reserve / unlisted,0,0,2025 production baseline,0,Fair,,,,,HOU,Unrated
00-0041277,Davon Booth,RB,CLE,ACT,0.0,1.0,Davon Booth,RB,CLE,,,,,,,,,,,Unavailable,80.0,,,,,Reserve / unlisted,0,0,2025 production baseline,0,Fair,,,,,JAX,Unrated
00-0041281,T.J. Harden,RB,CLE,ACT,0.0,1.0,T.J. Harden,RB,CLE,,,,,,,,,,,Unavailable,80.0,,,,,Reserve / unlisted,0,0,2025 production baseline,0,Fair,,,,,JAX,Unrated
00-0041287,Kole Wilson,WR,CLE,ACT,0.0,1.0,Kole Wilson,WR,CLE,,,,,,,,,,,Unavailable,80.0,,,,,Reserve / unlisted,0,0,2025 production baseline,0,Fair,,,,,JAX,Unrated
00-0041292,Kolbe Katsis,WR,DEN,ACT,0.0,1.0,Kolbe Katsis,WR,DEN,,,,,,,,,,,Unavailable,80.0,,,,,Reserve / unlisted,0,0,2025 production baseline,0,Fair,,,,,KC,Unrated
00-0041293,Dane Key,WR,DEN,ACT,0.0,1.0,Dane Key,WR,DEN,,,,,,,,,,,Unavailable,80.0,,,,,Reserve / unlisted,0,0,2025 production baseline,0,Fair,,,,,KC,Unrated
00-0041294,Joseph Manjack,WR,DEN,ACT,0.0,1.0,Joseph Manjack,WR,DEN,,,,,,,,,,,Unavailable,80.0,,,,,Reserve / unlisted,0,0,2025 production baseline,0,Fair,,,,,KC,Unrated
00-0041299,Cam Ross,WR,DEN,ACT,0.0,1.0,Cam Ross,WR,DEN,,,,,,,,,,,Unavailable,80.0,,,,,Reserve / unlisted,0,0,2025 production baseline,0,Fair,,,,,KC,Unrated
00-0041307,Josh Pitsenberger,RB,HOU,ACT,0.0,1.0,Josh Pitsenberger,RB,HOU,,,,,,,,,,,Unavailable,80.0,,,,,Reserve / unlisted,0,0,2025 production baseline,0,Fair,,,,,BUF,Unrated
00-0041308,Treyvhon Saunders,WR,HOU,ACT,0.0,1.0,Treyvhon Saunders,WR,HOU,,,,,,,,,,,Unavailable,80.0,,,,,Reserve / unlisted,0,0,2025 production baseline,0,Fair,,,,,BUF,Unrated
00-0041309,Daniel Sobkowicz,WR,HOU,ACT,0.0,1.0,Daniel Sobkowicz,WR,HOU,,,,,,,,,,,Unavailable,80.0,,,,,Reserve / unlisted,0,0,2025 production baseline,0,Fair,,,,,BUF,Unrated
00-0041311,Jalen Walthall,WR,NYJ,ACT,0.0,1.0,Jalen Walthall,WR,NYJ,,,,,,,,,,,Unavailable,80.0,,,,,Reserve / unlisted,0,0,2025 production baseline,0,Fair,,,,,TEN,Unrated
00-0041312,Noah Whittington,RB,HOU,ACT,0.0,1.0,Noah Whittington,RB,HOU,,,,,,,,,,,Unavailable,80.0,,,,,Reserve / unlisted,0,0,2025 production baseline,0,Fair,,,,,BUF,Unrated
00-0041314,Tanner Arkin,TE,NE,ACT,0.0,1.0,Tanner Arkin,TE,NE,,,,,,,,,,,Unavailable,80.0,TE,4.0,10.0,2026-07-23 09:22:29+00:00,Reserve / unlisted,0,0,2025 production baseline,0,Fair,,,,,SEA,Unrated
00-0041317,Nick DeGennaro,WR,NE,ACT,0.0,1.0,Nick DeGennaro,WR,NE,,,,,,,,,,,Unavailable,80.0,,,,,Reserve / unlisted,0,0,2025 production baseline,0,Fair,,,,,SEA,Unrated
00-0041318,Kyle Dixon,WR,NE,ACT,0.0,1.0,Kyle Dixon,WR,NE,,,,,,,,,,,Unavailable,80.0,,,,,Reserve / unlisted,0,0,2025 production baseline,0,Fair,,,,,SEA,Unrated
00-0041319,Cameron Dorner,WR,NE,ACT,0.0,1.0,Cameron Dorner,WR,NE,,,,,,,,,,,Unavailable,80.0,,,,,Reserve / unlisted,0,0,2025 production baseline,0,Fair,,,,,SEA,Unrated
00-0041322,Jimmy Kibble,WR,NE,ACT,0.0,1.0,Jimmy Kibble,WR,NE,,,,,,,,,,,Unavailable,80.0,,,,,Reserve / unlisted,0,0,2025 production baseline,0,Fair,,,,,SEA,Unrated
00-0041323,Myles Montgomery,RB,NE,ACT,0.0,1.0,Myles Montgomery,RB,NE,,,,,,,,,,,Unavailable,80.0,,,,,Reserve / unlisted,0,0,2025 production baseline,0,Fair,,,,,SEA,Unrated
00-0041326,C.J. Donaldson,RB,NO,ACT,0.0,1.0,C.J. Donaldson,RB,NO,,,,,,,,,,,Unavailable,80.0,,,,,Reserve / unlisted,0,0,2025 production baseline,0,Fair,,,,,DET,Unrated
00-0041327,Cody Hardy,TE,NO,ACT,0.0,1.0,Cody Hardy,TE,NO,,,,,,,,,,,Unavailable,80.0,,,,,Reserve / unlisted,0,0,2025 production baseline,0,Fair,,,,,DET,Unrated
00-0041342,Dillon Bell,WR,MIN,ACT,0.0,1.0,Dillon Bell,WR,MIN,,,,,,,,,,,Unavailable,80.0,,,,,Reserve / unlisted,0,0,2025 production baseline,0,Fair,,,,,GB,Unrated
00-0041350,Kejon Owens,RB,MIN,ACT,0.0,1.0,Kejon Owens,RB,MIN,,,,,,,,,,,Unavailable,80.0,,,,,Reserve / unlisted,0,0,2025 production baseline,0,Fair,,,,,GB,Unrated
00-0041352,Marcus Sanders,WR,MIN,ACT,0.0,1.0,Marcus Sanders,WR,MIN,,,,,,,,,,,Unavailable,80.0,,,,,Reserve / unlisted,0,0,2025 production baseline,0,Fair,,,,,GB,Unrated
00-0041356,Luke Wysong,WR,MIN,ACT,0.0,1.0,Luke Wysong,WR,MIN,,,,,,,,,,,Unavailable,80.0,,,,,Reserve / unlisted,0,0,2025 production baseline,0,Fair,,,,,GB,Unrated
00-0041357,Khalil Dinkins,TE,SF,ACT,0.0,1.0,Khalil Dinkins,TE,SF,,,,,,,,,,,Unavailable,80.0,,,,,Reserve / unlisted,0,0,2025 production baseline,0,Fair,,,,,LAR,Unrated
00-0041359,Wesley Grimes,WR,SF,ACT,0.0,1.0,Wesley Grimes,WR,SF,,,,,,,,,,,Unavailable,80.0,,,,,Reserve / unlisted,0,0,2025 production baseline,0,Fair,,,,,LAR,Unrated
00-0041361,Will Pauling,WR,SF,ACT,0.0,1.0,Will Pauling,WR,SF,,,,,,,,,,,Unavailable,80.0,,,,,Reserve / unlisted,0,0,2025 production baseline,0,Fair,,,,,LAR,Unrated
00-0041366,Jameson Geers,TE,ARI,ACT,0.0,1.0,Jameson Geers,TE,ARI,,,,,,,,,,,Unavailable,80.0,,,,,Reserve / unlisted,0,0,2025 production baseline,0,Fair,,,,,LAC,Unrated
00-0041368,Harrison Wallace,WR,ARI,ACT,0.0,1.0,Harrison Wallace,WR,ARI,,,,,,,,,,,Unavailable,80.0,,,,,Reserve / unlisted,0,0,2025 production baseline,0,Fair,,,,,LAC,Unrated
00-0041373,Jerand Bradley,WR,LAC,ACT,0.0,1.0,Jerand Bradley,WR,LAC,,,,,,,,,,,Unavailable,80.0,,,,,Reserve / unlisted,0,0,2025 production baseline,0,Fair,,,,,ARI,Unrated
00-0041374,Sincere Brown,WR,LAC,ACT,0.0,1.0,Sincere Brown,WR,LAC,,,,,,,,,,,Unavailable,80.0,,,,,Reserve / unlisted,0,0,2025 production baseline,0,Fair,,,,,ARI,Unrated
00-0041376,Gregory Desrosiers,RB,LAC,ACT,0.0,1.0,Gregory Desrosiers,RB,LAC,,,,,,,,,,,Unavailable,80.0,,,,,Reserve / unlisted,0,0,2025 production baseline,0,Fair,,,,,ARI,Unrated
00-0041380,Devonte Ross,WR,LAC,ACT,0.0,1.0,Devonte Ross,WR,LAC,,,,,,,,,,,Unavailable,80.0,,,,,Reserve / unlisted,0,0,2025 production baseline,0,Fair,,,,,ARI,Unrated
00-0041384,Evan Svoboda,TE,LAC,ACT,0.0,1.0,Evan Svoboda,TE,LAC,,,,,,,,,,,Unavailable,80.0,,,,,Reserve / unlisted,0,0,2025 production baseline,0,Fair,,,,,ARI,Unrated
00-0041395,Eli Raridon,TE,NE,ACT,0.0,1.0,Eli Raridon,TE,NE,,,,,,,,,,,Unavailable,80.0,,,,,Reserve / unlisted,0,0,2025 production baseline,0,Fair,,,,,SEA,Unrated
00-0041397,Kaden Wetjen,WR,PIT,ACT,0.0,1.0,Kaden Wetjen,WR,PIT,,,,,,,,,,,Unavailable,80.0,,,,,Reserve / unlisted,0,0,2025 production baseline,0,Fair,,,,,ATL,Unrated
00-0041398,Riley Nowakowski,TE,PIT,ACT,0.0,1.0,Riley Nowakowski,TE,PIT,,,,,,,,,,,Unavailable,80.0,,,,,Reserve / unlisted,0,0,2025 production baseline,0,Fair,,,,,ATL,Unrated
00-0041399,C.J. Daniels,WR,LAR,ACT,0.0,1.0,C.J. Daniels,WR,LAR,,,,,,,,,,,Unavailable,80.0,,,,,Reserve / unlisted,0,0,2025 production baseline,0,Fair,,,,,SF,Unrated
00-0041403,Rohan Jones,TE,LAR,ACT,0.0,1.0,Rohan Jones,TE,LAR,,,,,,,,,,,Unavailable,80.0,,,,,Reserve / unlisted,0,0,2025 production baseline,0,Fair,,,,,SF,Unrated
00-0041407,Kyron Hudson,WR,CHI,ACT,0.0,1.0,Kyron Hudson,WR,CHI,,,,,,,,,,,Unavailable,80.0,,,,,Reserve / unlisted,0,0,2025 production baseline,0,Fair,,,,,CAR,Unrated
00-0041414,Matthew Caldwell,QB,LAR,ACT,0.0,1.0,Matthew Caldwell,QB,LAR,,,,,,,,,,,Unavailable,80.0,,,,,Reserve / unlisted,0,0,2025 production baseline,0,Fair,,,,,SF,Unrated
00-0041415,Dean Connors,RB,LAR,ACT,0.0,1.0,Dean Connors,RB,LAR,,,,,,,,,,,Unavailable,80.0,,,,,Reserve / unlisted,0,0,2025 production baseline,0,Fair,,,,,SF,Unrated
00-0041422,Dan Villari,TE,LAR,ACT,0.0,1.0,Dan Villari,TE,LAR,,,,,,,,,,,Unavailable,80.0,,,,,Reserve / unlisted,0,0,2025 production baseline,0,Fair,,,,,SF,Unrated
00-0041433,Kadarius Calloway,RB,TB,ACT,0.0,1.0,Kadarius Calloway,RB,TB,,,,,,,,,,,Unavailable,80.0,,,,,Reserve / unlisted,0,0,2025 production baseline,0,Fair,,,,,CIN,Unrated
00-0041435,Dean Patterson,WR,TB,ACT,0.0,1.0,Dean Patterson,WR,TB,,,,,,,,,,,Unavailable,80.0,,,,,Reserve / unlisted,0,0,2025 production baseline,0,Fair,,,,,CIN,Unrated
00-0041436,D.J. Herman,RB,MIA,ACT,0.0,1.0,D.J. Herman,RB,MIA,,,,,,,,,,,Unavailable,80.0,,,,,Reserve / unlisted,0,0,2025 production baseline,0,Fair,,,,,LV,Unrated
00-0041438,Carnell Tate,WR,TEN,ACT,0.0,1.0,Carnell Tate,WR,TEN,,,,,,,,,,,Unavailable,80.0,,,,,Reserve / unlisted,0,0,2025 production baseline,0,Fair,,,,,NYJ,Unrated
00-0041443,Skyler Bell,WR,BUF,ACT,0.0,1.0,Skyler Bell,WR,BUF,,,,,,,,,,,Unavailable,80.0,,,,,Reserve / unlisted,0,0,2025 production baseline,0,Fair,,,,,HOU,Unrated
00-0041446,Kendrick Law,WR,DET,ACT,0.0,1.0,Kendrick Law,WR,DET,,,,,,,,,,,Unavailable,80.0,,,,,Reserve / unlisted,0,0,2025 production baseline,0,Fair,,,,,NO,Unrated
00-0041451,Brock Rechsteiner,WR,NO,ACT,0.0,1.0,Brock Rechsteiner,WR,NO,,,,,,,,,,,Unavailable,80.0,,,,,Reserve / unlisted,0,0,2025 production baseline,0,Fair,,,,,DET,Unrated
00-0041452,Johnny Pascuzzi,TE,LAC,ACT,0.0,1.0,Johnny Pascuzzi,TE,LAC,,,,,,,,,,,Unavailable,80.0,,,,,Reserve / unlisted,0,0,2025 production baseline,0,Fair,,,,,ARI,Unrated
00-0041453,Luke Altmyer,QB,DET,ACT,0.0,1.0,Luke Altmyer,QB,DET,,,,,,,,,,,Unavailable,80.0,QB,3.0,9.0,2026-07-23 09:22:29+00:00,Reserve / unlisted,0,0,2025 production baseline,0,Fair,,,,,NO,Unrated
00-0041457,Miles Kitselman,TE,DET,ACT,0.0,1.0,Miles Kitselman,TE,DET,,,,,,,,,,,Unavailable,80.0,,,,,Reserve / unlisted,0,0,2025 production baseline,0,Fair,,,,,NO,Unrated
00-0041467,Lewis Bond,WR,HOU,ACT,0.0,1.0,Lewis Bond,WR,HOU,,,,,,,,,,,Unavailable,80.0,,,,,Reserve / unlisted,0,0,2025 production baseline,0,Fair,,,,,BUF,Unrated
00-0041472,Marlin Klein,TE,HOU,ACT,0.0,1.0,Marlin Klein,TE,HOU,,,,,,,,,,,Unavailable,80.0,,,,,Reserve / unlisted,0,0,2025 production baseline,0,Fair,,,,,BUF,Unrated
00-0041474,Mante Morrow,WR,LAC,ACT,0.0,1.0,Mante Morrow,WR,LAC,,,,,,,,,,,Unavailable,80.0,,,,,Reserve / unlisted,0,0,2025 production baseline,0,Fair,,,,,ARI,Unrated
00-0041475,Trayvon Rudolph,WR,MIN,ACT,0.0,1.0,Trayvon Rudolph,WR,MIN,,,,,,,,,,,Unavailable,80.0,,,,,Reserve / unlisted,0,0,2025 production baseline,0,Fair,,,,,GB,Unrated
00-0041476,Rashad Rochelle,WR,SEA,ACT,0.0,1.0,Rashad Rochelle,WR,SEA,,,,,,,,,,,Unavailable,80.0,,,,,Reserve / unlisted,0,0,2025 production baseline,0,Fair,,,,,NE,Unrated
00-0041481,Terrill Davis,WR,MIN,ACT,0.0,1.0,Terrill Davis,WR,MIN,,,,,,,,,,,Unavailable,80.0,,,,,Reserve / unlisted,0,0,2025 production baseline,0,Fair,,,,,GB,Unrated
00-0041483,Eli Stowers,TE,PHI,ACT,0.0,1.0,Eli Stowers,TE,PHI,,,,,,,,,,,Unavailable,80.0,,,,,Reserve / unlisted,0,0,2025 production baseline,0,Fair,,,,,WAS,Unrated
00-0041485,Miles Davis,RB,CAR,ACT,0.0,1.0,Miles Davis,RB,CAR,,,,,,,,,,,Unavailable,80.0,,,,,Reserve / unlisted,0,0,2025 production baseline,0,Fair,,,,,CHI,Unrated
00-0041486,Anderson Castle,RB,IND,ACT,0.0,1.0,Anderson Castle,RB,IND,,,,,,,,,,,Unavailable,80.0,,,,,Reserve / unlisted,0,0,2025 production baseline,0,Fair,,,,,BAL,Unrated
00-0041489,Germie Bernard,WR,PIT,ACT,0.0,1.0,Germie Bernard,WR,PIT,,,,,,,,,,,Unavailable,80.0,,,,,Reserve / unlisted,0,0,2025 production baseline,0,Fair,,,,,ATL,Unrated
00-0041490,Eli Heidenreich,RB,PIT,ACT,0.0,1.0,Eli Heidenreich,RB,PIT,,,,,,,,,,,Unavailable,80.0,,,,,Reserve / unlisted,0,0,2025 production baseline,0,Fair,,,,,ATL,Unrated
00-0041491,Aaron Anderson,WR,CLE,ACT,0.0,1.0,Aaron Anderson,WR,CLE,,,,,,,,,,,Unavailable,80.0,,,,,Reserve / unlisted,0,0,2025 production baseline,0,Fair,,,,,JAX,Unrated
00-0041496,Jonah Coleman,RB,DEN,ACT,0.0,1.0,Jonah Coleman,RB,DEN,,,,,,,,,,,Unavailable,80.0,,,,,Reserve / unlisted,0,0,2025 production baseline,0,Fair,,,,,KC,Unrated
00-0041503,Nate Boerkircher,TE,JAX,ACT,0.0,1.0,Nate Boerkircher,TE,JAX,,,,,,,,,,,Unavailable,80.0,,,,,Reserve / unlisted,0,0,2025 production baseline,0,Fair,,,,,CLE,Unrated
00-0041510,Max Klare,TE,LAR,ACT,0.0,1.0,Max Klare,TE,LAR,,,,,,,,,,,Unavailable,80.0,,,,,Reserve / unlisted,0,0,2025 production baseline,0,Fair,,,,,SF,Unrated
00-0041511,Omar Cooper,WR,NYJ,ACT,0.0,1.0,Omar Cooper,WR,NYJ,,,,,,,,,,,Unavailable,80.0,,,,,Reserve / unlisted,0,0,2025 production baseline,0,Fair,,,,,TEN,Unrated
00-0041512,Jadarian Price,RB,SEA,ACT,0.0,1.0,Jadarian Price,RB,SEA,,,,,,,,,,,Unavailable,80.0,,,,,Reserve / unlisted,0,0,2025 production baseline,0,Fair,,,,,NE,Unrated
00-0041516,Romello Brinson,WR,DAL,ACT,0.0,1.0,Romello Brinson,WR,DAL,,,,,,,,,,,Unavailable,80.0,,,,,Reserve / unlisted,0,0,2025 production baseline,0,Fair,,,,,NYG,Unrated
00-0041523,Caleb Douglas,WR,MIA,ACT,0.0,1.0,Caleb Douglas,WR,MIA,,,,,,,,,,,Unavailable,80.0,,,,,Reserve / unlisted,0,0,2025 production baseline,0,Fair,,,,,LV,Unrated
00-0041524,Will Kacmarek,TE,MIA,ACT,0.0,1.0,Will Kacmarek,TE,MIA,,,,,,,,,,,Unavailable,80.0,,,,,Reserve / unlisted,0,0,2025 production baseline,0,Fair,,,,,LV,Unrated
00-0041525,Chris Bell,WR,MIA,ACT,0.0,1.0,Chris Bell,WR,MIA,,,,,,,,,,,Unavailable,80.0,,,,,Reserve / unlisted,0,0,2025 production baseline,0,Fair,,,,,LV,Unrated
00-0041529,Kevin Coleman,WR,MIA,ACT,0.0,1.0,Kevin Coleman,WR,MIA,,,,,,,,,,,Unavailable,80.0,,,,,Reserve / unlisted,0,0,2025 production baseline,0,Fair,,,,,LV,Unrated
00-0041535,Louis Hansen,TE,HOU,ACT,0.0,1.0,Louis Hansen,TE,HOU,,,,,,,,,,,Unavailable,80.0,,,,,Reserve / unlisted,0,0,2025 production baseline,0,Fair,,,,,BUF,Unrated
00-0041536,Kyre Duplessis,WR,DET,ACT,0.0,1.0,Kyre Duplessis,WR,DET,,,,,,,,,,,Unavailable,80.0,,,,,Reserve / unlisted,0,0,2025 production baseline,0,Fair,,,,,NO,Unrated
00-0041542,Malick Meiga,WR,CAR,ACT,0.0,1.0,Malick Meiga,WR,CAR,,,,,,,,,,,Unavailable,80.0,,,,,Reserve / unlisted,0,0,2025 production baseline,0,Fair,,,,,CHI,Unrated
00-0041547,K.C. Concepcion,WR,CLE,ACT,0.0,1.0,K.C. Concepcion,WR,CLE,,,,,,,,,,,Unavailable,80.0,,,,,Reserve / unlisted,0,0,2025 production baseline,0,Fair,,,,,JAX,Unrated
