player_id,player,game,season,week,opponent_team,ppr_points,target_share,air_yard_share,targets,carries
00-0023459,Aaron Rodgers,2024 W14,2024,14,MIA,19.560000000000002,,,0,0
00-0023459,Aaron Rodgers,2024 W15,2024,15,JAX,36.06,,,0,6
00-0023459,Aaron Rodgers,2024 W16,2024,16,LA,14.840000000000003,,,0,1
00-0023459,Aaron Rodgers,2024 W17,2024,17,BUF,0.4800000000000004,,,0,0
00-0023459,Aaron Rodgers,2024 W18,2024,18,MIA,32.96,,,0,0
00-0026158,Joe Flacco,2024 W6,2024,6,TEN,17.660000000000004,,,0,1
00-0026158,Joe Flacco,2024 W9,2024,9,MIN,3.0600000000000005,,,0,2
00-0026158,Joe Flacco,2024 W10,2024,10,BUF,14.880000000000003,,,0,0
00-0026158,Joe Flacco,2024 W17,2024,17,NYG,19.300000000000004,,,0,1
00-0026158,Joe Flacco,2024 W18,2024,18,JAX,16.560000000000002,,,0,0
00-0026300,Josh Johnson,2024 W4,2024,4,BUF,0.04,,,0,0
00-0026300,Josh Johnson,2024 W9,2024,9,DEN,0.2,,,0,3
00-0026300,Josh Johnson,2024 W15,2024,15,NYG,-0.1,,,0,1
00-0026300,Josh Johnson,2024 W17,2024,17,HOU,0.64,,,0,0
00-0026498,Matthew Stafford,2024 W13,2024,13,NO,19.62,,,0,4
00-0026498,Matthew Stafford,2024 W14,2024,14,BUF,24.8,,,0,0
00-0026498,Matthew Stafford,2024 W15,2024,15,SF,8.200000000000001,,,0,4
00-0026498,Matthew Stafford,2024 W16,2024,16,NYJ,8.0,,,0,3
00-0026498,Matthew Stafford,2024 W17,2024,17,ARI,9.16,,,0,6
00-0027973,Andy Dalton,2024 W3,2024,3,LV,30.56,,,0,2
00-0027973,Andy Dalton,2024 W4,2024,4,CIN,19.7,,,0,3
00-0027973,Andy Dalton,2024 W5,2024,5,CHI,3.74,,,0,1
00-0027973,Andy Dalton,2024 W6,2024,6,ATL,18.94,,,0,3
00-0027973,Andy Dalton,2024 W7,2024,7,WAS,0.02000000000000024,,,0,2
00-0028118,Tyrod Taylor,2023 W16,2023,16,PHI,11.42,,,0,2
00-0028118,Tyrod Taylor,2023 W17,2023,17,LA,20.759999999999998,,,0,6
00-0028118,Tyrod Taylor,2023 W18,2023,18,PHI,19.680000000000003,,,0,8
00-0028118,Tyrod Taylor,2024 W1,2024,1,SF,8.139999999999999,,,0,1
00-0028118,Tyrod Taylor,2024 W17,2024,17,BUF,17.92,,,0,2
00-0028986,Case Keenum,2023 W15,2023,15,TEN,13.26,,,0,2
00-0028986,Case Keenum,2023 W16,2023,16,CLE,-1.52,,,0,0
00-0029604,Kirk Cousins,2024 W10,2024,10,NO,10.24,,,0,0
00-0029604,Kirk Cousins,2024 W11,2024,11,DEN,4.92,,,0,1
00-0029604,Kirk Cousins,2024 W13,2024,13,LAC,2.1000000000000005,,,0,1
00-0029604,Kirk Cousins,2024 W14,2024,14,MIN,9.76,,,0,0
00-0029604,Kirk Cousins,2024 W15,2024,15,LV,8.48,,,0,3
00-0029892,Kyle Juszczyk,2024 W13,2024,13,BUF,-2.1,,,0,1
00-0029892,Kyle Juszczyk,2024 W14,2024,14,CHI,1.3,0.0769230769230769,0.113636363636364,2,0
00-0029892,Kyle Juszczyk,2024 W16,2024,16,MIA,3.6,0.0810810810810811,0.021978021978022,3,1
00-0029892,Kyle Juszczyk,2024 W17,2024,17,DET,7.9,0.0555555555555556,0.0477611940298508,2,0
00-0029892,Kyle Juszczyk,2024 W18,2024,18,ARI,12.9,0.0714285714285714,0.0925373134328358,3,0
00-0030506,Travis Kelce,2024 W13,2024,13,LV,13.8,0.288888888888889,0.205194805194805,13,0
00-0030506,Travis Kelce,2024 W14,2024,14,LAC,9.5,0.166666666666667,0.184615384615385,6,0
00-0030506,Travis Kelce,2024 W15,2024,15,CLE,6.7,0.210526315789474,0.263157894736842,8,0
00-0030506,Travis Kelce,2024 W16,2024,16,HOU,8.0,0.170731707317073,0.141630901287554,7,0
00-0030506,Travis Kelce,2024 W17,2024,17,PIT,22.4,0.289473684210526,0.236111111111111,11,0
00-0030565,Geno Smith,2024 W14,2024,14,ARI,15.32,,,0,1
00-0030565,Geno Smith,2024 W15,2024,15,GB,4.46,,,0,1
00-0030565,Geno Smith,2024 W16,2024,16,MIN,27.360000000000003,,,0,1
00-0030565,Geno Smith,2024 W17,2024,17,CHI,8.3,,,0,3
00-0030565,Geno Smith,2024 W18,2024,18,LA,34.32,,,0,2
00-0031235,Odell Beckham Jr.,2024 W10,2024,10,LA,3.7,0.0714285714285714,0.0980392156862745,2,0
00-0031235,Odell Beckham Jr.,2024 W11,2024,11,LV,3.3,0.114285714285714,0.140449438202247,4,0
00-0031235,Odell Beckham Jr.,2024 W12,2024,12,NE,0.0,0.075,0.162995594713656,3,0
00-0031235,Odell Beckham Jr.,2024 W13,2024,13,GB,1.9,0.0434782608695652,0.0993589743589744,2,0
00-0031235,Odell Beckham Jr.,2024 W14,2024,14,NYJ,1.1,0.0222222222222222,0.0,1,0
00-0031237,Teddy Bridgewater,2023 W5,2023,5,CAR,-0.2,,,0,2
00-0031381,Davante Adams,2024 W14,2024,14,MIA,25.9,0.282051282051282,0.288973384030418,11,0
00-0031381,Davante Adams,2024 W15,2024,15,JAX,42.8,0.428571428571429,0.449567723342939,12,0
00-0031381,Davante Adams,2024 W16,2024,16,LA,19.8,0.30952380952381,0.429864253393665,13,0
00-0031381,Davante Adams,2024 W17,2024,17,BUF,9.7,0.258064516129032,0.111111111111111,8,0
00-0031381,Davante Adams,2024 W18,2024,18,MIA,20.8,0.342857142857143,0.551724137931035,12,0
00-0031408,Mike Evans,2024 W14,2024,14,LV,10.9,0.178571428571429,0.308755760368664,5,0
00-0031408,Mike Evans,2024 W15,2024,15,LAC,36.9,0.423076923076923,0.557377049180328,11,0
00-0031408,Mike Evans,2024 W16,2024,16,DAL,11.9,0.186046511627907,0.314769975786925,8,0
00-0031408,Mike Evans,2024 W17,2024,17,CAR,29.700000000000003,0.28125,0.363984674329502,9,0
00-0031408,Mike Evans,2024 W18,2024,18,NO,17.9,0.451612903225806,0.590361445783133,14,0
00-0031484,Chris Manhertz,2023 W10,2023,10,BUF,1.6,0.0344827586206897,0.03,1,0
00-0031484,Chris Manhertz,2024 W8,2024,8,PIT,0.0,0.027027027027027,0.0116959064327485,1,0
00-0031484,Chris Manhertz,2024 W9,2024,9,WAS,7.2,0.0384615384615385,0.0103626943005181,1,0
00-0031484,Chris Manhertz,2024 W17,2024,17,IND,2.2,0.0454545454545455,0.0382513661202186,1,0
00-0031484,Chris Manhertz,2024 W18,2024,18,PHI,2.6,0.0357142857142857,0.0198019801980198,1,0
00-0031503,Jameis Winston,2024 W11,2024,11,NO,30.6,,,0,1
00-0031503,Jameis Winston,2024 W12,2024,12,PIT,13.46,,,0,3
00-0031503,Jameis Winston,2024 W13,2024,13,DEN,40.98,,,0,3
00-0031503,Jameis Winston,2024 W14,2024,14,PIT,19.28,,,0,4
00-0031503,Jameis Winston,2024 W15,2024,15,KC,-0.36000000000000015,,,0,2
00-0031595,Michael Burton,2024 W11,2024,11,ATL,1.0,0.03125,-0.0151515151515152,1,2
00-0031595,Michael Burton,2024 W12,2024,12,LV,2.1,0.0256410256410256,0.0,1,1
00-0031595,Michael Burton,2024 W13,2024,13,CLE,6.1,,,0,1
00-0031595,Michael Burton,2024 W16,2024,16,LAC,10.9,0.0769230769230769,0.0238095238095238,3,0
00-0031595,Michael Burton,2024 W18,2024,18,KC,0.30000000000000004,,,0,1
00-0032104,Ameer Abdullah,2024 W13,2024,13,KC,7.300000000000001,0.0588235294117647,0.0075471698113207,2,10
00-0032104,Ameer Abdullah,2024 W14,2024,14,TB,0.8,0.0571428571428571,0.0149253731343284,2,1
00-0032104,Ameer Abdullah,2024 W15,2024,15,ATL,19.6,0.205882352941176,0.0493421052631579,7,3
00-0032104,Ameer Abdullah,2024 W16,2024,16,JAX,19.5,0.162162162162162,0.108225108225108,6,7
00-0032104,Ameer Abdullah,2024 W17,2024,17,NO,17.7,0.114285714285714,0.0206489675516224,4,20
00-0032156,Trevor Siemian,2023 W13,2023,13,ATL,1.4400000000000004,,,0,1
00-0032156,Trevor Siemian,2023 W15,2023,15,MIA,-1.5999999999999996,,,0,0
00-0032156,Trevor Siemian,2023 W16,2023,16,WAS,12.48,,,0,4
00-0032156,Trevor Siemian,2023 W17,2023,17,CLE,15.739999999999998,,,0,4
00-0032156,Trevor Siemian,2023 W18,2023,18,NE,2.9000000000000004,,,0,2
00-0032208,Phillip Dorsett,2023 W1,2023,1,LV,0.0,0.03125,0.159090909090909,1,0
00-0032208,Phillip Dorsett,2023 W17,2023,17,LAC,0.0,0.0666666666666667,0.26027397260274,2,0
00-0032268,Marcus Mariota,2023 W13,2023,13,SF,1.2400000000000002,,,0,2
00-0032268,Marcus Mariota,2023 W18,2023,18,NYG,12.52,,,0,6
00-0032268,Marcus Mariota,2024 W5,2024,5,CLE,0.12000000000000001,,,0,2
00-0032268,Marcus Mariota,2024 W7,2024,7,CAR,23.6,,,0,11
00-0032268,Marcus Mariota,2024 W18,2024,18,DAL,30.040000000000003,,,0,5
00-0032392,Austin Hooper,2024 W13,2024,13,IND,14.2,0.133333333333333,0.156565656565657,4,0
00-0032392,Austin Hooper,2024 W15,2024,15,ARI,6.800000000000001,0.130434782608696,0.127167630057803,3,0
00-0032392,Austin Hooper,2024 W16,2024,16,BUF,9.5,0.161290322580645,0.208695652173913,5,0
00-0032392,Austin Hooper,2024 W17,2024,17,LAC,4.9,0.130434782608696,0.0700934579439252,3,0
00-0032392,Austin Hooper,2024 W18,2024,18,BUF,6.7,0.214285714285714,0.0880281690140845,6,0
00-0032434,Brandon Allen,2024 W1,2024,1,NYJ,-0.1,,,0,1
00-0032434,Brandon Allen,2024 W12,2024,12,GB,10.46,,,0,2
00-0032434,Brandon Allen,2024 W14,2024,14,CHI,-2.0,,,0,0
00-0032464,Kalif Raymond,2024 W8,2024,8,TEN,15.4,0.111111111111111,0.0,2,0
00-0032464,Kalif Raymond,2024 W9,2024,9,GB,1.0,0.05,-0.0487804878048781,1,1
00-0032464,Kalif Raymond,2024 W11,2024,11,JAX,5.0,0.0645161290322581,0.0852713178294574,2,0
00-0032464,Kalif Raymond,2024 W12,2024,12,IND,0.0,0.0303030303030303,0.0796019900497513,1,0
00-0032464,Kalif Raymond,2024 W18,2024,18,MIN,2.1,0.03125,0.0294117647058824,1,0
00-0032764,Derrick Henry,2024 W13,2024,13,PHI,14.100000000000001,0.0857142857142857,0.0085714285714285,3,19
00-0032764,Derrick Henry,2024 W15,2024,15,NYG,6.7,,,0,14
00-0032764,Derrick Henry,2024 W16,2024,16,PIT,20.9,0.0869565217391304,-0.0178571428571429,2,24
00-0032764,Derrick Henry,2024 W17,2024,17,HOU,24.500000000000004,0.125,0.0052910052910052,2,27
00-0032764,Derrick Henry,2024 W18,2024,18,CLE,30.1,0.1,0.0287769784172662,3,20
00-0032775,Demarcus Robinson,2024 W14,2024,14,BUF,0.0,0.0333333333333333,0.0971223021582734,1,0
00-0032775,Demarcus Robinson,2024 W15,2024,15,SF,0.0,0.0384615384615385,0.0621468926553672,1,0
00-0032775,Demarcus Robinson,2024 W16,2024,16,NYJ,0.0,0.0526315789473684,0.391304347826087,1,0
00-0032775,Demarcus Robinson,2024 W17,2024,17,ARI,0.0,0.0714285714285714,0.180232558139535,2,0
00-0032775,Demarcus Robinson,2024 W18,2024,18,SEA,10.2,0.15,0.388059701492537,6,0
00-0032950,Carson Wentz,2023 W18,2023,18,SF,30.12,,,0,17
00-0032950,Carson Wentz,2024 W15,2024,15,CLE,0.8,,,0,3
00-0032950,Carson Wentz,2024 W18,2024,18,DEN,3.92,,,0,0
00-0032951,Laquon Treadwell,2023 W18,2023,18,PIT,2.6,0.115384615384615,0.235294117647059,3,0
00-0033077,Dak Prescott,2024 W4,2024,4,NYG,20.74,,,0,2
00-0033077,Dak Prescott,2024 W5,2024,5,PIT,20.38,,,0,1
00-0033077,Dak Prescott,2024 W6,2024,6,DET,3.22,,,0,1
00-0033077,Dak Prescott,2024 W8,2024,8,SF,17.619999999999997,,,0,1
00-0033077,Dak Prescott,2024 W9,2024,9,ATL,14.32,,,0,3
00-0033090,Hunter Henry,2024 W12,2024,12,MIA,9.4,0.216216216216216,0.26027397260274,8,0
00-0033090,Hunter Henry,2024 W13,2024,13,IND,14.5,0.3,0.348484848484849,9,0
00-0033090,Hunter Henry,2024 W15,2024,15,ARI,6.5,0.173913043478261,0.0578034682080925,4,0
00-0033090,Hunter Henry,2024 W16,2024,16,BUF,13.9,0.258064516129032,0.217391304347826,8,0
00-0033090,Hunter Henry,2024 W17,2024,17,LAC,0.0,0.0869565217391304,0.11214953271028,2,0
00-0033106,Jared Goff,2024 W14,2024,14,GB,28.02,,,0,4
00-0033106,Jared Goff,2024 W15,2024,15,BUF,51.06,,,0,2
00-0033106,Jared Goff,2024 W16,2024,16,CHI,31.339999999999996,,,0,1
00-0033106,Jared Goff,2024 W17,2024,17,SF,31.82,,,0,3
00-0033106,Jared Goff,2024 W18,2024,18,MIN,11.24,,,0,0
00-0033110,Tyler Higbee,2023 W16,2023,16,NO,6.0,0.09375,0.0246478873239437,3,0
00-0033110,Tyler Higbee,2023 W17,2023,17,NYG,12.2,0.205882352941176,0.0606060606060606,7,0
00-0033110,Tyler Higbee,2024 W16,2024,16,NYJ,8.1,0.105263157894737,0.101449275362319,2,0
00-0033110,Tyler Higbee,2024 W17,2024,17,ARI,2.9,0.107142857142857,0.0406976744186047,3,0
00-0033110,Tyler Higbee,2024 W18,2024,18,SEA,15.600000000000001,0.175,0.0597014925373134,7,0
00-0033119,Jacoby Brissett,2024 W3,2024,3,NYJ,3.92,,,0,0
00-0033119,Jacoby Brissett,2024 W4,2024,4,SF,9.02,,,0,2
00-0033119,Jacoby Brissett,2024 W5,2024,5,MIA,7.4,,,0,1
00-0033119,Jacoby Brissett,2024 W8,2024,8,NYJ,8.38,,,0,3
00-0033119,Jacoby Brissett,2024 W17,2024,17,LAC,-0.08,,,0,0
00-0033217,Mo Alie-Cox,2024 W11,2024,11,NYJ,3.7,0.107142857142857,0.0716845878136201,3,0
00-0033217,Mo Alie-Cox,2024 W13,2024,13,NE,3.5,0.0833333333333333,0.0279187817258883,2,0
00-0033217,Mo Alie-Cox,2024 W16,2024,16,TEN,2.5,0.181818181818182,0.101123595505618,2,0
00-0033217,Mo Alie-Cox,2024 W17,2024,17,NYG,0.0,0.027027027027027,0.0613333333333333,1,0
00-0033217,Mo Alie-Cox,2024 W18,2024,18,JAX,0.0,0.0256410256410256,0.0483870967741936,1,0
00-0033246,Johnny Mundt,2024 W11,2024,11,TEN,2.3,0.0333333333333333,0.0,1,0
00-0033246,Johnny Mundt,2024 W12,2024,12,CHI,1.7000000000000002,0.03125,0.0113207547169811,1,0
00-0033246,Johnny Mundt,2024 W13,2024,13,ARI,10.2,0.0666666666666667,0.0048780487804878,2,0
00-0033246,Johnny Mundt,2024 W15,2024,15,CHI,0.0,0.027027027027027,-0.0167224080267559,1,0
00-0033246,Johnny Mundt,2024 W17,2024,17,GB,1.7000000000000002,0.024390243902439,0.0064935064935064,1,0
00-0033280,Christian McCaffrey,2023 W17,2023,17,WAS,13.100000000000001,0.185185185185185,0.0489130434782609,5,14
00-0033280,Christian McCaffrey,2024 W10,2024,10,TB,16.700000000000003,0.205882352941176,0.14859437751004,7,13
00-0033280,Christian McCaffrey,2024 W11,2024,11,SEA,14.600000000000001,0.178571428571429,0.130718954248366,5,19
00-0033280,Christian McCaffrey,2024 W12,2024,12,GB,7.800000000000001,0.153846153846154,0.0406091370558376,4,11
00-0033280,Christian McCaffrey,2024 W13,2024,13,BUF,8.700000000000001,0.176470588235294,-0.0543478260869565,3,7
00-0033288,George Kittle,2024 W14,2024,14,CHI,21.1,0.230769230769231,0.181818181818182,6,0
00-0033288,George Kittle,2024 W15,2024,15,LA,10.100000000000001,0.225806451612903,0.31989247311828,7,0
00-0033288,George Kittle,2024 W16,2024,16,MIA,18.6,0.243243243243243,0.203296703296703,9,0
00-0033288,George Kittle,2024 W17,2024,17,DET,19.200000000000003,0.222222222222222,0.173134328358209,8,0
00-0033288,George Kittle,2024 W18,2024,18,ARI,4.7,0.0714285714285714,0.107462686567164,3,0
00-0033293,Aaron Jones,2024 W14,2024,14,ATL,16.400000000000002,0.0714285714285714,-0.0068728522336769,2,13
00-0033293,Aaron Jones,2024 W15,2024,15,CHI,18.6,0.0810810810810811,-0.0133779264214047,3,18
00-0033293,Aaron Jones,2024 W16,2024,16,SEA,12.299999999999999,0.142857142857143,-0.0261194029850746,5,18
00-0033293,Aaron Jones,2024 W17,2024,17,GB,11.7,0.121951219512195,0.0292207792207792,5,12
00-0033293,Aaron Jones,2024 W18,2024,18,DET,12.5,0.157894736842105,0.0,6,10
00-0033307,Kendrick Bourne,2024 W13,2024,13,IND,7.5,0.1,0.141414141414141,3,1
00-0033307,Kendrick Bourne,2024 W15,2024,15,ARI,7.4,0.130434782608696,0.225433526011561,3,0
00-0033307,Kendrick Bourne,2024 W16,2024,16,BUF,3.8,0.0645161290322581,0.0608695652173913,2,0
00-0033307,Kendrick Bourne,2024 W17,2024,17,LAC,4.2,0.173913043478261,0.191588785046729,4,0
00-0033307,Kendrick Bourne,2024 W18,2024,18,BUF,3.2,0.0714285714285714,0.0352112676056338,2,0
00-0033319,Nick Mullens,2023 W18,2023,18,DET,24.64,,,0,2
00-0033319,Nick Mullens,2024 W3,2024,3,HOU,0.0,,,0,1
00-0033319,Nick Mullens,2024 W5,2024,5,NYJ,0.96,,,0,0
00-0033319,Nick Mullens,2024 W12,2024,12,CHI,0.56,,,0,0
00-0033319,Nick Mullens,2024 W14,2024,14,ATL,-0.2,,,0,2
00-0033375,Tim Patrick,2024 W14,2024,14,GB,22.3,0.175,0.183035714285714,7,0
00-0033375,Tim Patrick,2024 W15,2024,15,BUF,13.0,0.148148148148148,0.206467661691542,8,0
00-0033375,Tim Patrick,2024 W16,2024,16,CHI,0.0,0.03125,0.116666666666667,1,0
00-0033375,Tim Patrick,2024 W17,2024,17,SF,2.0,,,0,0
00-0033375,Tim Patrick,2024 W18,2024,18,MIN,3.5,0.0625,0.0470588235294118,2,0
00-0033376,Patrick Ricard,2024 W2,2024,2,LV,0.0,0.032258064516129,-0.0183823529411765,1,0
00-0033376,Patrick Ricard,2024 W7,2024,7,TB,0.0,0.0476190476190476,0.0397727272727273,1,0
00-0033376,Patrick Ricard,2024 W9,2024,9,DEN,7.3,0.0526315789473684,0.0066666666666666,1,0
00-0033376,Patrick Ricard,2024 W11,2024,11,PIT,1.5,0.032258064516129,0.0066006600660066,1,0
00-0033376,Patrick Ricard,2024 W18,2024,18,CLE,2.4000000000000004,0.0333333333333333,0.0035971223021582,1,0
00-0033526,Samaje Perine,2024 W14,2024,14,LAC,2.9000000000000004,0.0555555555555556,-0.0269230769230769,2,1
00-0033526,Samaje Perine,2024 W15,2024,15,CLE,4.4,0.0263157894736842,-0.0058479532163742,1,1
00-0033526,Samaje Perine,2024 W16,2024,16,HOU,8.0,0.0731707317073171,0.0042918454935622,3,0
00-0033526,Samaje Perine,2024 W17,2024,17,PIT,4.9,0.0526315789473684,0.0509259259259259,2,2
00-0033526,Samaje Perine,2024 W18,2024,18,DEN,2.4000000000000004,0.0588235294117647,0.0,1,1
00-0033537,Deshaun Watson,2024 W3,2024,3,NYG,20.44,,,0,4
00-0033537,Deshaun Watson,2024 W4,2024,4,LV,14.239999999999998,,,0,8
00-0033537,Deshaun Watson,2024 W5,2024,5,WAS,10.4,,,0,3
00-0033537,Deshaun Watson,2024 W6,2024,6,PHI,8.42,,,0,4
00-0033537,Deshaun Watson,2024 W7,2024,7,CIN,5.12,,,0,2
00-0033553,James Conner,2024 W13,2024,13,MIN,11.100000000000001,0.0930232558139535,-0.0162866449511401,4,17
00-0033553,James Conner,2024 W14,2024,14,SEA,22.2,0.105263157894737,-0.0382165605095541,4,18
00-0033553,James Conner,2024 W15,2024,15,NE,30.8,0.161290322580645,-0.0248447204968944,5,16
00-0033553,James Conner,2024 W16,2024,16,CAR,26.6,0.137931034482759,-0.0271739130434783,4,15
00-0033553,James Conner,2024 W17,2024,17,LA,2.8,0.0666666666666667,-0.0224358974358974,3,4
00-0033555,Mack Hollins,2024 W14,2024,14,LA,15.7,0.162162162162162,0.251063829787234,6,0
00-0033555,Mack Hollins,2024 W15,2024,15,DET,1.7000000000000002,0.09375,0.0641399416909621,3,0
00-0033555,Mack Hollins,2024 W16,2024,16,NE,4.5,0.111111111111111,0.115015974440895,3,0
00-0033555,Mack Hollins,2024 W17,2024,17,NYJ,5.300000000000001,0.0740740740740741,0.122641509433962,2,0
00-0033555,Mack Hollins,2024 W18,2024,18,NE,5.5,0.129032258064516,0.112068965517241,4,0
00-0033576,Eric Saubert,2024 W11,2024,11,SEA,1.7000000000000002,0.0357142857142857,0.0457516339869281,1,0
00-0033576,Eric Saubert,2024 W12,2024,12,GB,0.0,0.0384615384615385,0.0253807106598985,1,0
00-0033576,Eric Saubert,2024 W14,2024,14,CHI,1.4,0.0384615384615385,0.0113636363636364,1,0
00-0033576,Eric Saubert,2024 W16,2024,16,MIA,7.2,0.027027027027027,0.010989010989011,1,0
00-0033576,Eric Saubert,2024 W18,2024,18,ARI,5.7,0.119047619047619,0.0597014925373134,5,0
00-0033589,David Moore,2024 W14,2024,14,PHI,4.5,0.151515151515152,0.158904109589041,5,0
00-0033589,David Moore,2024 W15,2024,15,DAL,3.9000000000000004,0.148148148148148,0.080952380952381,4,0
00-0033589,David Moore,2024 W16,2024,16,ARI,11.9,0.125,0.304635761589404,3,1
00-0033589,David Moore,2024 W17,2024,17,TB,2.7,0.0454545454545455,0.055921052631579,1,0
00-0033589,David Moore,2024 W18,2024,18,ATL,7.9,0.0857142857142857,0.151612903225806,3,0
00-0033757,Robert Tonyan,2023 W12,2023,12,MIN,0.0,0.03125,-0.123456790123457,1,0
00-0033757,Robert Tonyan,2023 W15,2023,15,CLE,0.0,0.0285714285714286,0.121301775147929,1,0
00-0033757,Robert Tonyan,2023 W16,2023,16,ARI,2.4000000000000004,0.0434782608695652,0.0538461538461539,1,0
00-0033757,Robert Tonyan,2023 W17,2023,17,ATL,7.0,0.133333333333333,0.149425287356322,4,0
00-0033757,Robert Tonyan,2023 W18,2023,18,GB,0.0,0.0625,0.119718309859155,1,0
00-0033857,JuJu Smith-Schuster,2024 W14,2024,14,LAC,5.1,0.0555555555555556,0.0730769230769231,2,0
00-0033857,JuJu Smith-Schuster,2024 W15,2024,15,CLE,7.7,0.0789473684210526,0.043859649122807,3,0
00-0033857,JuJu Smith-Schuster,2024 W16,2024,16,HOU,0.0,0.024390243902439,0.0429184549356223,1,0
00-0033857,JuJu Smith-Schuster,2024 W17,2024,17,PIT,3.8,0.0526315789473684,0.0138888888888889,2,0
00-0033857,JuJu Smith-Schuster,2024 W18,2024,18,DEN,1.4,0.117647058823529,0.108333333333333,2,0
00-0033869,Mitchell Trubisky,2024 W8,2024,8,SEA,-0.30000000000000004,,,0,3
00-0033869,Mitchell Trubisky,2024 W10,2024,10,IND,-0.1,,,0,1
00-0033869,Mitchell Trubisky,2024 W13,2024,13,SF,-0.14000000000000004,,,0,4
00-0033869,Mitchell Trubisky,2024 W17,2024,17,NYJ,8.66,,,0,2
00-0033869,Mitchell Trubisky,2024 W18,2024,18,NE,11.239999999999998,,,0,4
00-0033873,Patrick Mahomes,2024 W13,2024,13,LV,18.64,,,0,2
00-0033873,Patrick Mahomes,2024 W14,2024,14,LAC,16.1,,,0,4
00-0033873,Patrick Mahomes,2024 W15,2024,15,CLE,19.759999999999998,,,0,2
00-0033873,Patrick Mahomes,2024 W16,2024,16,HOU,25.7,,,0,5
00-0033873,Patrick Mahomes,2024 W17,2024,17,PIT,32.0,,,0,1
00-0033881,Evan Engram,2024 W9,2024,9,PHI,11.5,0.333333333333333,0.254681647940075,10,0
00-0033881,Evan Engram,2024 W10,2024,10,MIN,10.0,0.380952380952381,0.301136363636364,8,0
00-0033881,Evan Engram,2024 W11,2024,11,DET,7.800000000000001,0.25,0.166180758017493,7,0
00-0033881,Evan Engram,2024 W13,2024,13,HOU,11.100000000000001,0.214285714285714,0.0718816067653277,9,0
00-0033881,Evan Engram,2024 W14,2024,14,TEN,7.300000000000001,0.2,0.0915032679738562,6,0
00-0033885,David Njoku,2024 W11,2024,11,NO,19.1,0.2,0.0466666666666667,9,0
00-0033885,David Njoku,2024 W12,2024,12,PIT,3.9,0.185185185185185,0.0966386554621849,5,0
00-0033885,David Njoku,2024 W13,2024,13,DEN,26.2,0.298245614035088,0.184959349593496,17,0
00-0033885,David Njoku,2024 W14,2024,14,PIT,17.2,0.351351351351351,0.343558282208589,13,0
00-0033885,David Njoku,2024 W16,2024,16,CIN,14.600000000000001,0.32258064516129,0.313513513513514,10,0
00-0033906,Alvin Kamara,2024 W10,2024,10,ATL,15.9,0.285714285714286,0.0982658959537572,6,17
00-0033906,Alvin Kamara,2024 W11,2024,11,CLE,12.899999999999999,0.142857142857143,-0.0821917808219178,4,16
00-0033906,Alvin Kamara,2024 W13,2024,13,LA,15.9,0.176470588235294,0.0043478260869565,6,23
00-0033906,Alvin Kamara,2024 W14,2024,14,NYG,12.9,0.161290322580645,0.0184049079754601,5,17
00-0033906,Alvin Kamara,2024 W15,2024,15,WAS,17.0,0.172413793103448,0.146953405017921,5,5
00-0033908,Cooper Kupp,2024 W13,2024,13,NO,4.7,0.260869565217391,0.269430051813472,6,0
00-0033908,Cooper Kupp,2024 W14,2024,14,BUF,20.200000000000003,0.266666666666667,0.37410071942446,8,0
00-0033908,Cooper Kupp,2024 W15,2024,15,SF,0.0,0.115384615384615,0.169491525423729,3,0
00-0033908,Cooper Kupp,2024 W16,2024,16,NYJ,5.4,0.157894736842105,0.318840579710145,3,0
00-0033908,Cooper Kupp,2024 W17,2024,17,ARI,3.9000000000000004,0.107142857142857,0.145348837209302,3,0
00-0033921,Chris Godwin Jr.,2024 W3,2024,3,DEN,17.3,0.28125,0.527777777777778,9,0
00-0033921,Chris Godwin Jr.,2024 W4,2024,4,PHI,12.9,0.191489361702128,0.129139072847682,9,0
00-0033921,Chris Godwin Jr.,2024 W5,2024,5,ATL,11.600000000000001,0.25,0.264462809917355,6,1
00-0033921,Chris Godwin Jr.,2024 W6,2024,6,NO,35.5,0.361111111111111,0.23394495412844,13,0
00-0033921,Chris Godwin Jr.,2024 W7,2024,7,BAL,13.5,0.2,0.168367346938776,9,0
00-0033955,Jeremy McNichols,2024 W12,2024,12,DAL,2.2,,,0,3
00-0033955,Jeremy McNichols,2024 W13,2024,13,TEN,3.2,,,0,6
00-0033955,Jeremy McNichols,2024 W15,2024,15,NO,1.4,0.0645161290322581,0.0833333333333333,2,2
00-0033955,Jeremy McNichols,2024 W16,2024,16,PHI,7.8,0.111111111111111,0.0070422535211267,4,2
00-0033955,Jeremy McNichols,2024 W17,2024,17,ATL,3.0,0.0857142857142857,0.0,3,1
00-0034270,Tyler Conklin,2024 W13,2024,13,SEA,7.2,0.131578947368421,0.0612903225806452,5,0
00-0034270,Tyler Conklin,2024 W14,2024,14,MIA,6.300000000000001,0.128205128205128,0.114068441064639,5,0
00-0034270,Tyler Conklin,2024 W16,2024,16,LA,10.9,0.166666666666667,0.248868778280543,7,0
00-0034270,Tyler Conklin,2024 W17,2024,17,BUF,21.7,0.258064516129032,0.0952380952380952,8,0
00-0034270,Tyler Conklin,2024 W18,2024,18,MIA,9.6,0.0857142857142857,0.113300492610837,3,0
00-0034272,Marquez Valdes-Scantling,2024 W13,2024,13,LA,11.6,0.0882352941176471,0.295652173913044,3,0
00-0034272,Marquez Valdes-Scantling,2024 W14,2024,14,NYG,9.100000000000001,0.225806451612903,0.386503067484663,7,0
00-0034272,Marquez Valdes-Scantling,2024 W15,2024,15,WAS,8.8,0.241379310344828,0.32258064516129,7,1
00-0034272,Marquez Valdes-Scantling,2024 W17,2024,17,LV,0.0,0.0588235294117647,0.125,2,0
00-0034272,Marquez Valdes-Scantling,2024 W18,2024,18,TB,6.300000000000001,0.205128205128205,0.384146341463415,8,0
00-0034348,Courtland Sutton,2024 W13,2024,13,CLE,16.200000000000003,0.290322580645161,0.445812807881773,9,0
00-0034348,Courtland Sutton,2024 W15,2024,15,IND,12.2,0.28125,0.76878612716763,9,0
00-0034348,Courtland Sutton,2024 W16,2024,16,LAC,10.0,0.153846153846154,0.357142857142857,6,0
00-0034348,Courtland Sutton,2024 W17,2024,17,CIN,16.5,0.290322580645161,0.491071428571429,9,0
00-0034348,Courtland Sutton,2024 W18,2024,18,KC,20.8,0.241379310344828,0.707317073170732,7,0
00-0034351,Dallas Goedert,2024 W10,2024,10,DAL,10.5,0.15,0.133928571428571,3,0
00-0034351,Dallas Goedert,2024 W11,2024,11,WAS,11.100000000000001,0.2,0.198757763975155,5,0
00-0034351,Dallas Goedert,2024 W12,2024,12,LA,5.9,0.263157894736842,0.284403669724771,5,0
00-0034351,Dallas Goedert,2024 W13,2024,13,BAL,12.5,0.235294117647059,0.164285714285714,4,0
00-0034351,Dallas Goedert,2024 W18,2024,18,NYG,9.5,0.146341463414634,0.162962962962963,6,0
00-0034365,Ian Thomas,2023 W17,2023,17,JAX,0.0,0.032258064516129,0.0931174089068826,1,0
00-0034365,Ian Thomas,2023 W18,2023,18,TB,1.5,0.111111111111111,0.266666666666667,2,0
00-0034365,Ian Thomas,2024 W6,2024,6,ATL,0.0,0.0810810810810811,0.0905511811023622,3,0
00-0034365,Ian Thomas,2024 W7,2024,7,WAS,2.4,0.117647058823529,-0.0158730158730159,2,0
00-0034365,Ian Thomas,2024 W10,2024,10,NYG,1.3,0.04,0.0121212121212121,1,0
00-0034383,Dalton Schultz,2024 W13,2024,13,JAX,17.1,0.212121212121212,0.118881118881119,7,0
00-0034383,Dalton Schultz,2024 W15,2024,15,MIA,3.3,0.16,0.196808510638298,4,0
00-0034383,Dalton Schultz,2024 W16,2024,16,KC,15.5,0.216216216216216,0.123595505617978,8,0
00-0034383,Dalton Schultz,2024 W17,2024,17,BAL,4.1,0.193548387096774,0.163398692810458,6,0
00-0034383,Dalton Schultz,2024 W18,2024,18,TEN,5.9,0.107142857142857,0.138121546961326,3,0
00-0034386,Justin Watson,2024 W13,2024,13,LV,7.6,0.0666666666666667,0.179220779220779,3,0
00-0034386,Justin Watson,2024 W15,2024,15,CLE,0.0,0.0263157894736842,0.149122807017544,1,0
00-0034386,Justin Watson,2024 W16,2024,16,HOU,0.0,0.024390243902439,0.137339055793991,1,0
00-0034386,Justin Watson,2024 W17,2024,17,PIT,14.0,0.0526315789473684,0.236111111111111,2,0
00-0034386,Justin Watson,2024 W18,2024,18,DEN,1.5,0.176470588235294,0.341666666666667,3,0
00-0034418,Cedrick Wilson Jr.,2024 W14,2024,14,NYG,2.8,0.032258064516129,0.0552147239263804,1,0
00-0034418,Cedrick Wilson Jr.,2024 W15,2024,15,WAS,6.84,0.0344827586206897,0.021505376344086,1,0
00-0034418,Cedrick Wilson Jr.,2024 W16,2024,16,GB,2.3,0.0357142857142857,0.045662100456621,1,0
00-0034418,Cedrick Wilson Jr.,2024 W17,2024,17,LV,4.7,0.117647058823529,0.0443548387096774,4,0
00-0034418,Cedrick Wilson Jr.,2024 W18,2024,18,TB,5.2,0.128205128205128,0.0701219512195122,5,0
00-0034419,Braxton Berrios,2023 W17,2023,17,BAL,3.0,0.0555555555555556,0.0037878787878787,2,0
00-0034419,Braxton Berrios,2023 W18,2023,18,BUF,2.9,0.0740740740740741,0.0293159609120521,2,0
00-0034419,Braxton Berrios,2024 W1,2024,1,JAX,0.0,0.0555555555555556,0.0593607305936073,2,0
00-0034419,Braxton Berrios,2024 W2,2024,2,BUF,0.0,0.027027027027027,0.0264900662251656,1,0
00-0034419,Braxton Berrios,2024 W3,2024,3,SEA,0.0,0.032258064516129,0.0247524752475248,1,0
00-0034487,Trent Sherfield,2024 W8,2024,8,LA,8.0,0.0434782608695652,0.0254237288135593,1,0
00-0034487,Trent Sherfield,2024 W9,2024,9,IND,1.7000000000000002,0.0303030303030303,0.0161943319838057,1,0
00-0034487,Trent Sherfield,2024 W10,2024,10,JAX,2.1,0.027027027027027,0.0174418604651163,1,0
00-0034487,Trent Sherfield,2024 W11,2024,11,TEN,2.6,0.0333333333333333,0.0202020202020202,1,0
00-0034487,Trent Sherfield,2024 W15,2024,15,CHI,1.6,0.027027027027027,0.0133779264214047,1,0
00-0034577,Kyle Allen,2023 W4,2023,4,MIA,-0.30000000000000004,,,0,3
00-0034577,Kyle Allen,2023 W11,2023,11,NYJ,-0.2,,,0,2
00-0034577,Kyle Allen,2023 W15,2023,15,DAL,-0.2,,,0,2
00-0034577,Kyle Allen,2023 W17,2023,17,NE,-0.2,,,0,2
00-0034577,Kyle Allen,2024 W5,2024,5,DAL,0.76,,,0,0
00-0034613,Tanner Hudson,2024 W11,2024,11,LAC,3.3,0.0434782608695652,0.0205338809034908,2,0
00-0034613,Tanner Hudson,2024 W13,2024,13,PIT,6.800000000000001,0.108108108108108,0.0272727272727273,4,0
00-0034613,Tanner Hudson,2024 W14,2024,14,DAL,2.9000000000000004,0.0232558139534884,0.0183150183150183,1,0
00-0034613,Tanner Hudson,2024 W15,2024,15,TEN,1.9,0.0285714285714286,0.0204918032786885,1,0
00-0034613,Tanner Hudson,2024 W18,2024,18,PIT,2.1,0.0217391304347826,0.0158730158730159,1,0
00-0034753,Mark Andrews,2024 W13,2024,13,PHI,18.9,0.2,0.205714285714286,7,1
00-0034753,Mark Andrews,2024 W15,2024,15,NYG,10.4,0.0833333333333333,0.1,2,0
00-0034753,Mark Andrews,2024 W16,2024,16,PIT,13.8,0.260869565217391,0.303571428571429,6,1
00-0034753,Mark Andrews,2024 W17,2024,17,HOU,14.8,0.125,0.0952380952380952,2,0
00-0034753,Mark Andrews,2024 W18,2024,18,CLE,15.4,0.266666666666667,0.453237410071943,8,1
00-0034771,Mason Rudolph,2024 W9,2024,9,NE,21.5,,,0,4
00-0034771,Mason Rudolph,2024 W15,2024,15,CIN,19.759999999999998,,,0,2
00-0034771,Mason Rudolph,2024 W16,2024,16,IND,18.38,,,0,4
00-0034771,Mason Rudolph,2024 W17,2024,17,JAX,14.02,,,0,5
00-0034771,Mason Rudolph,2024 W18,2024,18,HOU,3.3000000000000003,,,0,1
00-0034775,Christian Kirk,2024 W4,2024,4,HOU,19.1,0.375,0.472148541114058,12,0
00-0034775,Christian Kirk,2024 W5,2024,5,IND,12.8,0.117647058823529,0.28,4,0
00-0034775,Christian Kirk,2024 W6,2024,6,CHI,6.9,0.171428571428571,0.214285714285714,6,0
00-0034775,Christian Kirk,2024 W7,2024,7,NE,3.4000000000000004,0.15,0.27027027027027,3,0
00-0034775,Christian Kirk,2024 W8,2024,8,GB,7.9,0.166666666666667,0.35958904109589,5,0
00-0034796,Lamar Jackson,2024 W13,2024,13,PHI,29.380000000000003,,,0,8
00-0034796,Lamar Jackson,2024 W15,2024,15,NYG,46.1,,,0,6
00-0034796,Lamar Jackson,2024 W16,2024,16,PIT,26.48,,,0,9
00-0034796,Lamar Jackson,2024 W17,2024,17,HOU,33.42,,,0,4
00-0034796,Lamar Jackson,2024 W18,2024,18,CLE,26.98,,,0,9
00-0034798,Durham Smythe,2024 W13,2024,13,GB,1.8,0.0217391304347826,0.0224358974358974,1,0
00-0034798,Durham Smythe,2024 W14,2024,14,NYJ,0.0,0.0222222222222222,0.014760147601476,1,0
00-0034798,Durham Smythe,2024 W15,2024,15,HOU,1.8,0.0256410256410256,0.0337078651685393,1,0
00-0034798,Durham Smythe,2024 W16,2024,16,SF,1.5,0.0645161290322581,0.050251256281407,2,0
00-0034798,Durham Smythe,2024 W18,2024,18,NYJ,0.0,0.027027027027027,0.0144927536231884,1,0
00-0034827,DJ Moore,2024 W14,2024,14,SF,10.9,0.333333333333333,0.292857142857143,8,0
00-0034827,DJ Moore,2024 W15,2024,15,MIN,15.0,0.258064516129032,0.0187793427230047,8,3
00-0034827,DJ Moore,2024 W16,2024,16,DET,14.0,0.27027027027027,0.317507418397626,10,1
00-0034827,DJ Moore,2024 W17,2024,17,SEA,12.2,0.307692307692308,0.305389221556886,8,2
00-0034827,DJ Moore,2024 W18,2024,18,GB,22.1,0.416666666666667,0.246153846153846,10,1
00-0034829,Mike Gesicki,2024 W14,2024,14,DAL,5.4,0.0697674418604651,0.032967032967033,3,0
00-0034829,Mike Gesicki,2024 W15,2024,15,TEN,6.7,0.114285714285714,0.10655737704918,4,0
00-0034829,Mike Gesicki,2024 W16,2024,16,CLE,3.4000000000000004,0.0714285714285714,0.0365296803652968,2,0
00-0034829,Mike Gesicki,2024 W17,2024,17,DEN,18.6,0.244897959183673,0.19533527696793,12,0
00-0034829,Mike Gesicki,2024 W18,2024,18,PIT,14.8,0.217391304347826,0.301587301587302,10,0
00-0034837,Calvin Ridley,2024 W14,2024,14,JAX,12.9,0.375,0.43859649122807,12,0
00-0034837,Calvin Ridley,2024 W15,2024,15,CIN,9.0,0.135135135135135,0.347826086956522,5,1
00-0034837,Calvin Ridley,2024 W16,2024,16,IND,16.8,0.151515151515152,0.479638009049774,5,0
00-0034837,Calvin Ridley,2024 W17,2024,17,JAX,14.100000000000001,0.2,0.309352517985612,6,1
00-0034837,Calvin Ridley,2024 W18,2024,18,HOU,10.3,0.192307692307692,0.344481605351171,5,2
00-0034844,Saquon Barkley,2024 W13,2024,13,BAL,19.700000000000003,0.235294117647059,0.0857142857142857,4,23
00-0034844,Saquon Barkley,2024 W14,2024,14,CAR,14.4,0.0526315789473684,0.0,1,20
00-0034844,Saquon Barkley,2024 W15,2024,15,PIT,9.4,0.0645161290322581,0.0241545893719807,2,19
00-0034844,Saquon Barkley,2024 W16,2024,16,WAS,27.0,0.04,0.102678571428571,1,29
00-0034844,Saquon Barkley,2024 W17,2024,17,DAL,18.9,0.111111111111111,0.0054945054945055,2,31
00-0034855,Baker Mayfield,2024 W14,2024,14,LV,25.0,,,0,2
00-0034855,Baker Mayfield,2024 W15,2024,15,LAC,36.019999999999996,,,0,2
00-0034855,Baker Mayfield,2024 W16,2024,16,DAL,26.32,,,0,3
00-0034855,Baker Mayfield,2024 W17,2024,17,CAR,44.56,,,0,1
00-0034855,Baker Mayfield,2024 W18,2024,18,NO,25.64,,,0,9
00-0034857,Josh Allen,2024 W13,2024,13,SF,25.720000000000002,,,0,3
00-0034857,Josh Allen,2024 W14,2024,14,LA,57.88,,,0,10
00-0034857,Josh Allen,2024 W15,2024,15,DET,45.28,,,0,11
00-0034857,Josh Allen,2024 W16,2024,16,NE,13.16,,,0,6
00-0034857,Josh Allen,2024 W17,2024,17,NYJ,26.98,,,0,5
00-0034869,Sam Darnold,2024 W14,2024,14,ATL,44.580000000000005,,,0,4
00-0034869,Sam Darnold,2024 W15,2024,15,CHI,13.24,,,0,0
00-0034869,Sam Darnold,2024 W16,2024,16,SEA,28.94,,,0,5
00-0034869,Sam Darnold,2024 W17,2024,17,GB,30.779999999999998,,,0,3
00-0034869,Sam Darnold,2024 W18,2024,18,DET,7.640000000000001,,,0,3
00-0034959,Andrew Beck,2023 W15,2023,15,TEN,0.5,0.0294117647058824,-0.0300751879699248,1,0
00-0034959,Andrew Beck,2023 W16,2023,16,CLE,8.6,0.0416666666666667,-0.0084269662921348,2,0
00-0034959,Andrew Beck,2023 W18,2023,18,IND,8.9,0.0769230769230769,0.0229885057471264,2,0
00-0034959,Andrew Beck,2024 W6,2024,6,ARI,0.0,0.032258064516129,-0.031413612565445,1,0
00-0034959,Andrew Beck,2024 W16,2024,16,KC,0.0,0.027027027027027,0.0758426966292135,1,0
00-0034960,Jakobi Meyers,2024 W14,2024,14,TB,13.7,0.285714285714286,0.317164179104478,10,0
00-0034960,Jakobi Meyers,2024 W15,2024,15,ATL,10.9,0.264705882352941,0.368421052631579,9,0
00-0034960,Jakobi Meyers,2024 W16,2024,16,JAX,6.1000000000000005,0.135135135135135,0.29004329004329,5,0
00-0034960,Jakobi Meyers,2024 W17,2024,17,NO,17.1,0.257142857142857,0.324483775811209,9,0
00-0034960,Jakobi Meyers,2024 W18,2024,18,LAC,27.3,0.294117647058824,0.427118644067797,10,0
00-0034975,Justice Hill,2024 W11,2024,11,PIT,8.1,0.225806451612903,0.0429042904290429,7,2
00-0034975,Justice Hill,2024 W12,2024,12,LAC,14.2,0.0952380952380952,-0.0094786729857819,2,4
00-0034975,Justice Hill,2024 W13,2024,13,PHI,6.1,0.171428571428571,-0.0314285714285714,6,3
00-0034975,Justice Hill,2024 W15,2024,15,NYG,17.8,0.208333333333333,-0.0458333333333333,5,2
00-0034975,Justice Hill,2024 W16,2024,16,PIT,3.0,0.0434782608695652,0.0089285714285714,1,2
00-0034981,Foster Moreau,2024 W14,2024,14,NYG,6.0,0.0645161290322581,0.0613496932515337,2,0
00-0034981,Foster Moreau,2024 W15,2024,15,WAS,13.9,0.137931034482759,0.03584229390681,4,0
00-0034981,Foster Moreau,2024 W16,2024,16,GB,5.300000000000001,0.107142857142857,0.155251141552511,3,0
00-0034981,Foster Moreau,2024 W17,2024,17,LV,13.7,0.147058823529412,0.205645161290323,5,0
00-0034981,Foster Moreau,2024 W18,2024,18,TB,7.1,0.102564102564103,0.0396341463414634,4,0
00-0035021,Ashton Dulin,2024 W6,2024,6,TEN,0.0,0.0277777777777778,0.123076923076923,1,0
00-0035021,Ashton Dulin,2024 W7,2024,7,MIA,1.2000000000000002,,,0,1
00-0035021,Ashton Dulin,2024 W9,2024,9,MIN,1.7000000000000002,0.0740740740740741,0.133971291866029,2,2
00-0035021,Ashton Dulin,2024 W10,2024,10,BUF,0.7000000000000001,,,0,1
00-0035021,Ashton Dulin,2024 W12,2024,12,DET,0.0,0.04,0.113636363636364,1,0
00-0035100,Jake Browning,2023 W16,2023,16,PIT,15.399999999999999,,,0,1
00-0035100,Jake Browning,2023 W17,2023,17,KC,23.08,,,0,7
00-0035100,Jake Browning,2023 W18,2023,18,CLE,24.040000000000003,,,0,2
00-0035100,Jake Browning,2024 W9,2024,9,LV,-0.1,,,0,1
00-0035100,Jake Browning,2024 W16,2024,16,CLE,-0.1,,,0,1
00-0035125,Alec Ingold,2024 W7,2024,7,IND,1.4,0.0454545454545455,0.0778443113772455,1,2
00-0035125,Alec Ingold,2024 W8,2024,8,ARI,5.2,0.0789473684210526,0.0364583333333333,3,1
00-0035125,Alec Ingold,2024 W13,2024,13,GB,3.5,0.0434782608695652,0.0064102564102564,2,0
00-0035125,Alec Ingold,2024 W16,2024,16,SF,0.4,,,0,1
00-0035125,Alec Ingold,2024 W18,2024,18,NYJ,4.1,0.0540540540540541,-0.0217391304347826,2,0
00-0035140,Mecole Hardman,2024 W8,2024,8,LV,1.8,0.0285714285714286,0.0281124497991968,1,0
00-0035140,Mecole Hardman,2024 W9,2024,9,TB,4.7,0.0714285714285714,-0.0073260073260073,3,0
00-0035140,Mecole Hardman,2024 W10,2024,10,DEN,1.3,0.025,-0.0163934426229508,1,0
00-0035140,Mecole Hardman,2024 W11,2024,11,BUF,4.1,0.0967741935483871,-0.0276497695852535,3,1
00-0035140,Mecole Hardman,2024 W12,2024,12,CAR,1.5,,,0,2
00-0035208,Olamide Zaccheaus,2024 W13,2024,13,TEN,4.4,0.1,0.0060240963855421,3,0
00-0035208,Olamide Zaccheaus,2024 W15,2024,15,NO,6.6,0.129032258064516,0.0416666666666667,4,0
00-0035208,Olamide Zaccheaus,2024 W16,2024,16,PHI,24.0,0.222222222222222,0.130281690140845,8,0
00-0035208,Olamide Zaccheaus,2024 W17,2024,17,ATL,23.3,0.257142857142857,0.231404958677686,9,1
00-0035208,Olamide Zaccheaus,2024 W18,2024,18,DAL,7.1000000000000005,0.166666666666667,0.37012987012987,5,0
00-0035228,Kyler Murray,2024 W14,2024,14,SEA,21.96,,,0,3
00-0035228,Kyler Murray,2024 W15,2024,15,NE,10.06,,,0,5
00-0035228,Kyler Murray,2024 W16,2024,16,CAR,22.380000000000003,,,0,8
00-0035228,Kyler Murray,2024 W17,2024,17,LA,18.04,,,0,4
00-0035228,Kyler Murray,2024 W18,2024,18,SF,35.88,,,0,3
00-0035229,T.J. Hockenson,2024 W14,2024,14,ATL,8.5,0.178571428571429,0.13745704467354,5,0
00-0035229,T.J. Hockenson,2024 W15,2024,15,CHI,10.2,0.189189189189189,0.183946488294314,7,0
00-0035229,T.J. Hockenson,2024 W16,2024,16,SEA,4.7,0.142857142857143,0.167910447761194,5,0
00-0035229,T.J. Hockenson,2024 W17,2024,17,GB,11.8,0.146341463414634,0.211038961038961,6,0
00-0035229,T.J. Hockenson,2024 W18,2024,18,DET,2.9,0.210526315789474,0.27208480565371,8,0
00-0035249,Josh Oliver,2024 W10,2024,10,JAX,9.2,0.162162162162162,0.223837209302326,6,0
00-0035249,Josh Oliver,2024 W11,2024,11,TEN,6.4,0.1,0.0404040404040404,3,0
00-0035249,Josh Oliver,2024 W14,2024,14,ATL,3.6,0.0714285714285714,0.0309278350515464,2,0
00-0035249,Josh Oliver,2024 W16,2024,16,SEA,0.0,0.0285714285714286,0.0261194029850746,1,0
00-0035249,Josh Oliver,2024 W18,2024,18,DET,3.6,0.0789473684210526,0.0565371024734982,3,0
00-0035250,Devin Singletary,2024 W14,2024,14,NO,0.8,,,0,2
00-0035250,Devin Singletary,2024 W15,2024,15,BAL,13.1,0.0882352941176471,-0.0473684210526316,3,8
00-0035250,Devin Singletary,2024 W16,2024,16,ATL,1.2000000000000002,,,0,4
00-0035250,Devin Singletary,2024 W17,2024,17,IND,4.0,0.0454545454545455,0.0109289617486339,1,5
00-0035250,Devin Singletary,2024 W18,2024,18,PHI,2.7,0.0357142857142857,-0.0495049504950495,1,7
00-0035261,Tony Pollard,2024 W13,2024,13,WAS,8.8,0.166666666666667,0.0690537084398977,6,8
00-0035261,Tony Pollard,2024 W14,2024,14,JAX,14.400000000000002,0.0625,-0.0350877192982456,2,21
00-0035261,Tony Pollard,2024 W15,2024,15,CIN,8.5,,,0,17
00-0035261,Tony Pollard,2024 W16,2024,16,IND,8.0,0.121212121212121,-0.0497737556561086,4,8
00-0035261,Tony Pollard,2024 W18,2024,18,HOU,6.2,,,0,22
00-0035264,Jarrett Stidham,2023 W17,2023,17,LAC,15.56,,,0,6
00-0035264,Jarrett Stidham,2023 W18,2023,18,LV,15.080000000000002,,,0,3
00-0035264,Jarrett Stidham,2024 W7,2024,7,NO,-0.2,,,0,2
00-0035264,Jarrett Stidham,2024 W18,2024,18,KC,0.7000000000000001,,,0,2
00-0035282,Easton Stick,2023 W14,2023,14,DEN,5.16,,,0,0
00-0035282,Easton Stick,2023 W15,2023,15,LV,23.380000000000003,,,0,2
00-0035282,Easton Stick,2023 W16,2023,16,BUF,17.1,,,0,7
00-0035282,Easton Stick,2023 W17,2023,17,DEN,11.9,,,0,5
00-0035282,Easton Stick,2023 W18,2023,18,KC,16.02,,,0,13
00-0035289,Gardner Minshew,2024 W7,2024,7,LA,-1.64,,,0,1
00-0035289,Gardner Minshew,2024 W8,2024,8,KC,18.96,,,0,2
00-0035289,Gardner Minshew,2024 W9,2024,9,CIN,2.96,,,0,1
00-0035289,Gardner Minshew,2024 W11,2024,11,MIA,21.98,,,0,2
00-0035289,Gardner Minshew,2024 W12,2024,12,DEN,13.700000000000001,,,0,2
00-0035298,Scott Miller,2023 W18,2023,18,NO,8.600000000000001,0.0588235294117647,0.0926829268292683,2,0
00-0035298,Scott Miller,2024 W3,2024,3,LAC,5.1,0.0645161290322581,0.0523255813953488,2,0
00-0035298,Scott Miller,2024 W8,2024,8,NYG,0.0,0.0740740740740741,0.194552529182879,2,0
00-0035298,Scott Miller,2024 W14,2024,14,CLE,6.800000000000001,0.166666666666667,0.234375,4,0
00-0035298,Scott Miller,2024 W15,2024,15,PHI,0.0,0.0476190476190476,0.0134228187919463,1,0
00-0035406,Lil'Jordan Humphrey,2024 W10,2024,10,KC,4.300000000000001,0.107142857142857,0.092511013215859,3,0
00-0035406,Lil'Jordan Humphrey,2024 W11,2024,11,ATL,15.2,0.125,0.0984848484848485,4,0
00-0035406,Lil'Jordan Humphrey,2024 W12,2024,12,LV,2.4,0.0769230769230769,0.0490566037735849,3,0
00-0035406,Lil'Jordan Humphrey,2024 W15,2024,15,IND,0.0,0.03125,0.069364161849711,1,0
00-0035406,Lil'Jordan Humphrey,2024 W18,2024,18,KC,4.6,0.0689655172413793,0.128048780487805,2,0
00-0035500,Greg Dortch,2024 W14,2024,14,SEA,1.5,0.0263157894736842,-0.0254777070063694,1,0
00-0035500,Greg Dortch,2024 W15,2024,15,NE,9.6,0.0967741935483871,-0.0062111801242236,3,1
00-0035500,Greg Dortch,2024 W16,2024,16,CAR,3.7,0.0344827586206897,-0.0108695652173913,1,1
00-0035500,Greg Dortch,2024 W17,2024,17,LA,4.8,0.0666666666666667,0.0096153846153846,3,0
00-0035500,Greg Dortch,2024 W18,2024,18,SF,21.4,0.125,0.0224215246636771,4,1
00-0035535,Darius Slayton,2024 W14,2024,14,NO,4.7,0.130434782608696,0.227642276422764,6,0
00-0035535,Darius Slayton,2024 W15,2024,15,BAL,2.6,0.0294117647058824,0.0421052631578947,1,0
00-0035535,Darius Slayton,2024 W16,2024,16,ATL,3.7,0.0540540540540541,0.137614678899083,2,1
00-0035535,Darius Slayton,2024 W17,2024,17,IND,10.2,0.136363636363636,0.213114754098361,3,0
00-0035535,Darius Slayton,2024 W18,2024,18,PHI,0.0,0.0357142857142857,0.0891089108910891,1,0
00-0035537,Ty Johnson,2024 W14,2024,14,LA,13.5,0.0810810810810811,0.002127659574468,3,0
00-0035537,Ty Johnson,2024 W15,2024,15,DET,17.3,0.15625,0.215743440233236,5,2
00-0035537,Ty Johnson,2024 W16,2024,16,NE,3.0,0.037037037037037,0.0990415335463259,1,6
00-0035537,Ty Johnson,2024 W17,2024,17,NYJ,3.5,0.037037037037037,0.0141509433962264,1,4
00-0035537,Ty Johnson,2024 W18,2024,18,NE,2.3,0.0645161290322581,0.0560344827586207,2,2
00-0035544,Tom Kennedy,2024 W2,2024,2,TB,0.0,0.0188679245283019,0.0289473684210526,1,0
00-0035594,Travis Homer,2023 W7,2023,7,LV,0.0,0.0344827586206897,-0.0943396226415094,1,0
00-0035594,Travis Homer,2024 W1,2024,1,TEN,1.0,,,0,2
00-0035594,Travis Homer,2024 W2,2024,2,HOU,0.6000000000000001,,,0,1
00-0035594,Travis Homer,2024 W14,2024,14,SF,4.1,0.125,0.0071428571428571,3,0
00-0035594,Travis Homer,2024 W15,2024,15,MIN,0.7000000000000001,,,0,3
00-0035631,Drew Sample,2024 W14,2024,14,DAL,3.3,0.0465116279069768,0.0293040293040293,2,0
00-0035631,Drew Sample,2024 W15,2024,15,TEN,1.8,0.0285714285714286,0.0,1,0
00-0035631,Drew Sample,2024 W16,2024,16,CLE,2.2,0.0357142857142857,0.0091324200913242,1,0
00-0035631,Drew Sample,2024 W17,2024,17,DEN,1.3,0.0204081632653061,0.0058309037900874,1,0
00-0035631,Drew Sample,2024 W18,2024,18,PIT,5.4,0.0869565217391304,-0.0264550264550265,4,0
00-0035640,DK Metcalf,2024 W14,2024,14,ARI,8.9,0.206896551724138,0.38125,6,0
00-0035640,DK Metcalf,2024 W15,2024,15,GB,5.800000000000001,0.0967741935483871,0.131707317073171,3,0
00-0035640,DK Metcalf,2024 W16,2024,16,MIN,14.7,0.166666666666667,0.349693251533742,7,0
00-0035640,DK Metcalf,2024 W17,2024,17,CHI,7.2,0.136363636363636,0.405063291139241,3,0
00-0035640,DK Metcalf,2024 W18,2024,18,LA,14.3,0.185185185185185,0.455813953488372,5,0
00-0035644,Noah Fant,2024 W14,2024,14,ARI,4.8,0.137931034482759,0.23125,4,0
00-0035644,Noah Fant,2024 W15,2024,15,GB,4.5,0.225806451612903,0.263414634146342,7,0
00-0035644,Noah Fant,2024 W16,2024,16,MIN,8.0,0.142857142857143,0.113496932515337,6,0
00-0035644,Noah Fant,2024 W17,2024,17,CHI,8.3,0.227272727272727,-0.0379746835443038,5,0
00-0035644,Noah Fant,2024 W18,2024,18,LA,17.3,0.222222222222222,0.172093023255814,6,0
00-0035645,Gunner Olszewski,2023 W2,2023,2,CLE,-1.0,0.0344827586206897,-0.0058479532163742,1,0
00-0035645,Gunner Olszewski,2023 W17,2023,17,NYG,6.0,,,0,0
00-0035659,Terry McLaurin,2024 W13,2024,13,TEN,27.3,0.266666666666667,0.331325301204819,8,0
00-0035659,Terry McLaurin,2024 W15,2024,15,NO,26.3,0.32258064516129,0.678030303030303,10,0
00-0035659,Terry McLaurin,2024 W16,2024,16,PHI,17.0,0.166666666666667,0.214788732394366,6,0
00-0035659,Terry McLaurin,2024 W17,2024,17,ATL,1.5,0.2,0.363636363636364,7,0
00-0035659,Terry McLaurin,2024 W18,2024,18,DAL,20.2,0.4,0.376623376623377,12,0
00-0035662,Marquise Brown,2023 W11,2023,11,HOU,3.2,0.172413793103448,0.348214285714286,5,1
00-0035662,Marquise Brown,2023 W12,2023,12,LA,14.8,0.272727272727273,0.483375959079284,12,0
00-0035662,Marquise Brown,2023 W13,2023,13,PIT,0.0,0.130434782608696,0.0809248554913295,3,0
00-0035662,Marquise Brown,2024 W16,2024,16,HOU,9.5,0.195121951219512,0.240343347639485,8,0
00-0035662,Marquise Brown,2024 W17,2024,17,PIT,8.600000000000001,0.184210526315789,0.310185185185185,7,0
00-0035676,A.J. Brown,2024 W13,2024,13,BAL,11.600000000000001,0.352941176470588,0.628571428571429,6,0
00-0035676,A.J. Brown,2024 W14,2024,14,CAR,8.3,0.210526315789474,0.285714285714286,4,0
00-0035676,A.J. Brown,2024 W15,2024,15,PIT,25.0,0.354838709677419,0.444444444444444,11,0
00-0035676,A.J. Brown,2024 W16,2024,16,WAS,23.700000000000003,0.6,0.683035714285714,15,0
00-0035676,A.J. Brown,2024 W17,2024,17,DAL,12.6,0.277777777777778,0.362637362637363,5,0
00-0035685,David Montgomery,2024 W11,2024,11,JAX,24.5,0.0967741935483871,0.0116279069767442,3,15
00-0035685,David Montgomery,2024 W12,2024,12,IND,16.3,0.0909090909090909,0.0049751243781094,3,8
00-0035685,David Montgomery,2024 W13,2024,13,CHI,15.4,0.0967741935483871,-0.0409090909090909,3,21
00-0035685,David Montgomery,2024 W14,2024,14,GB,19.400000000000002,0.125,-0.0133928571428571,5,14
00-0035685,David Montgomery,2024 W15,2024,15,BUF,7.5,0.0740740740740741,-0.0248756218905473,4,5
00-0035689,Dawson Knox,2024 W13,2024,13,SF,7.6000000000000005,0.111111111111111,0.333333333333333,2,0
00-0035689,Dawson Knox,2024 W14,2024,14,LA,1.5,0.027027027027027,-0.0042553191489361,1,0
00-0035689,Dawson Knox,2024 W15,2024,15,DET,6.2,0.09375,0.075801749271137,3,0
00-0035689,Dawson Knox,2024 W16,2024,16,NE,4.2,0.0740740740740741,0.0638977635782748,2,0
00-0035689,Dawson Knox,2024 W17,2024,17,NYJ,1.4,0.111111111111111,0.113207547169811,3,0
00-0035700,Josh Jacobs,2024 W14,2024,14,DET,24.6,,,0,18
00-0035700,Josh Jacobs,2024 W15,2024,15,SEA,21.599999999999998,0.153846153846154,-0.0909090909090909,4,26
00-0035700,Josh Jacobs,2024 W16,2024,16,NO,20.7,0.148148148148148,-0.0486725663716814,4,13
00-0035700,Josh Jacobs,2024 W17,2024,17,MIN,10.9,,,0,17
00-0035700,Josh Jacobs,2024 W18,2024,18,CHI,11.6,0.04,0.0097087378640776,1,6
00-0035704,Drew Lock,2024 W13,2024,13,DAL,14.82,,,0,4
00-0035704,Drew Lock,2024 W14,2024,14,NO,14.98,,,0,5
00-0035704,Drew Lock,2024 W16,2024,16,ATL,8.5,,,0,1
00-0035704,Drew Lock,2024 W17,2024,17,IND,42.36,,,0,5
00-0035704,Drew Lock,2024 W18,2024,18,PHI,9.82,,,0,2
00-0035710,Daniel Jones,2024 W6,2024,6,CIN,11.8,,,0,11
00-0035710,Daniel Jones,2024 W7,2024,7,PHI,5.96,,,0,5
00-0035710,Daniel Jones,2024 W8,2024,8,PIT,6.66,,,0,3
00-0035710,Daniel Jones,2024 W9,2024,9,WAS,28.36,,,0,7
00-0035710,Daniel Jones,2024 W10,2024,10,CAR,12.200000000000001,,,0,7
00-0035891,Cody White,2024 W9,2024,9,LA,6.4,0.0882352941176471,0.114613180515759,3,0
00-0035973,Patrick Taylor,2024 W6,2024,6,SEA,3.8000000000000003,0.037037037037037,0.0155440414507772,1,5
00-0035973,Patrick Taylor,2024 W8,2024,8,DAL,0.9,,,0,2
00-0035973,Patrick Taylor,2024 W14,2024,14,CHI,8.5,0.0384615384615385,0.0,1,7
00-0035973,Patrick Taylor,2024 W16,2024,16,MIA,3.5000000000000004,0.135135135135135,0.0659340659340659,5,8
00-0035973,Patrick Taylor,2024 W18,2024,18,ARI,13.100000000000001,0.0952380952380952,0.0716417910447761,4,17
00-0035976,Dan Chisena,2024 W13,2024,13,TB,1.6,0.024390243902439,0.0124688279301746,1,0
00-0035976,Dan Chisena,2024 W16,2024,16,ARI,3.3000000000000003,0.0833333333333333,0.112582781456954,2,0
00-0035976,Dan Chisena,2024 W17,2024,17,TB,1.8,0.0454545454545455,0.0263157894736842,1,0
00-0035993,Tyler Huntley,2024 W4,2024,4,TEN,11.84,,,0,8
00-0035993,Tyler Huntley,2024 W5,2024,5,NE,6.46,,,0,3
00-0035993,Tyler Huntley,2024 W7,2024,7,IND,11.48,,,0,5
00-0035993,Tyler Huntley,2024 W17,2024,17,CLE,26.2,,,0,7
00-0035993,Tyler Huntley,2024 W18,2024,18,NYJ,10.68,,,0,3
00-0036020,Salvon Ahmed,2023 W6,2023,6,CAR,12.4,0.166666666666667,0.0466926070038911,5,6
00-0036020,Salvon Ahmed,2023 W7,2023,7,PHI,1.3,0.0625,0.0694980694980695,2,2
00-0036020,Salvon Ahmed,2023 W8,2023,8,NE,5.699999999999999,0.0909090909090909,-0.0468227424749164,4,2
00-0036020,Salvon Ahmed,2023 W9,2023,9,KC,3.2,0.0909090909090909,0.0106761565836299,3,3
00-0036020,Salvon Ahmed,2023 W11,2023,11,LV,12.1,0.0833333333333333,0.0034602076124567,3,3
00-0036032,Sean McKeon,2023 W6,2023,6,LAC,0.0,0.0333333333333333,0.0188679245283019,1,0
00-0036032,Sean McKeon,2023 W8,2023,8,LA,0.0,0.0294117647058824,0.0273037542662116,1,0
00-0036040,Juwan Johnson,2024 W14,2024,14,NYG,15.0,0.161290322580645,0.159509202453988,5,0
00-0036040,Juwan Johnson,2024 W15,2024,15,WAS,3.2,0.103448275862069,0.10752688172043,3,0
00-0036040,Juwan Johnson,2024 W16,2024,16,GB,4.7,0.0714285714285714,0.100456621004566,2,0
00-0036040,Juwan Johnson,2024 W17,2024,17,LV,12.600000000000001,0.294117647058824,0.366935483870968,10,0
00-0036040,Juwan Johnson,2024 W18,2024,18,TB,14.0,0.17948717948718,0.173780487804878,7,0
00-0036139,Rico Dowdle,2024 W14,2024,14,CIN,15.100000000000001,0.0645161290322581,0.0214592274678112,2,18
00-0036139,Rico Dowdle,2024 W15,2024,15,CAR,14.9,,,0,25
00-0036139,Rico Dowdle,2024 W16,2024,16,TB,8.100000000000001,0.0909090909090909,0.0,3,13
00-0036139,Rico Dowdle,2024 W17,2024,17,PHI,9.8,0.0344827586206897,-0.0227272727272727,1,23
00-0036139,Rico Dowdle,2024 W18,2024,18,WAS,16.4,0.0909090909090909,-0.0440528634361234,3,22
00-0036145,Lawrence Cager,2023 W1,2023,1,DAL,3.7,0.0689655172413793,0.012987012987013,2,0
00-0036145,Lawrence Cager,2023 W10,2023,10,DAL,8.0,0.0769230769230769,0.0927152317880795,2,0
00-0036145,Lawrence Cager,2023 W15,2023,15,NO,1.9,0.0294117647058824,0.0245098039215686,1,0
00-0036158,J.K. Dobbins,2024 W10,2024,10,TEN,8.5,0.166666666666667,-0.12280701754386,3,15
00-0036158,J.K. Dobbins,2024 W11,2024,11,CIN,18.900000000000002,0.0303030303030303,0.0,1,11
00-0036158,J.K. Dobbins,2024 W12,2024,12,BAL,8.9,0.138888888888889,-0.0054495912806539,5,6
00-0036158,J.K. Dobbins,2024 W17,2024,17,NE,15.3,0.025,-0.0105820105820106,1,19
00-0036158,J.K. Dobbins,2024 W18,2024,18,LV,10.5,0.0857142857142857,-0.0222222222222222,3,18
00-0036165,Isaiah Hodgins,2023 W15,2023,15,NO,0.0,0.0294117647058824,0.0882352941176471,1,0
00-0036165,Isaiah Hodgins,2023 W17,2023,17,LA,2.8,0.0512820512820513,0.0900621118012422,2,0
00-0036165,Isaiah Hodgins,2023 W18,2023,18,PHI,6.6,0.09375,0.0903225806451613,3,0
00-0036165,Isaiah Hodgins,2024 W6,2024,6,CIN,1.5,0.0277777777777778,0.0205761316872428,1,0
00-0036165,Isaiah Hodgins,2024 W10,2024,10,CAR,1.7000000000000002,0.03125,0.0224719101123596,1,0
00-0036176,Mason Kinsey,2023 W16,2023,16,SEA,1.6,0.04,-0.015748031496063,1,0
00-0036176,Mason Kinsey,2024 W15,2024,15,CIN,2.1,0.027027027027027,0.0531400966183575,1,0
00-0036176,Mason Kinsey,2024 W16,2024,16,IND,1.6,0.0303030303030303,0.0271493212669683,1,0
00-0036182,Nick Westbrook-Ikhine,2024 W14,2024,14,JAX,2.9000000000000004,0.0625,0.157894736842105,2,0
00-0036182,Nick Westbrook-Ikhine,2024 W15,2024,15,CIN,2.9,0.0810810810810811,0.0821256038647343,3,0
00-0036182,Nick Westbrook-Ikhine,2024 W16,2024,16,IND,9.7,0.121212121212121,0.176470588235294,4,0
00-0036182,Nick Westbrook-Ikhine,2024 W17,2024,17,JAX,6.7,0.2,0.248201438848921,6,0
00-0036182,Nick Westbrook-Ikhine,2024 W18,2024,18,HOU,9.0,0.269230769230769,0.234113712374582,7,0
00-0036187,Reggie Gilliam,2023 W2,2023,2,LV,1.3,0.0277777777777778,0.0059880239520958,1,0
00-0036187,Reggie Gilliam,2024 W17,2024,17,NYJ,0.30000000000000004,,,0,2
00-0036187,Reggie Gilliam,2024 W18,2024,18,NE,0.4,,,0,1
00-0036212,Tua Tagovailoa,2024 W12,2024,12,NE,36.48,,,0,3
00-0036212,Tua Tagovailoa,2024 W13,2024,13,GB,29.200000000000003,,,0,2
00-0036212,Tua Tagovailoa,2024 W14,2024,14,NYJ,27.540000000000003,,,0,1
00-0036212,Tua Tagovailoa,2024 W15,2024,15,HOU,5.84,,,0,0
00-0036212,Tua Tagovailoa,2024 W16,2024,16,SF,14.5,,,0,2
00-0036223,Jonathan Taylor,2024 W13,2024,13,NE,17.3,0.0416666666666667,0.0101522842639594,1,25
00-0036223,Jonathan Taylor,2024 W15,2024,15,DEN,12.100000000000001,0.0555555555555556,-0.0063492063492063,2,22
00-0036223,Jonathan Taylor,2024 W16,2024,16,TEN,39.8,,,0,29
00-0036223,Jonathan Taylor,2024 W17,2024,17,NYG,27.6,0.108108108108108,0.0266666666666667,4,32
00-0036223,Jonathan Taylor,2024 W18,2024,18,JAX,25.0,0.0512820512820513,0.0134408602150538,2,34
00-0036232,Harrison Bryant,2024 W2,2024,2,BAL,0.0,0.0277777777777778,0.081447963800905,1,0
00-0036232,Harrison Bryant,2024 W4,2024,4,CLE,4.1,0.0833333333333333,0.0202020202020202,2,0
00-0036232,Harrison Bryant,2024 W6,2024,6,PIT,5.4,0.135135135135135,0.0710382513661202,5,0
00-0036232,Harrison Bryant,2024 W7,2024,7,LA,3.9000000000000004,0.0571428571428571,0.0086206896551724,2,0
00-0036232,Harrison Bryant,2024 W9,2024,9,CIN,4.2,0.0625,0.0151515151515152,2,0
00-0036244,Colby Parkinson,2024 W14,2024,14,BUF,2.1,0.0333333333333333,0.0215827338129496,1,0
00-0036244,Colby Parkinson,2024 W15,2024,15,SF,4.1,0.192307692307692,0.180790960451977,5,0
00-0036244,Colby Parkinson,2024 W16,2024,16,NYJ,0.0,0.0526315789473684,-0.0144927536231884,1,0
00-0036244,Colby Parkinson,2024 W17,2024,17,ARI,0.0,0.0357142857142857,0.0465116279069768,1,0
00-0036244,Colby Parkinson,2024 W18,2024,18,SEA,1.6,0.025,0.0,1,0
00-0036252,Michael Pittman,2024 W13,2024,13,NE,9.2,0.291666666666667,0.116751269035533,7,0
00-0036252,Michael Pittman,2024 W15,2024,15,DEN,9.8,0.25,0.212698412698413,9,0
00-0036252,Michael Pittman,2024 W16,2024,16,TEN,3.9000000000000004,0.272727272727273,0.314606741573034,3,0
00-0036252,Michael Pittman,2024 W17,2024,17,NYG,25.9,0.27027027027027,0.197333333333333,10,0
00-0036252,Michael Pittman,2024 W18,2024,18,JAX,13.2,0.256410256410256,0.362903225806452,10,0
00-0036259,Jauan Jennings,2024 W14,2024,14,CHI,28.0,0.307692307692308,0.310606060606061,8,0
00-0036259,Jauan Jennings,2024 W15,2024,15,LA,5.1,0.290322580645161,0.325268817204301,9,0
00-0036259,Jauan Jennings,2024 W16,2024,16,MIA,9.100000000000001,0.162162162162162,0.43956043956044,6,0
00-0036259,Jauan Jennings,2024 W17,2024,17,DET,13.7,0.277777777777778,0.298507462686567,10,0
00-0036259,Jauan Jennings,2024 W18,2024,18,ARI,12.2,0.238095238095238,0.188059701492537,10,0
00-0036264,Jordan Love,2024 W14,2024,14,DET,16.54,,,0,4
00-0036264,Jordan Love,2024 W15,2024,15,SEA,21.56,,,0,1
00-0036264,Jordan Love,2024 W16,2024,16,NO,13.48,,,0,1
00-0036264,Jordan Love,2024 W17,2024,17,MIN,16.0,,,0,1
00-0036264,Jordan Love,2024 W18,2024,18,CHI,2.7600000000000002,,,0,0
00-0036265,AJ Dillon,2023 W12,2023,12,DET,11.1,0.1,0.0236486486486487,3,14
00-0036265,AJ Dillon,2023 W13,2023,13,KC,9.700000000000001,0.0285714285714286,-0.0037453183520599,1,18
00-0036265,AJ Dillon,2023 W14,2023,14,NYG,9.8,0.0789473684210526,-0.0135746606334842,3,15
00-0036265,AJ Dillon,2023 W16,2023,16,CAR,7.2,,,0,7
00-0036265,AJ Dillon,2023 W17,2023,17,MIN,2.7,,,0,7
00-0036271,Quez Watkins,2023 W1,2023,1,NE,3.7,0.0666666666666667,0.0103092783505155,2,0
00-0036271,Quez Watkins,2023 W5,2023,5,LA,2.4,0.0882352941176471,0.0643939393939394,3,0
00-0036271,Quez Watkins,2023 W13,2023,13,SF,5.800000000000001,0.0952380952380952,0.224080267558528,4,0
00-0036271,Quez Watkins,2023 W15,2023,15,SEA,0.0,0.0333333333333333,0.152542372881356,1,0
00-0036271,Quez Watkins,2023 W18,2023,18,NYG,23.3,0.333333333333333,0.343465045592705,11,0
00-0036275,D'Andre Swift,2024 W14,2024,14,SF,5.000000000000001,0.0833333333333333,-0.0285714285714286,2,14
00-0036275,D'Andre Swift,2024 W15,2024,15,MIN,9.9,0.032258064516129,0.0,1,19
00-0036275,D'Andre Swift,2024 W16,2024,16,DET,8.3,0.0810810810810811,-0.0326409495548961,3,9
00-0036275,D'Andre Swift,2024 W17,2024,17,SEA,12.100000000000001,0.192307692307692,-0.0479041916167665,5,12
00-0036275,D'Andre Swift,2024 W18,2024,18,GB,12.5,0.0833333333333333,0.276923076923077,2,20
00-0036290,Cole Kmet,2024 W12,2024,12,MIN,13.4,0.212765957446809,0.232044198895028,10,0
00-0036290,Cole Kmet,2024 W13,2024,13,DET,5.6,0.0833333333333333,0.0507726269315673,3,0
00-0036290,Cole Kmet,2024 W15,2024,15,MIN,2.4000000000000004,0.032258064516129,0.0,1,0
00-0036290,Cole Kmet,2024 W16,2024,16,DET,8.9,0.0540540540540541,0.0178041543026706,2,0
00-0036290,Cole Kmet,2024 W18,2024,18,GB,2.3,0.0833333333333333,0.0461538461538462,2,0
00-0036309,Darnell Mooney,2024 W13,2024,13,LAC,5.0,0.157894736842105,0.159722222222222,6,0
00-0036309,Darnell Mooney,2024 W14,2024,14,MIN,20.200000000000003,0.189189189189189,0.374570446735395,7,0
00-0036309,Darnell Mooney,2024 W15,2024,15,LV,0.0,0.0625,0.0925925925925926,1,0
00-0036309,Darnell Mooney,2024 W16,2024,16,NYG,13.200000000000001,0.230769230769231,0.459119496855346,6,0
00-0036309,Darnell Mooney,2024 W17,2024,17,WAS,5.7,0.142857142857143,0.151029748283753,5,0
00-0036322,Justin Jefferson,2024 W14,2024,14,ATL,32.2,0.25,0.371134020618557,7,0
00-0036322,Justin Jefferson,2024 W15,2024,15,CHI,20.3,0.378378378378378,0.531772575250836,14,0
00-0036322,Justin Jefferson,2024 W16,2024,16,SEA,36.4,0.371428571428571,0.578358208955224,13,0
00-0036322,Justin Jefferson,2024 W17,2024,17,GB,17.200000000000003,0.268292682926829,0.188311688311688,11,0
00-0036322,Justin Jefferson,2024 W18,2024,18,DET,8.4,0.236842105263158,0.197879858657244,9,0
00-0036331,Devin Duvernay,2024 W13,2024,13,HOU,4.300000000000001,0.0952380952380952,0.124735729386892,4,0
00-0036331,Devin Duvernay,2024 W14,2024,14,TEN,3.0999999999999996,0.1,0.0392156862745098,3,1
00-0036331,Devin Duvernay,2024 W15,2024,15,NYJ,7.2,0.0930232558139535,0.178082191780822,4,0
00-0036331,Devin Duvernay,2024 W16,2024,16,LV,1.3,0.0285714285714286,0.0131004366812227,1,0
00-0036331,Devin Duvernay,2024 W17,2024,17,TEN,1.4,0.0476190476190476,0.0236220472440945,1,0
00-0036345,K.J. Osborn,2024 W2,2024,2,SEA,1.7000000000000002,0.0833333333333333,0.0923076923076923,2,0
00-0036345,K.J. Osborn,2024 W4,2024,4,SF,1.3,0.15625,0.106508875739645,5,0
00-0036345,K.J. Osborn,2024 W7,2024,7,JAX,10.6,0.0833333333333333,0.0694444444444445,3,0
00-0036345,K.J. Osborn,2024 W8,2024,8,NYJ,0.0,0.0344827586206897,0.0656370656370656,1,0
00-0036345,K.J. Osborn,2024 W10,2024,10,CHI,0.0,0.0434782608695652,0.0603015075376884,1,0
00-0036355,Justin Herbert,2024 W14,2024,14,KC,15.719999999999999,,,0,4
00-0036355,Justin Herbert,2024 W15,2024,15,TB,17.8,,,0,0
00-0036355,Justin Herbert,2024 W16,2024,16,DEN,26.16,,,0,8
00-0036355,Justin Herbert,2024 W17,2024,17,NE,30.44,,,0,3
00-0036355,Justin Herbert,2024 W18,2024,18,LV,32.04,,,0,4
00-0036358,CeeDee Lamb,2024 W12,2024,12,WAS,16.8,0.375,0.212435233160622,12,1
00-0036358,CeeDee Lamb,2024 W13,2024,13,NYG,5.9,0.166666666666667,0.154411764705882,6,0
00-0036358,CeeDee Lamb,2024 W14,2024,14,CIN,21.4,0.225806451612903,0.206008583690987,7,1
00-0036358,CeeDee Lamb,2024 W15,2024,15,CAR,26.6,0.464285714285714,0.494047619047619,13,0
00-0036358,CeeDee Lamb,2024 W16,2024,16,TB,17.5,0.242424242424242,0.406113537117904,8,0
00-0036387,Jalen Reagor,2024 W9,2024,9,CLE,1.0,0.0769230769230769,0.0151515151515152,2,0
00-0036387,Jalen Reagor,2024 W10,2024,10,TEN,-0.2,0.0555555555555556,0.0263157894736842,1,2
00-0036387,Jalen Reagor,2024 W11,2024,11,CIN,0.0,0.0303030303030303,0.0535714285714286,1,0
00-0036387,Jalen Reagor,2024 W12,2024,12,BAL,4.0,0.111111111111111,0.0926430517711172,4,0
00-0036387,Jalen Reagor,2024 W14,2024,14,KC,1.4,0.0344827586206897,0.0100334448160535,1,0
00-0036389,Jalen Hurts,2024 W12,2024,12,LA,17.060000000000002,,,0,12
00-0036389,Jalen Hurts,2024 W13,2024,13,BAL,19.619999999999997,,,0,9
00-0036389,Jalen Hurts,2024 W14,2024,14,CAR,28.22,,,0,8
00-0036389,Jalen Hurts,2024 W15,2024,15,PIT,32.1,,,0,15
00-0036389,Jalen Hurts,2024 W16,2024,16,WAS,4.540000000000001,,,0,3
00-0036407,Jerry Jeudy,2024 W14,2024,14,PIT,17.4,0.162162162162162,0.184049079754601,6,0
00-0036407,Jerry Jeudy,2024 W15,2024,15,KC,21.8,0.4375,0.43984962406015,14,0
00-0036407,Jerry Jeudy,2024 W16,2024,16,CIN,4.0,0.0967741935483871,0.156756756756757,3,0
00-0036407,Jerry Jeudy,2024 W17,2024,17,MIA,21.4,0.418604651162791,0.485355648535565,18,0
00-0036407,Jerry Jeudy,2024 W18,2024,18,BAL,12.3,0.393939393939394,0.404761904761905,13,0
00-0036410,Tee Higgins,2024 W14,2024,14,DAL,4.300000000000001,0.116279069767442,0.146520146520147,5,0
00-0036410,Tee Higgins,2024 W15,2024,15,TEN,19.8,0.228571428571429,0.401639344262295,8,0
00-0036410,Tee Higgins,2024 W16,2024,16,CLE,19.8,0.392857142857143,0.36986301369863,11,0
00-0036410,Tee Higgins,2024 W17,2024,17,DEN,40.1,0.244897959183673,0.335276967930029,12,0
00-0036410,Tee Higgins,2024 W18,2024,18,PIT,9.3,0.108695652173913,0.248677248677249,5,0
00-0036415,Van Jefferson,2024 W14,2024,14,CLE,8.0,0.0416666666666667,0.0520833333333333,1,0
00-0036415,Van Jefferson,2024 W15,2024,15,PHI,1.0,0.0952380952380952,0.288590604026846,2,0
00-0036415,Van Jefferson,2024 W16,2024,16,BAL,4.7,0.115384615384615,0.156565656565657,3,0
00-0036415,Van Jefferson,2024 W17,2024,17,KC,0.0,0.0285714285714286,0.0122950819672131,1,0
00-0036415,Van Jefferson,2024 W18,2024,18,CIN,4.8,0.137931034482759,0.101941747572816,4,0
00-0036422,Adam Trautman,2024 W12,2024,12,LV,1.3,0.0512820512820513,0.030188679245283,2,0
00-0036422,Adam Trautman,2024 W13,2024,13,CLE,0.0,0.032258064516129,0.0123152709359606,1,0
00-0036422,Adam Trautman,2024 W15,2024,15,IND,10.0,0.0625,0.109826589595376,2,0
00-0036422,Adam Trautman,2024 W16,2024,16,LAC,1.5,0.0256410256410256,0.0079365079365079,1,0
00-0036422,Adam Trautman,2024 W17,2024,17,CIN,1.5,0.0967741935483871,0.0625,3,0
00-0036423,Albert Okwuegbunam,2023 W13,2023,13,SF,0.0,0.0238095238095238,0.0334448160535117,1,0
00-0036425,DeeJay Dallas,2024 W10,2024,10,NYJ,1.0,,,0,3
00-0036425,DeeJay Dallas,2024 W15,2024,15,NE,1.5,,,0,4
00-0036425,DeeJay Dallas,2024 W16,2024,16,CAR,7.1,0.0344827586206897,0.0054347826086956,1,0
00-0036425,DeeJay Dallas,2024 W17,2024,17,LA,1.5,0.0222222222222222,-0.0192307692307692,1,0
00-0036425,DeeJay Dallas,2024 W18,2024,18,SF,3.7,0.03125,-0.0179372197309417,1,1
00-0036427,Tyler Johnson,2024 W9,2024,9,SEA,6.800000000000001,0.119047619047619,0.0778301886792453,5,0
00-0036427,Tyler Johnson,2024 W10,2024,10,MIA,5.5,0.0909090909090909,0.0433333333333333,4,0
00-0036427,Tyler Johnson,2024 W12,2024,12,PHI,2.1,0.0294117647058824,0.0444444444444444,1,0
00-0036427,Tyler Johnson,2024 W13,2024,13,NO,0.0,0.0434782608695652,0.0362694300518135,1,0
00-0036427,Tyler Johnson,2024 W18,2024,18,SEA,13.5,0.175,0.17910447761194,7,0
00-0036429,Charlie Woerner,2024 W13,2024,13,LAC,1.5,0.0263157894736842,0.0104166666666667,1,0
00-0036429,Charlie Woerner,2024 W14,2024,14,MIN,2.1,0.027027027027027,0.0378006872852234,1,0
00-0036429,Charlie Woerner,2024 W15,2024,15,LV,2.7,0.1875,0.0648148148148148,3,0
00-0036429,Charlie Woerner,2024 W16,2024,16,NYG,0.0,0.0769230769230769,0.0251572327044025,2,0
00-0036429,Charlie Woerner,2024 W17,2024,17,WAS,1.6,0.0285714285714286,0.0137299771167048,1,0
00-0036442,Joe Burrow,2024 W14,2024,14,DAL,30.56,,,0,2
00-0036442,Joe Burrow,2024 W15,2024,15,TEN,22.84,,,0,0
00-0036442,Joe Burrow,2024 W16,2024,16,CLE,27.979999999999997,,,0,2
00-0036442,Joe Burrow,2024 W17,2024,17,DEN,42.980000000000004,,,0,4
00-0036442,Joe Burrow,2024 W18,2024,18,PIT,14.979999999999999,,,0,1
00-0036463,Chris Blair,2024 W16,2024,16,NYG,2.7,0.0384615384615385,0.106918238993711,1,0
00-0036463,Chris Blair,2024 W17,2024,17,WAS,0.0,0.0285714285714286,0.045766590389016,1,0
00-0036497,Tim Jones,2023 W17,2023,17,CAR,0.0,0.0434782608695652,0.0884353741496599,1,0
00-0036497,Tim Jones,2023 W18,2023,18,TEN,1.7000000000000002,0.0487804878048781,0.0166112956810631,2,0
00-0036497,Tim Jones,2024 W8,2024,8,GB,3.0,0.0666666666666667,0.0410958904109589,2,0
00-0036497,Tim Jones,2024 W9,2024,9,PHI,2.0,0.0666666666666667,0.0636704119850187,2,0
00-0036497,Tim Jones,2024 W17,2024,17,TEN,2.1,0.0476190476190476,0.0866141732283465,1,0
00-0036534,Shane Zylstra,2024 W11,2024,11,JAX,3.2,0.032258064516129,0.0348837209302326,1,0
00-0036550,Rashod Bateman,2024 W12,2024,12,LAC,12.3,0.142857142857143,0.350710900473934,3,0
00-0036550,Rashod Bateman,2024 W15,2024,15,NYG,23.0,0.208333333333333,0.466666666666667,5,0
00-0036550,Rashod Bateman,2024 W16,2024,16,PIT,8.4,0.130434782608696,0.102678571428571,3,0
00-0036550,Rashod Bateman,2024 W17,2024,17,HOU,2.2,0.0625,0.0529100529100529,1,0
00-0036550,Rashod Bateman,2024 W18,2024,18,CLE,18.6,0.266666666666667,0.341726618705036,8,0
00-0036554,Nico Collins,2024 W13,2024,13,JAX,19.9,0.333333333333333,0.307692307692308,11,0
00-0036554,Nico Collins,2024 W15,2024,15,MIA,17.7,0.24,0.25,6,0
00-0036554,Nico Collins,2024 W16,2024,16,KC,13.0,0.27027027027027,0.26123595505618,10,0
00-0036554,Nico Collins,2024 W17,2024,17,BAL,8.9,0.193548387096774,0.415032679738562,6,0
00-0036554,Nico Collins,2024 W18,2024,18,TEN,14.8,0.178571428571429,0.116022099447514,5,0
00-0036555,Chuba Hubbard,2024 W12,2024,12,KC,15.0,0.151515151515152,0.0240549828178694,5,16
00-0036555,Chuba Hubbard,2024 W13,2024,13,TB,2.3,,,0,12
00-0036555,Chuba Hubbard,2024 W14,2024,14,PHI,20.700000000000003,0.151515151515152,-0.0136986301369863,5,26
00-0036555,Chuba Hubbard,2024 W15,2024,15,DAL,8.9,0.148148148148148,0.0,4,10
00-0036555,Chuba Hubbard,2024 W16,2024,16,ARI,32.5,0.208333333333333,-0.119205298013245,5,25
00-0036556,Brevin Jordan,2023 W15,2023,15,TEN,2.4000000000000004,0.0294117647058824,0.037593984962406,1,0
00-0036556,Brevin Jordan,2023 W16,2023,16,CLE,4.7,0.0625,0.0870786516853933,3,0
00-0036556,Brevin Jordan,2023 W17,2023,17,TEN,9.9,0.0645161290322581,-0.0130718954248366,2,0
00-0036556,Brevin Jordan,2024 W1,2024,1,IND,1.3,0.0645161290322581,-0.0080645161290322,2,0
00-0036556,Brevin Jordan,2024 W2,2024,2,CHI,1.4,0.0294117647058824,0.0116279069767442,1,0
00-0036567,Elijah Mitchell,2023 W11,2023,11,TB,2.4000000000000004,,,0,4
00-0036567,Elijah Mitchell,2023 W12,2023,12,SEA,4.6000000000000005,0.0333333333333333,-0.0223880597014925,1,7
00-0036567,Elijah Mitchell,2023 W13,2023,13,PHI,1.3,,,0,3
00-0036567,Elijah Mitchell,2023 W17,2023,17,WAS,14.0,,,0,17
00-0036567,Elijah Mitchell,2023 W18,2023,18,LA,14.7,0.08,0.0238095238095238,2,14
00-0036569,Gary Brightwell,2023 W1,2023,1,DAL,3.1,0.0689655172413793,-0.0649350649350649,2,1
00-0036569,Gary Brightwell,2023 W3,2023,3,SF,5.6,0.09375,0.0492610837438424,3,4
00-0036569,Gary Brightwell,2023 W4,2023,4,SEA,2.9,0.0625,-0.0566037735849057,2,4
00-0036590,Quintin Morris,2024 W9,2024,9,MIA,7.2,0.0277777777777778,0.0152671755725191,1,0
00-0036590,Quintin Morris,2024 W11,2024,11,KC,0.0,0.0263157894736842,0.116104868913858,1,0
00-0036590,Quintin Morris,2024 W13,2024,13,SF,2.4000000000000004,0.0555555555555556,0.0540540540540541,1,0
00-0036590,Quintin Morris,2024 W17,2024,17,NYJ,0.0,0.037037037037037,0.113207547169811,1,0
00-0036590,Quintin Morris,2024 W18,2024,18,NE,5.0,0.129032258064516,0.0474137931034483,4,0
00-0036613,Jaylen Waddle,2024 W12,2024,12,NE,28.4,0.225,0.453744493392071,9,0
00-0036613,Jaylen Waddle,2024 W13,2024,13,GB,11.3,0.0869565217391304,0.147435897435897,4,0
00-0036613,Jaylen Waddle,2024 W14,2024,14,NYJ,20.9,0.266666666666667,0.402214022140221,12,0
00-0036613,Jaylen Waddle,2024 W15,2024,15,HOU,0.0,0.0512820512820513,0.168539325842697,2,0
00-0036613,Jaylen Waddle,2024 W18,2024,18,NYJ,9.0,0.243243243243243,0.431159420289855,9,1
00-0036626,Dyami Brown,2024 W12,2024,12,DAL,5.6000000000000005,0.0588235294117647,0.0567375886524823,2,1
00-0036626,Dyami Brown,2024 W13,2024,13,TEN,7.9,0.166666666666667,0.234939759036145,5,1
00-0036626,Dyami Brown,2024 W15,2024,15,NO,6.0,0.129032258064516,0.0151515151515152,4,0
00-0036626,Dyami Brown,2024 W16,2024,16,PHI,7.600000000000001,0.138888888888889,0.285211267605634,5,0
00-0036626,Dyami Brown,2024 W18,2024,18,DAL,5.4,0.133333333333333,0.0649350649350649,4,1
00-0036628,John Bates,2024 W12,2024,12,DAL,0.2999999999999998,0.0294117647058824,0.0354609929078014,1,0
00-0036628,John Bates,2024 W15,2024,15,NO,1.6,0.032258064516129,0.0113636363636364,1,0
00-0036628,John Bates,2024 W16,2024,16,PHI,0.0,0.0277777777777778,-0.0070422535211267,1,0
00-0036628,John Bates,2024 W17,2024,17,ATL,2.4000000000000004,0.0285714285714286,0.0247933884297521,1,0
00-0036628,John Bates,2024 W18,2024,18,DAL,0.0,0.0333333333333333,0.103896103896104,1,0
00-0036630,Tylan Wallace,2024 W12,2024,12,LAC,2.5,0.0476190476190476,0.037914691943128,1,0
00-0036630,Tylan Wallace,2024 W13,2024,13,PHI,3.4000000000000004,0.0571428571428571,0.0228571428571429,2,0
00-0036630,Tylan Wallace,2024 W15,2024,15,NYG,1.8,0.0416666666666667,0.025,1,0
00-0036630,Tylan Wallace,2024 W17,2024,17,HOU,1.2,0.0625,-0.0052910052910052,1,0
00-0036630,Tylan Wallace,2024 W18,2024,18,CLE,0.0,0.0333333333333333,0.0287769784172662,1,0
00-0036635,Ihmir Smith-Marsette,2023 W15,2023,15,ATL,5.199999999999999,0.0869565217391304,-0.0483870967741936,2,4
00-0036635,Ihmir Smith-Marsette,2023 W16,2023,16,GB,12.100000000000001,0.03125,0.0235988200589971,1,2
00-0036635,Ihmir Smith-Marsette,2023 W17,2023,17,JAX,4.2,0.0967741935483871,0.0040485829959514,3,1
00-0036635,Ihmir Smith-Marsette,2023 W18,2023,18,TB,1.6,0.111111111111111,-0.0095238095238095,2,0
00-0036635,Ihmir Smith-Marsette,2024 W17,2024,17,IND,6.0,,,0,0
00-0036637,Noah Gray,2024 W14,2024,14,LAC,6.6,0.138888888888889,0.0461538461538462,5,0
00-0036637,Noah Gray,2024 W15,2024,15,CLE,10.1,0.131578947368421,0.0847953216374269,5,0
00-0036637,Noah Gray,2024 W16,2024,16,HOU,2.0,0.024390243902439,0.0257510729613734,1,0
00-0036637,Noah Gray,2024 W17,2024,17,PIT,1.6,0.0263157894736842,0.0,1,0
00-0036637,Noah Gray,2024 W18,2024,18,DEN,0.7,0.0588235294117647,0.0,1,1
00-0036646,Simi Fehoko,2024 W3,2024,3,PIT,2.7,0.157894736842105,0.235714285714286,3,0
00-0036646,Simi Fehoko,2024 W6,2024,6,DEN,6.4,0.129032258064516,0.284644194756554,4,0
00-0036646,Simi Fehoko,2024 W7,2024,7,ARI,7.5,0.162162162162162,0.246246246246246,6,0
00-0036646,Simi Fehoko,2024 W8,2024,8,NO,0.0,0.0666666666666667,0.178260869565217,2,0
00-0036646,Simi Fehoko,2024 W9,2024,9,CLE,0.0,0.0384615384615385,0.0151515151515152,1,0
00-0036727,Adam Prentice,2023 W17,2023,17,TB,2.4000000000000004,0.0294117647058824,0.0306748466257669,1,1
00-0036727,Adam Prentice,2024 W2,2024,2,DAL,0.0,0.0666666666666667,0.0217391304347826,1,0
00-0036727,Adam Prentice,2024 W8,2024,8,LAC,0.0,0.0263157894736842,0.0145985401459854,1,0
00-0036727,Adam Prentice,2024 W9,2024,9,CAR,0.0,0.0357142857142857,0.0,1,0
00-0036727,Adam Prentice,2024 W17,2024,17,LV,0.0,0.0294117647058824,-0.0120967741935484,1,0
00-0036741,Jack Stoll,2023 W11,2023,11,KC,1.3,0.0952380952380952,0.0068027210884353,2,0
00-0036741,Jack Stoll,2023 W12,2023,12,BUF,2.4000000000000004,0.0714285714285714,0.0306122448979592,2,0
00-0036741,Jack Stoll,2023 W18,2023,18,NYG,2.1,0.0303030303030303,0.0091185410334346,1,0
00-0036741,Jack Stoll,2024 W4,2024,4,TB,1.4,0.0689655172413793,0.0276679841897233,2,0
00-0036741,Jack Stoll,2024 W8,2024,8,CIN,1.6,0.0526315789473684,0.0277777777777778,1,0
00-0036754,Brock Wright,2024 W9,2024,9,GB,1.1,0.05,-0.0121951219512195,1,0
00-0036754,Brock Wright,2024 W11,2024,11,JAX,7.5,0.032258064516129,0.0193798449612403,1,0
00-0036754,Brock Wright,2024 W12,2024,12,IND,4.4,0.0606060606060606,-0.0398009950248756,2,0
00-0036754,Brock Wright,2024 W13,2024,13,CHI,2.3,0.032258064516129,0.0136363636363636,1,0
00-0036754,Brock Wright,2024 W14,2024,14,GB,0.0,0.025,0.111607142857143,1,0
00-0036825,Feleipe Franks,2024 W4,2024,4,CIN,0.0,0.025,0.0562913907284768,1,0
00-0036825,Feleipe Franks,2024 W13,2024,13,TB,0.0,0.024390243902439,0.0498753117206983,1,0
00-0036825,Feleipe Franks,2024 W18,2024,18,ATL,2.2,0.0285714285714286,0.0387096774193548,1,0
00-0036841,Austin Trammell,2023 W9,2023,9,GB,1.6,0.037037037037037,0.0200803212851406,1,0
00-0036841,Austin Trammell,2023 W11,2023,11,SEA,5.300000000000001,0.206896551724138,0.131578947368421,6,0
00-0036841,Austin Trammell,2024 W9,2024,9,PHI,6.0,0.1,0.164794007490637,3,0
00-0036842,Kene Nwangwu,2023 W10,2023,10,NO,0.9,,,0,2
00-0036842,Kene Nwangwu,2023 W14,2023,14,LV,0.30000000000000004,,,0,2
00-0036842,Kene Nwangwu,2023 W15,2023,15,CIN,0.1,,,0,1
00-0036842,Kene Nwangwu,2024 W13,2024,13,SEA,6.0,,,0,0
00-0036849,Tutu Atwell,2024 W13,2024,13,NO,5.9,0.0869565217391304,0.202072538860104,2,1
00-0036849,Tutu Atwell,2024 W14,2024,14,BUF,7.5,0.1,0.12589928057554,3,0
00-0036849,Tutu Atwell,2024 W15,2024,15,SF,1.6,0.0769230769230769,0.096045197740113,2,0
00-0036849,Tutu Atwell,2024 W16,2024,16,NYJ,2.2,0.105263157894737,0.246376811594203,2,0
00-0036849,Tutu Atwell,2024 W18,2024,18,SEA,8.7,0.2,0.378109452736318,8,0
00-0036862,Ben Skowronek,2023 W18,2023,18,SF,4.2,0.0869565217391304,0.0844155844155844,2,0
00-0036862,Ben Skowronek,2024 W11,2024,11,BAL,1.4,0.03125,0.0225988700564972,1,0
00-0036862,Ben Skowronek,2024 W13,2024,13,CIN,3.3000000000000003,0.0277777777777778,0.0721649484536082,1,0
00-0036862,Ben Skowronek,2024 W15,2024,15,PHI,2.7,0.0476190476190476,0.0201342281879195,1,0
00-0036862,Ben Skowronek,2024 W16,2024,16,BAL,4.5,0.0769230769230769,0.095959595959596,2,0
00-0036875,Rhamondre Stevenson,2024 W12,2024,12,MIA,3.3,0.0540540540540541,0.0171232876712329,2,8
00-0036875,Rhamondre Stevenson,2024 W13,2024,13,IND,12.4,0.1,0.0101010101010101,3,18
00-0036875,Rhamondre Stevenson,2024 W15,2024,15,ARI,9.5,0.0434782608695652,-0.0404624277456647,1,13
00-0036875,Rhamondre Stevenson,2024 W16,2024,16,BUF,12.3,0.032258064516129,-0.0217391304347826,1,12
00-0036875,Rhamondre Stevenson,2024 W17,2024,17,LAC,0.1,0.0434782608695652,0.0,1,2
00-0036876,Kylen Granson,2024 W12,2024,12,DET,0.0,0.08,0.0596590909090909,2,0
00-0036876,Kylen Granson,2024 W13,2024,13,NE,0.0,0.125,0.276649746192893,3,0
00-0036876,Kylen Granson,2024 W15,2024,15,DEN,7.7,0.111111111111111,0.073015873015873,4,0
00-0036876,Kylen Granson,2024 W17,2024,17,NYG,6.4,0.108108108108108,0.0426666666666667,4,0
00-0036876,Kylen Granson,2024 W18,2024,18,JAX,1.7000000000000002,0.102564102564103,0.150537634408602,4,0
00-0036887,Luke Farrell,2024 W10,2024,10,MIN,3.6,0.0952380952380952,0.0454545454545455,2,0
00-0036887,Luke Farrell,2024 W11,2024,11,DET,1.3,0.0714285714285714,0.0903790087463557,2,0
00-0036887,Luke Farrell,2024 W13,2024,13,HOU,0.0,0.0238095238095238,0.0147991543340381,1,0
00-0036887,Luke Farrell,2024 W16,2024,16,LV,2.8,0.0857142857142857,0.0393013100436681,3,0
00-0036887,Luke Farrell,2024 W18,2024,18,IND,1.4,0.032258064516129,0.0111111111111111,1,0
00-0036894,Pat Freiermuth,2024 W14,2024,14,CLE,13.8,0.125,0.166666666666667,3,0
00-0036894,Pat Freiermuth,2024 W15,2024,15,PHI,11.2,0.285714285714286,0.335570469798658,6,0
00-0036894,Pat Freiermuth,2024 W16,2024,16,BAL,4.6,0.115384615384615,0.0808080808080808,3,0
00-0036894,Pat Freiermuth,2024 W17,2024,17,KC,11.0,0.228571428571429,0.233606557377049,8,0
00-0036894,Pat Freiermuth,2024 W18,2024,18,CIN,22.5,0.379310344827586,0.330097087378641,11,0
00-0036898,Davis Mills,2023 W16,2023,16,CLE,20.86,,,0,2
00-0036898,Davis Mills,2024 W3,2024,3,MIN,3.16,,,0,0
00-0036898,Davis Mills,2024 W6,2024,6,NE,0.0,,,0,0
00-0036898,Davis Mills,2024 W17,2024,17,BAL,0.2,,,0,0
00-0036898,Davis Mills,2024 W18,2024,18,TEN,6.220000000000001,,,0,3
00-0036900,Ja'Marr Chase,2024 W14,2024,14,DAL,45.1,0.418604651162791,0.597069597069597,18,1
00-0036900,Ja'Marr Chase,2024 W15,2024,15,TEN,18.4,0.314285714285714,0.274590163934426,11,0
00-0036900,Ja'Marr Chase,2024 W16,2024,16,CLE,22.400000000000002,0.285714285714286,0.319634703196347,8,1
00-0036900,Ja'Marr Chase,2024 W17,2024,17,DEN,19.200000000000003,0.306122448979592,0.323615160349854,15,0
00-0036900,Ja'Marr Chase,2024 W18,2024,18,PIT,25.6,0.304347826086957,0.46031746031746,14,0
00-0036912,DeVonta Smith,2024 W11,2024,11,WAS,6.9,0.24,0.267080745341615,6,0
00-0036912,DeVonta Smith,2024 W14,2024,14,CAR,13.7,0.315789473684211,0.330357142857143,6,0
00-0036912,DeVonta Smith,2024 W15,2024,15,PIT,28.0,0.387096774193548,0.328502415458937,12,1
00-0036912,DeVonta Smith,2024 W16,2024,16,WAS,11.100000000000001,0.32,0.205357142857143,8,0
00-0036912,DeVonta Smith,2024 W17,2024,17,DAL,30.0,0.388888888888889,0.445054945054945,7,0
00-0036919,Kenneth Gainwell,2024 W14,2024,14,CAR,5.3,0.105263157894737,0.0267857142857143,2,3
00-0036919,Kenneth Gainwell,2024 W15,2024,15,PIT,9.0,0.0967741935483871,-0.0144927536231884,3,7
00-0036919,Kenneth Gainwell,2024 W16,2024,16,WAS,2.3000000000000003,0.04,0.0089285714285714,1,4
00-0036919,Kenneth Gainwell,2024 W17,2024,17,DAL,1.9,0.0555555555555556,-0.0274725274725275,1,3
00-0036919,Kenneth Gainwell,2024 W18,2024,18,NYG,4.300000000000001,0.0975609756097561,0.0592592592592593,4,11
00-0036924,Michael Carter,2023 W17,2023,17,PHI,13.700000000000001,0.032258064516129,0.0,1,7
00-0036924,Michael Carter,2023 W18,2023,18,SEA,2.9000000000000004,0.0689655172413793,0.0058823529411764,2,4
00-0036924,Michael Carter,2024 W16,2024,16,CAR,9.8,0.172413793103448,-0.0271739130434783,5,5
00-0036924,Michael Carter,2024 W17,2024,17,LA,10.1,0.0444444444444444,-0.0096153846153846,2,13
00-0036924,Michael Carter,2024 W18,2024,18,SF,15.9,0.125,-0.0358744394618834,4,17
00-0036945,Justin Fields,2024 W6,2024,6,LV,23.7,,,0,11
00-0036945,Justin Fields,2024 W11,2024,11,BAL,1.7000000000000002,,,0,2
00-0036945,Justin Fields,2024 W12,2024,12,CLE,2.6,,,0,3
00-0036945,Justin Fields,2024 W13,2024,13,CIN,0.7000000000000001,,,0,1
00-0036945,Justin Fields,2024 W15,2024,15,PHI,0.8,,,0,1
00-0036955,Terrace Marshall Jr.,2024 W13,2024,13,KC,0.0,0.0294117647058824,0.0037735849056603,1,0
00-0036955,Terrace Marshall Jr.,2024 W14,2024,14,TB,1.6,0.0285714285714286,0.0186567164179104,1,0
00-0036955,Terrace Marshall Jr.,2024 W15,2024,15,ATL,1.7000000000000002,0.0294117647058824,0.0230263157894737,1,0
00-0036955,Terrace Marshall Jr.,2024 W16,2024,16,JAX,0.0,0.027027027027027,0.012987012987013,1,0
00-0036955,Terrace Marshall Jr.,2024 W17,2024,17,NO,3.8000000000000003,0.0571428571428571,0.106194690265487,2,0
00-0036963,Amon-Ra St. Brown,2024 W14,2024,14,GB,10.3,0.15,0.196428571428571,6,1
00-0036963,Amon-Ra St. Brown,2024 W15,2024,15,BUF,37.3,0.333333333333333,0.345771144278607,18,0
00-0036963,Amon-Ra St. Brown,2024 W16,2024,16,CHI,19.0,0.25,0.294444444444444,8,0
00-0036963,Amon-Ra St. Brown,2024 W17,2024,17,SF,20.0,0.303030303030303,0.378205128205128,10,0
00-0036963,Amon-Ra St. Brown,2024 W18,2024,18,MIN,13.7,0.21875,0.329411764705882,7,0
00-0036970,Kyle Pitts,2024 W14,2024,14,MIN,2.4000000000000004,0.162162162162162,0.285223367697594,6,0
00-0036970,Kyle Pitts,2024 W15,2024,15,LV,6.800000000000001,0.25,0.175925925925926,4,0
00-0036970,Kyle Pitts,2024 W16,2024,16,NYG,1.7000000000000002,0.0769230769230769,0.0691823899371069,2,0
00-0036970,Kyle Pitts,2024 W17,2024,17,WAS,14.4,0.142857142857143,0.125858123569794,5,0
00-0036970,Kyle Pitts,2024 W18,2024,18,CAR,3.5,0.0810810810810811,0.0071770334928229,3,0
00-0036971,Trevor Lawrence,2024 W6,2024,6,CHI,21.06,,,0,4
00-0036971,Trevor Lawrence,2024 W7,2024,7,NE,17.02,,,0,2
00-0036971,Trevor Lawrence,2024 W8,2024,8,GB,27.32,,,0,4
00-0036971,Trevor Lawrence,2024 W9,2024,9,PHI,19.56,,,0,5
00-0036971,Trevor Lawrence,2024 W13,2024,13,HOU,0.2400000000000002,,,0,1
00-0036972,Mac Jones,2024 W14,2024,14,TEN,5.1000000000000005,,,0,3
00-0036972,Mac Jones,2024 W15,2024,15,NYJ,22.659999999999997,,,0,4
00-0036972,Mac Jones,2024 W16,2024,16,LV,15.88,,,0,0
00-0036972,Mac Jones,2024 W17,2024,17,TEN,21.16,,,0,6
00-0036972,Mac Jones,2024 W18,2024,18,IND,14.7,,,0,5
00-0036973,Travis Etienne,2024 W14,2024,14,TEN,11.0,0.133333333333333,-0.0130718954248366,4,4
00-0036973,Travis Etienne,2024 W15,2024,15,NYJ,12.5,0.116279069767442,-0.0308219178082192,5,14
00-0036973,Travis Etienne,2024 W16,2024,16,LV,5.7,0.0857142857142857,-0.0043668122270742,3,9
00-0036973,Travis Etienne,2024 W17,2024,17,TEN,8.5,0.0952380952380952,0.0078740157480315,2,15
00-0036973,Travis Etienne,2024 W18,2024,18,IND,9.0,0.161290322580645,-0.0407407407407407,5,13
00-0036980,Elijah Moore,2024 W14,2024,14,PIT,6.4,0.108108108108108,0.138036809815951,4,0
00-0036980,Elijah Moore,2024 W15,2024,15,KC,1.9,0.1875,0.315789473684211,6,0
00-0036980,Elijah Moore,2024 W16,2024,16,CIN,4.1,0.161290322580645,0.254054054054054,5,0
00-0036980,Elijah Moore,2024 W17,2024,17,MIA,1.1,0.116279069767442,0.200836820083682,5,0
00-0036980,Elijah Moore,2024 W18,2024,18,BAL,6.6,0.151515151515152,0.19047619047619,5,0
00-0036988,Josh Palmer,2024 W13,2024,13,ATL,4.1,0.0416666666666667,0.0662650602409639,1,0
00-0036988,Josh Palmer,2024 W14,2024,14,KC,13.8,0.310344827586207,0.464882943143813,9,0
00-0036988,Josh Palmer,2024 W15,2024,15,TB,3.0,0.09375,0.0929368029739777,3,0
00-0036988,Josh Palmer,2024 W16,2024,16,DEN,9.100000000000001,0.2,0.521978021978022,6,0
00-0036988,Josh Palmer,2024 W17,2024,17,NE,8.100000000000001,0.15,0.216931216931217,6,0
00-0036997,Javonte Williams,2024 W13,2024,13,CLE,7.3999999999999995,0.0645161290322581,0.0,2,4
00-0036997,Javonte Williams,2024 W15,2024,15,IND,4.3,0.09375,0.0057803468208092,3,6
00-0036997,Javonte Williams,2024 W16,2024,16,LAC,12.3,0.282051282051282,-0.246031746031746,11,4
00-0036997,Javonte Williams,2024 W17,2024,17,CIN,2.0,0.0645161290322581,0.0,2,0
00-0036997,Javonte Williams,2024 W18,2024,18,KC,10.8,0.137931034482759,0.0487804878048781,4,5
00-0037004,Hunter Long,2024 W8,2024,8,MIN,2.8,0.0294117647058824,0.0386100386100386,1,0
00-0037004,Hunter Long,2024 W9,2024,9,SEA,1.4,0.0238095238095238,0.0023584905660377,1,0
00-0037004,Hunter Long,2024 W13,2024,13,NO,0.0,0.0434782608695652,-0.0103626943005181,1,0
00-0037004,Hunter Long,2024 W14,2024,14,BUF,6.0,0.0333333333333333,0.0107913669064748,1,0
00-0037004,Hunter Long,2024 W15,2024,15,SF,3.7,0.0769230769230769,0.0395480225988701,2,0
00-0037005,Tommy Tremble,2024 W13,2024,13,TB,12.7,0.195121951219512,0.134663341645885,8,0
00-0037005,Tommy Tremble,2024 W14,2024,14,PHI,7.3,0.0606060606060606,0.0246575342465753,2,0
00-0037005,Tommy Tremble,2024 W15,2024,15,DAL,3.5,0.0740740740740741,0.0428571428571429,2,0
00-0037005,Tommy Tremble,2024 W16,2024,16,ARI,6.2,0.125,0.0596026490066225,3,0
00-0037005,Tommy Tremble,2024 W18,2024,18,ATL,11.0,0.0857142857142857,0.0774193548387097,3,0
00-0037012,Trey Lance,2024 W10,2024,10,PHI,0.54,,,0,3
00-0037012,Trey Lance,2024 W12,2024,12,WAS,-0.30000000000000004,,,0,1
00-0037012,Trey Lance,2024 W17,2024,17,PHI,0.14,,,0,1
00-0037012,Trey Lance,2024 W18,2024,18,WAS,12.36,,,0,6
00-0037013,Zach Wilson,2023 W9,2023,9,LAC,7.219999999999999,,,0,2
00-0037013,Zach Wilson,2023 W10,2023,10,LV,13.92,,,0,4
00-0037013,Zach Wilson,2023 W11,2023,11,BUF,8.74,,,0,4
00-0037013,Zach Wilson,2023 W14,2023,14,HOU,23.24,,,0,3
00-0037013,Zach Wilson,2023 W15,2023,15,MIA,-0.96,,,0,0
00-0037077,Sam Howell,2023 W15,2023,15,LA,10.280000000000001,,,0,3
00-0037077,Sam Howell,2023 W16,2023,16,NYJ,-1.7599999999999998,,,0,0
00-0037077,Sam Howell,2023 W17,2023,17,SF,8.66,,,0,1
00-0037077,Sam Howell,2023 W18,2023,18,DAL,9.420000000000002,0.0357142857142857,0.0064935064935064,1,4
00-0037077,Sam Howell,2024 W15,2024,15,GB,-0.8400000000000001,,,0,1
00-0037078,Cole Turner,2023 W3,2023,3,BUF,7.5,0.241379310344828,0.253658536585366,7,0
00-0037078,Cole Turner,2023 W5,2023,5,CHI,1.9,0.0208333333333333,0.0186666666666667,1,0
00-0037078,Cole Turner,2023 W11,2023,11,NYG,1.7000000000000002,0.0238095238095238,0.0115830115830116,1,0
00-0037078,Cole Turner,2023 W12,2023,12,DAL,3.9000000000000004,0.0227272727272727,0.0369318181818182,1,0
00-0037078,Cole Turner,2023 W13,2023,13,MIA,1.2,0.0454545454545455,0.0,1,0
00-0037085,Tyler Badie,2024 W2,2024,2,PIT,2.8000000000000003,0.0303030303030303,0.0068027210884353,1,1
00-0037085,Tyler Badie,2024 W3,2024,3,TB,7.0,,,0,9
00-0037085,Tyler Badie,2024 W4,2024,4,NYJ,-0.3999999999999999,0.08,-0.0316205533596838,2,1
00-0037086,Grant Calcaterra,2024 W12,2024,12,LA,0.0,0.0526315789473684,0.0458715596330275,1,0
00-0037086,Grant Calcaterra,2024 W14,2024,14,CAR,10.6,0.157894736842105,0.0892857142857143,3,0
00-0037086,Grant Calcaterra,2024 W15,2024,15,PIT,3.2,0.032258064516129,0.106280193236715,1,0
00-0037086,Grant Calcaterra,2024 W17,2024,17,DAL,4.4,0.111111111111111,0.186813186813187,2,0
00-0037086,Grant Calcaterra,2024 W18,2024,18,NYG,3.0,0.0975609756097561,0.0518518518518519,4,0
00-0037093,Dareke Young,2024 W1,2024,1,DEN,0.0,0.04,0.0538922155688623,1,0
00-0037098,Samori Toure,2023 W4,2023,4,DET,4.5,0.0294117647058824,0.105105105105105,1,0
00-0037098,Samori Toure,2023 W7,2023,7,DEN,1.3,0.0625,0.203619909502262,2,0
00-0037098,Samori Toure,2023 W14,2023,14,NYG,4.2,0.105263157894737,0.253393665158371,4,0
00-0037098,Samori Toure,2023 W16,2023,16,CAR,0.0,0.0769230769230769,0.1,2,0
00-0037098,Samori Toure,2023 W17,2023,17,MIN,0.3999999999999999,0.0294117647058824,-0.0168067226890756,1,0
00-0037120,Tyler Goodson,2024 W8,2024,8,HOU,0.0,0.032258064516129,0.0511247443762781,1,0
00-0037120,Tyler Goodson,2024 W10,2024,10,BUF,8.9,0.0857142857142857,0.0434782608695652,3,0
00-0037120,Tyler Goodson,2024 W15,2024,15,DEN,0.30000000000000004,,,0,1
00-0037120,Tyler Goodson,2024 W16,2024,16,TEN,2.2,,,0,4
00-0037120,Tyler Goodson,2024 W18,2024,18,JAX,1.5,0.0512820512820513,0.0,2,0
00-0037132,Britain Covey,2023 W16,2023,16,NYG,1.7000000000000002,0.0277777777777778,-0.0152284263959391,1,0
00-0037132,Britain Covey,2023 W18,2023,18,NYG,6.5,0.151515151515152,0.167173252279635,5,0
00-0037132,Britain Covey,2024 W2,2024,2,ATL,8.3,0.206896551724138,0.0621468926553672,6,0
00-0037132,Britain Covey,2024 W3,2024,3,NO,2.1,0.0277777777777778,-0.0193050193050193,1,0
00-0037132,Britain Covey,2024 W13,2024,13,BAL,0.0,0.0588235294117647,0.0214285714285714,1,0
00-0037156,Irvin Charles,2023 W18,2023,18,NE,0.0,0.0555555555555556,0.0268456375838926,1,0
00-0037156,Irvin Charles,2024 W7,2024,7,PIT,0.0,0.0256410256410256,0.0147783251231527,1,0
00-0037157,Bam Knight,2023 W3,2023,3,ATL,1.3,,,0,3
00-0037157,Bam Knight,2023 W5,2023,5,CAR,1.8,0.037037037037037,-0.0301204819277108,1,0
00-0037197,Isiah Pacheco,2024 W13,2024,13,LV,5.9,0.0222222222222222,-0.0077922077922077,1,7
00-0037197,Isiah Pacheco,2024 W14,2024,14,LAC,8.1,0.111111111111111,0.0038461538461538,4,14
00-0037197,Isiah Pacheco,2024 W15,2024,15,CLE,5.7,0.0263157894736842,0.0058479532163742,1,13
00-0037197,Isiah Pacheco,2024 W16,2024,16,HOU,3.5,0.0487804878048781,-0.0214592274678112,2,9
00-0037197,Isiah Pacheco,2024 W17,2024,17,PIT,1.8,,,0,6
00-0037228,Jaylen Warren,2024 W14,2024,14,CLE,9.2,0.208333333333333,-0.078125,5,9
00-0037228,Jaylen Warren,2024 W15,2024,15,PHI,2.5,0.0952380952380952,-0.0335570469798658,2,4
00-0037228,Jaylen Warren,2024 W16,2024,16,BAL,14.200000000000001,0.192307692307692,0.0353535353535354,5,12
00-0037228,Jaylen Warren,2024 W17,2024,17,KC,16.200000000000003,0.171428571428571,0.0081967213114754,6,11
00-0037228,Jaylen Warren,2024 W18,2024,18,CIN,2.1,0.0344827586206897,-0.0194174757281553,1,6
00-0037231,Kevin Austin Jr.,2024 W14,2024,14,NYG,1.5,0.161290322580645,0.257668711656442,5,0
00-0037231,Kevin Austin Jr.,2024 W15,2024,15,WAS,1.8,0.103448275862069,0.14336917562724,3,0
00-0037231,Kevin Austin Jr.,2024 W16,2024,16,GB,2.7,0.142857142857143,0.164383561643836,4,0
00-0037231,Kevin Austin Jr.,2024 W17,2024,17,LV,3.3000000000000003,0.0588235294117647,0.120967741935484,2,0
00-0037231,Kevin Austin Jr.,2024 W18,2024,18,TB,2.3,0.0256410256410256,0.0121951219512195,1,0
00-0037238,Drake London,2024 W14,2024,14,MIN,12.0,0.27027027027027,0.223367697594502,10,0
00-0037238,Drake London,2024 W15,2024,15,LV,14.3,0.1875,0.361111111111111,3,0
00-0037238,Drake London,2024 W16,2024,16,NYG,10.9,0.307692307692308,0.345911949685535,8,0
00-0037238,Drake London,2024 W17,2024,17,WAS,17.6,0.371428571428571,0.414187643020595,13,0
00-0037238,Drake London,2024 W18,2024,18,CAR,40.7,0.486486486486487,0.617224880382775,18,0
00-0037239,Chris Olave,2024 W4,2024,4,ATL,16.700000000000003,0.277777777777778,0.393782383419689,10,0
00-0037239,Chris Olave,2024 W5,2024,5,KC,3.0,0.125,0.115942028985507,4,0
00-0037239,Chris Olave,2024 W6,2024,6,TB,-0.5,0.0263157894736842,0.0163398692810458,1,0
00-0037239,Chris Olave,2024 W8,2024,8,LAC,18.700000000000003,0.368421052631579,0.569343065693431,14,0
00-0037239,Chris Olave,2024 W9,2024,9,CAR,2.3,0.0357142857142857,0.021978021978022,1,0
00-0037240,Jameson Williams,2024 W14,2024,14,GB,13.0,0.2,0.308035714285714,8,0
00-0037240,Jameson Williams,2024 W15,2024,15,BUF,12.7,0.0925925925925926,0.164179104477612,5,0
00-0037240,Jameson Williams,2024 W16,2024,16,CHI,26.0,0.21875,0.466666666666667,7,1
00-0037240,Jameson Williams,2024 W17,2024,17,SF,24.5,0.242424242424242,0.134615384615385,8,2
00-0037240,Jameson Williams,2024 W18,2024,18,MIN,9.4,0.25,0.423529411764706,8,0
00-0037247,George Pickens,2024 W11,2024,11,BAL,16.9,0.375,0.728813559322034,12,0
00-0037247,George Pickens,2024 W12,2024,12,CLE,8.8,0.28,0.510714285714286,7,0
00-0037247,George Pickens,2024 W13,2024,13,CIN,16.4,0.166666666666667,0.376288659793814,6,0
00-0037247,George Pickens,2024 W17,2024,17,KC,8.0,0.2,0.401639344262295,7,0
00-0037247,George Pickens,2024 W18,2024,18,CIN,1.0,0.206896551724138,0.432038834951456,6,0
00-0037248,James Cook,2024 W14,2024,14,LA,4.9,0.0540540540540541,-0.0085106382978723,2,6
00-0037248,James Cook,2024 W15,2024,15,DET,26.3,0.03125,0.0495626822157434,1,14
00-0037248,James Cook,2024 W16,2024,16,NE,27.6,0.111111111111111,-0.012779552715655,3,11
00-0037248,James Cook,2024 W17,2024,17,NYJ,11.3,,,0,15
00-0037248,James Cook,2024 W18,2024,18,NE,8.8,,,0,10
00-0037252,Greg Dulcich,2023 W1,2023,1,LV,4.2,0.0625,0.143939393939394,2,0
00-0037252,Greg Dulcich,2023 W6,2023,6,KC,1.3,0.0909090909090909,0.0341880341880342,2,0
00-0037252,Greg Dulcich,2024 W1,2024,1,SEA,3.2,0.0714285714285714,0.0303030303030303,3,0
00-0037252,Greg Dulcich,2024 W2,2024,2,PIT,4.6,0.242424242424242,0.214285714285714,8,0
00-0037252,Greg Dulcich,2024 W4,2024,4,NYJ,0.0,0.04,0.0,1,0
00-0037256,Rachaad White,2024 W13,2024,13,CAR,8.8,0.0294117647058824,-0.0260869565217391,1,11
00-0037256,Rachaad White,2024 W14,2024,14,LV,24.9,0.107142857142857,-0.0046082949308755,3,17
00-0037256,Rachaad White,2024 W15,2024,15,LAC,14.100000000000001,0.0769230769230769,-0.0450819672131148,2,15
00-0037256,Rachaad White,2024 W16,2024,16,DAL,11.0,0.186046511627907,-0.036319612590799,8,3
00-0037256,Rachaad White,2024 W17,2024,17,CAR,4.4,0.03125,0.0153256704980843,1,6
00-0037258,Dameon Pierce,2024 W11,2024,11,DAL,0.2,,,0,1
00-0037258,Dameon Pierce,2024 W13,2024,13,JAX,1.1,0.0303030303030303,-0.0034965034965035,1,0
00-0037258,Dameon Pierce,2024 W16,2024,16,KC,0.4,,,0,1
00-0037258,Dameon Pierce,2024 W17,2024,17,BAL,1.3,,,0,5
00-0037258,Dameon Pierce,2024 W18,2024,18,TEN,23.6,0.0714285714285714,-0.0110497237569061,2,19
00-0037261,Khalil Shakir,2024 W13,2024,13,SF,7.0,0.388888888888889,0.441441441441441,7,0
00-0037261,Khalil Shakir,2024 W14,2024,14,LA,21.6,0.216216216216216,0.21063829787234,8,0
00-0037261,Khalil Shakir,2024 W15,2024,15,DET,15.9,0.21875,0.104956268221574,7,0
00-0037261,Khalil Shakir,2024 W16,2024,16,NE,4.2,0.222222222222222,0.332268370607029,6,0
00-0037261,Khalil Shakir,2024 W17,2024,17,NYJ,5.5,0.222222222222222,0.113207547169811,6,0
00-0037263,Tyler Allgeier,2024 W14,2024,14,MIN,12.3,,,0,9
00-0037263,Tyler Allgeier,2024 W15,2024,15,LV,4.3,,,0,12
00-0037263,Tyler Allgeier,2024 W16,2024,16,NYG,4.1000000000000005,0.0384615384615385,-0.0440251572327044,1,11
00-0037263,Tyler Allgeier,2024 W17,2024,17,WAS,1.9000000000000001,,,0,3
00-0037263,Tyler Allgeier,2024 W18,2024,18,CAR,8.9,0.0540540540540541,0.0095693779904306,2,9
00-0037267,Jerome Ford,2024 W13,2024,13,DEN,7.200000000000001,0.0175438596491228,0.008130081300813,1,9
00-0037267,Jerome Ford,2024 W14,2024,14,PIT,7.700000000000001,0.108108108108108,0.0920245398773006,4,10
00-0037267,Jerome Ford,2024 W15,2024,15,KC,18.4,0.0625,-0.0300751879699248,2,7
00-0037267,Jerome Ford,2024 W16,2024,16,CIN,24.1,0.161290322580645,-0.0540540540540541,5,11
00-0037267,Jerome Ford,2024 W17,2024,17,MIA,2.2,,,0,6
00-0037276,Ty Chandler,2024 W7,2024,7,DET,0.4,,,0,2
00-0037276,Ty Chandler,2024 W10,2024,10,JAX,1.8,,,0,4
00-0037276,Ty Chandler,2024 W13,2024,13,ARI,0.2,,,0,2
00-0037276,Ty Chandler,2024 W15,2024,15,CHI,0.4,,,0,1
00-0037276,Ty Chandler,2024 W17,2024,17,GB,0.7000000000000001,,,0,5
00-0037277,Teagan Quitoriano,2023 W1,2023,1,BAL,2.1,0.0232558139534884,0.0038461538461538,1,0
00-0037277,Teagan Quitoriano,2023 W3,2023,3,JAX,0.0,0.0344827586206897,0.0,1,0
00-0037277,Teagan Quitoriano,2023 W5,2023,5,ATL,3.2,0.03125,0.0503597122302158,1,0
00-0037282,James Mitchell,2023 W17,2023,17,DAL,1.4,0.03125,0.0040650406504065,1,0
00-0037282,James Mitchell,2023 W18,2023,18,MIN,3.4000000000000004,0.032258064516129,0.0602409638554217,1,0
00-0037291,Jalen Nailor,2024 W13,2024,13,ARI,2.8,0.0666666666666667,0.180487804878049,2,0
00-0037291,Jalen Nailor,2024 W15,2024,15,CHI,1.5,0.027027027027027,-0.0033444816053511,1,0
00-0037291,Jalen Nailor,2024 W16,2024,16,SEA,1.5,0.0571428571428571,0.0522388059701493,2,0
00-0037291,Jalen Nailor,2024 W17,2024,17,GB,19.1,0.121951219512195,0.224025974025974,5,0
00-0037291,Jalen Nailor,2024 W18,2024,18,DET,8.3,0.105263157894737,0.180212014134276,4,0
00-0037292,Andrew Ogletree,2024 W11,2024,11,NYJ,1.8,0.0357142857142857,-0.010752688172043,1,0
00-0037292,Andrew Ogletree,2024 W12,2024,12,DET,0.0,0.04,0.0284090909090909,1,0
00-0037292,Andrew Ogletree,2024 W13,2024,13,NE,3.2,0.0833333333333333,0.121827411167513,2,0
00-0037292,Andrew Ogletree,2024 W16,2024,16,TEN,0.0,0.0909090909090909,0.235955056179775,1,0
00-0037292,Andrew Ogletree,2024 W18,2024,18,JAX,3.1,0.0256410256410256,0.032258064516129,1,0
00-0037300,Mike Woods,2024 W13,2024,13,DEN,7.3,0.087719298245614,0.105691056910569,5,0
00-0037300,Mike Woods,2024 W14,2024,14,PIT,2.2,0.0810810810810811,0.119631901840491,3,0
00-0037300,Mike Woods,2024 W15,2024,15,KC,2.7,0.09375,0.109022556390977,3,0
00-0037300,Mike Woods,2024 W16,2024,16,CIN,0.0,0.0967741935483871,0.286486486486487,3,0
00-0037300,Mike Woods,2024 W17,2024,17,MIA,1.3,0.0697674418604651,0.0585774058577406,3,0
00-0037304,Connor Heyward,2024 W3,2024,3,LAC,1.2,0.032258064516129,0.0116279069767442,1,0
00-0037304,Connor Heyward,2024 W5,2024,5,DAL,10.3,0.153846153846154,0.18705035971223,4,0
00-0037304,Connor Heyward,2024 W6,2024,6,LV,1.4,0.0434782608695652,0.0088105726872246,1,0
00-0037304,Connor Heyward,2024 W16,2024,16,BAL,1.3,0.0384615384615385,0.0151515151515152,1,0
00-0037304,Connor Heyward,2024 W17,2024,17,KC,1.8,0.0285714285714286,0.0327868852459016,1,0
00-0037311,Ko Kieft,2023 W1,2023,1,MIN,0.0,0.09375,0.2125,3,0
00-0037311,Ko Kieft,2023 W14,2023,14,ATL,0.0,0.0344827586206897,0.0353356890459364,1,0
00-0037311,Ko Kieft,2023 W15,2023,15,GB,7.2,0.037037037037037,0.0,1,0
00-0037324,Chris Oladokun,2024 W18,2024,18,DEN,0.5,,,0,1
00-0037327,Skylar Thompson,2024 W2,2024,2,BUF,3.6,,,0,1
00-0037327,Skylar Thompson,2024 W3,2024,3,SEA,4.28,,,0,0
00-0037348,Tanner Conner,2024 W3,2024,3,SEA,1.1,0.0645161290322581,0.178217821782178,2,0
00-0037348,Tanner Conner,2024 W4,2024,4,TEN,3.5,0.0952380952380952,0.0591715976331361,2,0
00-0037382,Brandon Johnson,2023 W15,2023,15,DET,0.0,0.03125,0.0129310344827586,1,0
00-0037382,Brandon Johnson,2023 W16,2023,16,NE,15.7,0.142857142857143,0.262962962962963,5,0
00-0037382,Brandon Johnson,2023 W17,2023,17,LAC,6.7,0.2,0.191780821917808,6,0
00-0037382,Brandon Johnson,2023 W18,2023,18,LV,12.8,0.15625,0.261324041811847,5,0
00-0037382,Brandon Johnson,2024 W5,2024,5,DAL,1.9,0.0384615384615385,0.0179856115107914,1,0
00-0037422,Kendric Pryor,2024 W9,2024,9,LV,1.9,0.027027027027027,0.0430622009569378,1,0
00-0037475,Stone Smartt,2024 W13,2024,13,ATL,1.3,0.0833333333333333,0.0602409638554217,2,0
00-0037475,Stone Smartt,2024 W14,2024,14,KC,8.4,0.103448275862069,0.147157190635452,3,0
00-0037475,Stone Smartt,2024 W15,2024,15,TB,8.0,0.1875,0.20817843866171,6,0
00-0037475,Stone Smartt,2024 W16,2024,16,DEN,6.7,0.1,0.0659340659340659,3,0
00-0037475,Stone Smartt,2024 W17,2024,17,NE,4.300000000000001,0.05,0.0582010582010582,2,0
00-0037509,Sincere McCormick,2024 W12,2024,12,DEN,3.3000000000000003,,,0,5
00-0037509,Sincere McCormick,2024 W13,2024,13,KC,8.5,0.0588235294117647,-0.0339622641509434,2,12
00-0037509,Sincere McCormick,2024 W14,2024,14,TB,10.9,0.0857142857142857,-0.0111940298507463,3,15
00-0037509,Sincere McCormick,2024 W15,2024,15,ATL,4.5,0.0588235294117647,0.0493421052631579,2,7
00-0037525,Jordan Mason,2024 W8,2024,8,DAL,1.8,,,0,6
00-0037525,Jordan Mason,2024 W10,2024,10,TB,0.5,,,0,1
00-0037525,Jordan Mason,2024 W11,2024,11,SEA,1.3,,,0,2
00-0037525,Jordan Mason,2024 W12,2024,12,GB,2.3,0.0769230769230769,0.0152284263959391,2,3
00-0037525,Jordan Mason,2024 W13,2024,13,BUF,7.800000000000001,,,0,13
00-0037539,Lucas Krull,2024 W10,2024,10,KC,4.1,0.0714285714285714,0.0704845814977974,2,0
00-0037539,Lucas Krull,2024 W13,2024,13,CLE,5.4,0.0967741935483871,0.0344827586206897,3,0
00-0037539,Lucas Krull,2024 W15,2024,15,IND,2.8,0.0625,0.0173410404624277,2,0
00-0037539,Lucas Krull,2024 W16,2024,16,LAC,5.1,0.0769230769230769,0.0634920634920635,3,0
00-0037539,Lucas Krull,2024 W17,2024,17,CIN,1.3,0.032258064516129,-0.0044642857142857,1,0
00-0037545,Rashid Shaheed,2024 W2,2024,2,DAL,20.900000000000002,0.266666666666667,0.442028985507246,4,3
00-0037545,Rashid Shaheed,2024 W3,2024,3,PHI,0.0,0.217391304347826,0.580110497237569,5,0
00-0037545,Rashid Shaheed,2024 W4,2024,4,ATL,17.700000000000003,0.305555555555556,0.518134715025907,11,2
00-0037545,Rashid Shaheed,2024 W5,2024,5,KC,18.6,0.28125,0.5,9,0
00-0037545,Rashid Shaheed,2024 W6,2024,6,TB,8.3,0.184210526315789,0.493464052287582,7,1
00-0037557,Ronnie Rivers,2024 W1,2024,1,DET,1.6,,,0,2
00-0037557,Ronnie Rivers,2024 W2,2024,2,ARI,1.0,0.037037037037037,-0.0440251572327044,1,0
00-0037557,Ronnie Rivers,2024 W3,2024,3,SF,0.9,,,0,2
00-0037557,Ronnie Rivers,2024 W4,2024,4,CHI,2.6,,,0,6
00-0037557,Ronnie Rivers,2024 W18,2024,18,SEA,12.200000000000001,0.125,-0.0945273631840796,5,12
00-0037594,Julius Chestnut,2024 W8,2024,8,DET,3.2,,,0,7
00-0037594,Julius Chestnut,2024 W9,2024,9,NE,2.2,,,0,5
00-0037594,Julius Chestnut,2024 W12,2024,12,HOU,1.5,0.04,0.0,1,1
00-0037594,Julius Chestnut,2024 W17,2024,17,JAX,1.7000000000000002,0.0333333333333333,0.0143884892086331,1,3
00-0037594,Julius Chestnut,2024 W18,2024,18,HOU,1.1,,,0,2
00-0037614,John Metchie III,2024 W12,2024,12,TEN,1.6,0.0967741935483871,0.11070110701107,3,0
00-0037614,John Metchie III,2024 W13,2024,13,JAX,3.6,0.0606060606060606,0.0524475524475525,2,0
00-0037614,John Metchie III,2024 W15,2024,15,MIA,3.7,0.16,0.223404255319149,4,0
00-0037614,John Metchie III,2024 W17,2024,17,BAL,9.8,0.258064516129032,0.228758169934641,8,0
00-0037614,John Metchie III,2024 W18,2024,18,TEN,4.4,0.142857142857143,0.176795580110497,4,0
00-0037664,Alec Pierce,2024 W12,2024,12,DET,4.9,0.16,0.349431818181818,4,0
00-0037664,Alec Pierce,2024 W13,2024,13,NE,9.6,0.25,0.342639593908629,6,0
00-0037664,Alec Pierce,2024 W15,2024,15,DEN,0.0,0.111111111111111,0.206349206349206,4,0
00-0037664,Alec Pierce,2024 W17,2024,17,NYG,24.200000000000003,0.243243243243243,0.509333333333333,9,0
00-0037664,Alec Pierce,2024 W18,2024,18,JAX,13.7,0.0512820512820513,0.137096774193548,2,0
00-0037666,Jalen Tolbert,2024 W14,2024,14,CIN,0.0,0.0967741935483871,0.0815450643776824,3,0
00-0037666,Jalen Tolbert,2024 W15,2024,15,CAR,8.1,0.0714285714285714,0.125,2,0
00-0037666,Jalen Tolbert,2024 W16,2024,16,TB,10.0,0.0909090909090909,0.218340611353712,3,0
00-0037666,Jalen Tolbert,2024 W17,2024,17,PHI,12.0,0.137931034482759,0.0606060606060606,4,0
00-0037666,Jalen Tolbert,2024 W18,2024,18,WAS,13.8,0.181818181818182,0.220264317180617,6,0
00-0037740,Garrett Wilson,2024 W14,2024,14,MIA,18.4,0.256410256410256,0.391634980988593,10,0
00-0037740,Garrett Wilson,2024 W15,2024,15,JAX,14.600000000000001,0.214285714285714,0.291066282420749,6,0
00-0037740,Garrett Wilson,2024 W16,2024,16,LA,11.4,0.166666666666667,0.221719457013575,7,0
00-0037740,Garrett Wilson,2024 W17,2024,17,BUF,17.6,0.258064516129032,0.428571428571429,8,0
00-0037740,Garrett Wilson,2024 W18,2024,18,MIA,9.100000000000001,0.142857142857143,0.0738916256157636,5,1
00-0037741,Jahan Dotson,2024 W12,2024,12,LA,1.4,0.0526315789473684,-0.0275229357798165,1,0
00-0037741,Jahan Dotson,2024 W13,2024,13,BAL,1.7000000000000002,0.0588235294117647,0.0428571428571429,1,0
00-0037741,Jahan Dotson,2024 W14,2024,14,CAR,1.5,0.105263157894737,0.0982142857142857,2,0
00-0037741,Jahan Dotson,2024 W15,2024,15,PIT,0.0,0.032258064516129,0.111111111111111,1,0
00-0037741,Jahan Dotson,2024 W18,2024,18,NYG,16.4,0.268292682926829,0.403703703703704,11,0
00-0037742,Treylon Burks,2024 W1,2024,1,CHI,1.3,0.0740740740740741,0.0262008733624454,2,2
00-0037742,Treylon Burks,2024 W2,2024,2,NYJ,0.0,0.037037037037037,0.163265306122449,1,0
00-0037742,Treylon Burks,2024 W3,2024,3,GB,1.9,0.0882352941176471,0.251082251082251,3,0
00-0037742,Treylon Burks,2024 W4,2024,4,MIA,2.3,0.0555555555555556,0.146067415730337,1,0
00-0037742,Treylon Burks,2024 W6,2024,6,IND,2.0,0.037037037037037,0.040650406504065,1,0
00-0037744,Trey McBride,2024 W14,2024,14,SEA,14.0,0.368421052631579,0.222929936305732,14,0
00-0037744,Trey McBride,2024 W15,2024,15,NE,17.700000000000003,0.32258064516129,0.354037267080745,10,0
00-0037744,Trey McBride,2024 W16,2024,16,CAR,5.0,0.137931034482759,0.108695652173913,4,0
00-0037744,Trey McBride,2024 W17,2024,17,LA,30.3,0.355555555555556,0.282051282051282,16,0
00-0037744,Trey McBride,2024 W18,2024,18,SF,19.5,0.34375,0.367713004484305,11,0
00-0037745,Velus Jones Jr.,2023 W15,2023,15,CLE,2.3000000000000003,,,0,2
00-0037745,Velus Jones Jr.,2023 W16,2023,16,ARI,0.4,0.0434782608695652,0.173076923076923,1,1
00-0037745,Velus Jones Jr.,2023 W17,2023,17,ATL,0.2,,,0,1
00-0037745,Velus Jones Jr.,2024 W1,2024,1,TEN,2.9000000000000004,0.0344827586206897,-0.0233644859813084,1,2
00-0037745,Velus Jones Jr.,2024 W17,2024,17,TB,0.0,,,0,1
00-0037746,Brian Robinson,2024 W13,2024,13,TEN,17.900000000000002,0.0333333333333333,-0.0301204819277108,1,16
00-0037746,Brian Robinson,2024 W15,2024,15,NO,11.7,0.0967741935483871,-0.0037878787878787,3,21
00-0037746,Brian Robinson,2024 W16,2024,16,PHI,2.1000000000000005,0.0833333333333333,0.0352112676056338,3,10
00-0037746,Brian Robinson,2024 W17,2024,17,ATL,8.9,0.0571428571428571,0.0041322314049586,2,13
00-0037746,Brian Robinson,2024 W18,2024,18,DAL,2.6,0.0333333333333333,-0.0162337662337662,1,5
00-0037801,KaVontae Turpin,2024 W14,2024,14,CIN,4.1,0.129032258064516,0.218884120171674,4,2
00-0037801,KaVontae Turpin,2024 W15,2024,15,CAR,2.7,0.0357142857142857,-0.0178571428571429,1,2
00-0037801,KaVontae Turpin,2024 W16,2024,16,TB,2.8000000000000003,0.0303030303030303,0.0218340611353712,1,3
00-0037801,KaVontae Turpin,2024 W17,2024,17,PHI,4.4,0.137931034482759,0.0340909090909091,4,2
00-0037801,KaVontae Turpin,2024 W18,2024,18,WAS,8.8,0.151515151515152,0.378854625550661,5,1
00-0037805,Jeremy Ruckert,2024 W13,2024,13,SEA,1.3,0.0526315789473684,0.0548387096774194,2,0
00-0037805,Jeremy Ruckert,2024 W14,2024,14,MIA,0.0,0.0256410256410256,0.0570342205323194,1,0
00-0037805,Jeremy Ruckert,2024 W15,2024,15,JAX,2.2,0.107142857142857,0.0605187319884726,3,0
00-0037805,Jeremy Ruckert,2024 W16,2024,16,LA,3.2,0.0476190476190476,0.0090497737556561,2,0
00-0037805,Jeremy Ruckert,2024 W18,2024,18,MIA,1.5,0.0571428571428571,0.0295566502463054,2,0
00-0037809,Chig Okonkwo,2024 W13,2024,13,WAS,5.7,0.166666666666667,0.135549872122762,6,0
00-0037809,Chig Okonkwo,2024 W14,2024,14,JAX,3.8,0.125,0.128654970760234,4,0
00-0037809,Chig Okonkwo,2024 W15,2024,15,CIN,13.9,0.27027027027027,0.280193236714976,10,0
00-0037809,Chig Okonkwo,2024 W16,2024,16,IND,19.1,0.333333333333333,0.312217194570136,11,0
00-0037809,Chig Okonkwo,2024 W17,2024,17,JAX,10.9,0.233333333333333,0.197841726618705,7,1
00-0037816,Romeo Doubs,2024 W11,2024,11,CHI,2.7,0.117647058823529,0.169014084507042,2,0
00-0037816,Romeo Doubs,2024 W12,2024,12,SF,8.4,0.272727272727273,0.29136690647482,6,0
00-0037816,Romeo Doubs,2024 W15,2024,15,SEA,19.0,0.192307692307692,0.403409090909091,5,0
00-0037816,Romeo Doubs,2024 W16,2024,16,NO,4.0,0.111111111111111,0.212389380530973,3,0
00-0037816,Romeo Doubs,2024 W17,2024,17,MIN,14.8,0.379310344827586,0.302405498281787,11,0
00-0037834,Brock Purdy,2024 W13,2024,13,BUF,2.16,,,0,2
00-0037834,Brock Purdy,2024 W14,2024,14,CHI,26.1,,,0,5
00-0037834,Brock Purdy,2024 W15,2024,15,LA,3.9799999999999995,,,0,1
00-0037834,Brock Purdy,2024 W16,2024,16,MIA,25.12,,,0,4
00-0037834,Brock Purdy,2024 W17,2024,17,DET,36.28,,,0,3
00-0037837,Calvin Austin III,2024 W14,2024,14,CLE,1.4,0.166666666666667,0.234375,4,0
00-0037837,Calvin Austin III,2024 W15,2024,15,PHI,11.5,0.238095238095238,0.348993288590604,5,0
00-0037837,Calvin Austin III,2024 W16,2024,16,BAL,10.5,0.192307692307692,0.51010101010101,5,0
00-0037837,Calvin Austin III,2024 W17,2024,17,KC,7.1,0.142857142857143,0.122950819672131,5,0
00-0037837,Calvin Austin III,2024 W18,2024,18,CIN,0.0,0.0344827586206897,0.0533980582524272,1,0
00-0037838,Isaiah Likely,2024 W13,2024,13,PHI,14.8,0.228571428571429,0.231428571428571,8,0
00-0037838,Isaiah Likely,2024 W15,2024,15,NYG,3.7,0.0833333333333333,0.0333333333333333,2,0
00-0037838,Isaiah Likely,2024 W16,2024,16,PIT,11.9,0.130434782608696,0.102678571428571,3,0
00-0037838,Isaiah Likely,2024 W17,2024,17,HOU,7.9,0.0625,0.0476190476190476,1,0
00-0037838,Isaiah Likely,2024 W18,2024,18,CLE,6.800000000000001,0.166666666666667,0.151079136690647,5,0
00-0037840,Kyren Williams,2024 W13,2024,13,NO,18.299999999999997,0.0434782608695652,0.0310880829015544,1,15
00-0037840,Kyren Williams,2024 W14,2024,14,BUF,23.700000000000003,0.0666666666666667,0.0107913669064748,2,29
00-0037840,Kyren Williams,2024 W15,2024,15,SF,13.200000000000001,0.0769230769230769,0.0,2,29
00-0037840,Kyren Williams,2024 W16,2024,16,NYJ,19.900000000000002,0.0526315789473684,-0.0869565217391304,1,23
00-0037840,Kyren Williams,2024 W17,2024,17,ARI,16.200000000000003,0.107142857142857,0.0465116279069768,3,13
00-0038041,Jake Ferguson,2024 W14,2024,14,CIN,6.2,0.193548387096774,0.171673819742489,6,0
00-0038041,Jake Ferguson,2024 W15,2024,15,CAR,4.300000000000001,0.142857142857143,0.113095238095238,4,0
00-0038041,Jake Ferguson,2024 W16,2024,16,TB,10.0,0.272727272727273,0.074235807860262,9,0
00-0038041,Jake Ferguson,2024 W17,2024,17,PHI,2.8,0.172413793103448,0.102272727272727,5,0
00-0038041,Jake Ferguson,2024 W18,2024,18,WAS,3.2,0.121212121212121,0.0352422907488987,4,0
00-0038046,Charlie Kolar,2024 W5,2024,5,CIN,15.600000000000001,0.0975609756097561,0.104712041884817,4,1
00-0038046,Charlie Kolar,2024 W7,2024,7,TB,2.4000000000000004,0.0476190476190476,0.0625,1,0
00-0038046,Charlie Kolar,2024 W8,2024,8,CLE,1.9,0.0571428571428571,0.0082417582417582,2,0
00-0038046,Charlie Kolar,2024 W10,2024,10,CIN,1.4,0.03125,0.0167364016736402,1,0
00-0038046,Charlie Kolar,2024 W12,2024,12,LAC,1.6,0.0476190476190476,0.014218009478673,1,0
00-0038090,Skyy Moore,2023 W12,2023,12,LV,6.4,0.09375,0.0,3,0
00-0038090,Skyy Moore,2023 W13,2023,13,GB,1.5,0.0666666666666667,0.091304347826087,2,0
00-0038090,Skyy Moore,2023 W14,2023,14,BUF,0.0,0.0256410256410256,0.0408921933085502,1,0
00-0038090,Skyy Moore,2024 W4,2024,4,LAC,0.0,0.0714285714285714,0.0478723404255319,2,0
00-0038090,Skyy Moore,2024 W7,2024,7,SF,0.0,0.04,0.0416666666666667,1,0
00-0038098,Pierre Strong,2024 W9,2024,9,LAC,0.8,,,0,2
00-0038098,Pierre Strong,2024 W11,2024,11,NO,0.5,,,0,2
00-0038098,Pierre Strong,2024 W14,2024,14,PIT,2.9,0.0540540540540541,0.0,2,0
00-0038098,Pierre Strong,2024 W16,2024,16,CIN,2.9000000000000004,0.0645161290322581,-0.0216216216216216,2,2
00-0038098,Pierre Strong,2024 W17,2024,17,MIA,7.800000000000001,0.116279069767442,0.0543933054393306,5,5
00-0038102,Kenny Pickett,2024 W7,2024,7,NYG,0.0,,,0,0
00-0038102,Kenny Pickett,2024 W10,2024,10,DAL,0.30000000000000004,,,0,1
00-0038102,Kenny Pickett,2024 W12,2024,12,LA,-0.2,,,0,2
00-0038102,Kenny Pickett,2024 W16,2024,16,WAS,11.02,,,0,3
00-0038102,Kenny Pickett,2024 W17,2024,17,DAL,18.02,,,0,3
00-0038104,Tyquan Thornton,2023 W17,2023,17,BUF,5.4,0.125,0.116751269035533,3,0
00-0038104,Tyquan Thornton,2024 W1,2024,1,CIN,4.7,0.130434782608696,0.38,3,0
00-0038104,Tyquan Thornton,2024 W3,2024,3,NYJ,0.0,0.0416666666666667,0.194915254237288,1,0
00-0038104,Tyquan Thornton,2024 W4,2024,4,SF,0.0,0.03125,0.0591715976331361,1,0
00-0038104,Tyquan Thornton,2024 W8,2024,8,NYJ,4.0,0.103448275862069,0.138996138996139,3,0
00-0038108,Bailey Zappe,2023 W15,2023,15,KC,11.399999999999999,,,0,1
00-0038108,Bailey Zappe,2023 W16,2023,16,DEN,20.44,,,0,1
00-0038108,Bailey Zappe,2023 W17,2023,17,BUF,12.059999999999999,,,0,5
00-0038108,Bailey Zappe,2023 W18,2023,18,NYJ,0.8200000000000001,,,0,3
00-0038108,Bailey Zappe,2024 W18,2024,18,BAL,9.0,,,0,2
00-0038115,Daniel Bellinger,2024 W7,2024,7,PHI,2.1,0.037037037037037,0.015625,1,0
00-0038115,Daniel Bellinger,2024 W14,2024,14,NO,9.5,0.152173913043478,0.0596205962059621,7,0
00-0038115,Daniel Bellinger,2024 W15,2024,15,BAL,6.5,0.0882352941176471,0.1,3,0
00-0038115,Daniel Bellinger,2024 W16,2024,16,ATL,1.5,0.0540540540540541,0.0229357798165138,2,0
00-0038115,Daniel Bellinger,2024 W18,2024,18,PHI,2.9,0.0714285714285714,0.0099009900990099,2,0
00-0038117,Wan'Dale Robinson,2024 W14,2024,14,NO,7.800000000000001,0.239130434782609,0.222222222222222,11,0
00-0038117,Wan'Dale Robinson,2024 W15,2024,15,BAL,7.800000000000001,0.264705882352941,0.426315789473684,9,0
00-0038117,Wan'Dale Robinson,2024 W16,2024,16,ATL,13.2,0.324324324324324,0.18348623853211,12,0
00-0038117,Wan'Dale Robinson,2024 W17,2024,17,IND,18.1,0.272727272727273,0.289617486338798,6,0
00-0038117,Wan'Dale Robinson,2024 W18,2024,18,PHI,14.3,0.392857142857143,0.118811881188119,11,0
00-0038120,Breece Hall,2024 W13,2024,13,SEA,6.0,0.0263157894736842,0.0129032258064516,1,12
00-0038120,Breece Hall,2024 W15,2024,15,JAX,13.1,0.0714285714285714,0.0028818443804034,2,9
00-0038120,Breece Hall,2024 W16,2024,16,LA,14.0,0.142857142857143,-0.0904977375565611,6,14
00-0038120,Breece Hall,2024 W17,2024,17,BUF,6.3,0.032258064516129,-0.0317460317460317,1,10
00-0038120,Breece Hall,2024 W18,2024,18,MIA,18.2,0.142857142857143,-0.0788177339901478,5,12
00-0038124,Christian Watson,2024 W13,2024,13,MIA,8.7,0.142857142857143,0.487562189054726,4,0
00-0038124,Christian Watson,2024 W14,2024,14,DET,13.4,0.368421052631579,0.491712707182321,7,0
00-0038124,Christian Watson,2024 W15,2024,15,SEA,8.600000000000001,0.230769230769231,0.534090909090909,6,0
00-0038124,Christian Watson,2024 W16,2024,16,NO,2.3000000000000003,0.037037037037037,0.176991150442478,1,2
00-0038124,Christian Watson,2024 W18,2024,18,CHI,0.0,0.04,0.0194174757281553,1,0
00-0038128,Malik Willis,2024 W2,2024,2,IND,14.98,,,0,6
00-0038128,Malik Willis,2024 W3,2024,3,TEN,27.380000000000003,,,0,6
00-0038128,Malik Willis,2024 W8,2024,8,JAX,10.540000000000001,,,0,4
00-0038128,Malik Willis,2024 W16,2024,16,NO,1.1600000000000001,,,0,3
00-0038128,Malik Willis,2024 W18,2024,18,CHI,3.74,,,0,1
00-0038129,Cade Otton,2024 W10,2024,10,SF,8.5,0.275862068965517,0.210191082802548,8,0
00-0038129,Cade Otton,2024 W12,2024,12,NYG,4.0,0.1,0.119617224880383,3,0
00-0038129,Cade Otton,2024 W13,2024,13,CAR,6.0,0.205882352941176,0.0347826086956522,7,0
00-0038129,Cade Otton,2024 W14,2024,14,LV,10.0,0.142857142857143,0.207373271889401,4,0
00-0038129,Cade Otton,2024 W15,2024,15,LAC,4.4,0.115384615384615,0.151639344262295,3,0
00-0038134,Kenneth Walker III,2024 W9,2024,9,LA,13.700000000000001,0.0882352941176471,-0.0143266475644699,3,25
00-0038134,Kenneth Walker III,2024 W11,2024,11,SF,13.9,0.0645161290322581,-0.025830258302583,2,14
00-0038134,Kenneth Walker III,2024 W12,2024,12,ARI,13.3,0.214285714285714,-0.0263157894736842,6,16
00-0038134,Kenneth Walker III,2024 W13,2024,13,NYJ,6.6000000000000005,0.103448275862069,-0.0612244897959184,3,16
00-0038134,Kenneth Walker III,2024 W16,2024,16,MIN,13.9,0.19047619047619,-0.0736196319018405,8,8
00-0038359,Xavier Smith,2024 W5,2024,5,GB,2.6,0.0444444444444444,0.0027247956403269,2,0
00-0038359,Xavier Smith,2024 W7,2024,7,LV,3.0,,,0,2
00-0038359,Xavier Smith,2024 W18,2024,18,SEA,0.6000000000000001,,,0,2
00-0038389,Israel Abanikanda,2023 W14,2023,14,HOU,-0.1,,,0,3
00-0038389,Israel Abanikanda,2023 W15,2023,15,MIA,3.9,0.0606060606060606,-0.0206185567010309,2,4
00-0038389,Israel Abanikanda,2023 W16,2023,16,WAS,4.3,,,0,9
00-0038389,Israel Abanikanda,2023 W17,2023,17,CLE,7.0,0.159090909090909,0.0718232044198895,7,2
00-0038389,Israel Abanikanda,2023 W18,2023,18,NE,0.6000000000000001,,,0,3
00-0038391,Sean Clifford,2023 W1,2023,1,CHI,0.0,,,0,1
00-0038391,Sean Clifford,2023 W17,2023,17,MIN,1.28,,,0,2
00-0038393,Dontayvion Wicks,2024 W14,2024,14,DET,8.9,0.263157894736842,0.287292817679558,5,0
00-0038393,Dontayvion Wicks,2024 W15,2024,15,SEA,3.4000000000000004,0.0769230769230769,0.0170454545454545,2,0
00-0038393,Dontayvion Wicks,2024 W16,2024,16,NO,10.3,0.259259259259259,0.194690265486726,7,0
00-0038393,Dontayvion Wicks,2024 W17,2024,17,MIN,8.3,0.172413793103448,0.233676975945017,5,0
00-0038393,Dontayvion Wicks,2024 W18,2024,18,CHI,9.9,0.24,0.262135922330097,6,0
00-0038394,Will Mallory,2024 W7,2024,7,MIA,1.5,0.0454545454545455,0.021551724137931,1,0
00-0038394,Will Mallory,2024 W8,2024,8,HOU,0.0,0.0645161290322581,0.0511247443762781,2,0
00-0038394,Will Mallory,2024 W10,2024,10,BUF,2.0,0.0285714285714286,0.0217391304347826,1,0
00-0038394,Will Mallory,2024 W13,2024,13,NE,1.7000000000000002,0.0416666666666667,0.0177664974619289,1,0
00-0038394,Will Mallory,2024 W15,2024,15,DEN,0.0,0.0277777777777778,0.0444444444444444,1,0
00-0038396,Eric Gray,2024 W7,2024,7,PHI,1.9,0.037037037037037,-0.0364583333333333,1,1
00-0038396,Eric Gray,2024 W8,2024,8,PIT,1.3,0.027027027027027,-0.0029239766081871,1,0
00-0038396,Eric Gray,2024 W12,2024,12,TB,2.6,0.0666666666666667,0.0,2,1
00-0038396,Eric Gray,2024 W16,2024,16,ATL,1.2,0.027027027027027,0.0091743119266055,1,0
00-0038396,Eric Gray,2024 W18,2024,18,PHI,2.0,0.0357142857142857,0.0,1,1
00-0038397,Evan Hull,2023 W1,2023,1,JAX,1.7000000000000002,0.0256410256410256,0.0137614678899083,1,1
00-0038400,Tanner McKee,2024 W17,2024,17,DAL,13.96,,,0,2
00-0038400,Tanner McKee,2024 W18,2024,18,NYG,22.86,,,0,3
00-0038416,Tyson Bagent,2023 W10,2023,10,CAR,7.680000000000001,,,0,6
00-0038416,Tyson Bagent,2024 W5,2024,5,CAR,-0.4,,,0,3
00-0038416,Tyson Bagent,2024 W6,2024,6,JAX,-0.30000000000000004,,,0,3
00-0038416,Tyson Bagent,2024 W14,2024,14,SF,0.24,,,0,0
00-0038416,Tyson Bagent,2024 W15,2024,15,MIN,0.2,,,0,0
00-0038454,Keaton Mitchell,2023 W12,2023,12,LAC,10.9,0.0666666666666667,0.0162162162162162,2,9
00-0038454,Keaton Mitchell,2023 W14,2023,14,LA,7.2,0.05,0.0076045627376425,2,9
00-0038454,Keaton Mitchell,2023 W15,2023,15,JAX,10.8,0.0869565217391304,-0.0597014925373134,2,9
00-0038454,Keaton Mitchell,2024 W17,2024,17,HOU,5.800000000000001,0.0625,-0.0264550264550265,1,11
00-0038454,Keaton Mitchell,2024 W18,2024,18,CLE,1.0,,,0,4
00-0038476,Tommy DeVito,2023 W15,2023,15,NO,10.68,,,0,4
00-0038476,Tommy DeVito,2023 W16,2023,16,PHI,2.7,,,0,1
00-0038476,Tommy DeVito,2023 W18,2023,18,PHI,0.56,,,0,0
00-0038476,Tommy DeVito,2024 W12,2024,12,TB,10.760000000000002,,,0,7
00-0038476,Tommy DeVito,2024 W15,2024,15,BAL,2.72,,,0,1
00-0038489,Ben VanSumeren,2024 W9,2024,9,JAX,1.0,0.0434782608695652,0.0,1,0
00-0038492,Jason Brownlee,2023 W12,2023,12,MIA,4.0,0.0555555555555556,0.100840336134454,2,0
00-0038492,Jason Brownlee,2023 W16,2023,16,WAS,7.8,0.0666666666666667,0.072463768115942,3,0
00-0038492,Jason Brownlee,2023 W17,2023,17,CLE,4.800000000000001,0.0454545454545455,0.116022099447514,2,0
00-0038492,Jason Brownlee,2023 W18,2023,18,NE,0.0,0.0555555555555556,0.12751677852349,1,0
00-0038496,Xavier Gipson,2024 W8,2024,8,NE,7.1,0.04,0.0037037037037037,1,0
00-0038496,Xavier Gipson,2024 W10,2024,10,ARI,0.0,0.0303030303030303,0.230769230769231,1,0
00-0038496,Xavier Gipson,2024 W11,2024,11,IND,2.7,0.0344827586206897,0.137096774193548,1,0
00-0038496,Xavier Gipson,2024 W13,2024,13,SEA,0.9,0.0263157894736842,-0.0096774193548387,1,0
00-0038496,Xavier Gipson,2024 W18,2024,18,MIA,0.5,,,0,1
00-0038498,E.J. Jenkins,2024 W17,2024,17,DAL,0.0,0.0555555555555556,0.0274725274725275,1,0
00-0038498,E.J. Jenkins,2024 W18,2024,18,NYG,7.7,0.024390243902439,0.0148148148148148,1,0
00-0038519,Nikko Remigio,2024 W18,2024,18,DEN,6.800000000000001,0.352941176470588,0.533333333333333,6,0
00-0038542,Bijan Robinson,2024 W14,2024,14,MIN,20.1,0.0540540540540541,-0.0103092783505155,2,22
00-0038542,Bijan Robinson,2024 W15,2024,15,LV,14.5,0.125,0.0648148148148148,2,22
00-0038542,Bijan Robinson,2024 W16,2024,16,NYG,24.299999999999997,0.0769230769230769,-0.0314465408805031,2,22
00-0038542,Bijan Robinson,2024 W17,2024,17,WAS,24.8,0.142857142857143,0.0640732265446224,5,17
00-0038542,Bijan Robinson,2024 W18,2024,18,CAR,31.3,0.135135135135135,0.0598086124401914,5,28
00-0038543,Jaxon Smith-Njigba,2024 W14,2024,14,ARI,19.6,0.172413793103448,0.33125,5,1
00-0038543,Jaxon Smith-Njigba,2024 W15,2024,15,GB,18.3,0.387096774193548,0.287804878048781,12,0
00-0038543,Jaxon Smith-Njigba,2024 W16,2024,16,MIN,24.0,0.285714285714286,0.478527607361963,12,1
00-0038543,Jaxon Smith-Njigba,2024 W17,2024,17,CHI,6.2,0.272727272727273,0.645569620253165,6,0
00-0038543,Jaxon Smith-Njigba,2024 W18,2024,18,LA,5.300000000000001,0.185185185185185,-0.0372093023255814,5,1
00-0038544,Quentin Johnston,2024 W14,2024,14,KC,15.8,0.241379310344828,0.240802675585284,7,0
00-0038544,Quentin Johnston,2024 W15,2024,15,TB,15.5,0.3125,0.405204460966543,10,0
00-0038544,Quentin Johnston,2024 W16,2024,16,DEN,4.8,0.2,0.131868131868132,6,0
00-0038544,Quentin Johnston,2024 W17,2024,17,NE,9.8,0.2,0.193121693121693,8,0
00-0038544,Quentin Johnston,2024 W18,2024,18,LV,31.6,0.4,0.5,14,0
00-0038547,Luke Schoonmaker,2024 W12,2024,12,WAS,14.5,0.125,0.134715025906736,4,0
00-0038547,Luke Schoonmaker,2024 W13,2024,13,NYG,8.3,0.166666666666667,0.0845588235294118,6,0
00-0038547,Luke Schoonmaker,2024 W14,2024,14,CIN,4.2,0.0645161290322581,0.0472103004291846,2,0
00-0038547,Luke Schoonmaker,2024 W16,2024,16,TB,1.3,0.0303030303030303,0.0043668122270742,1,0
00-0038547,Luke Schoonmaker,2024 W18,2024,18,WAS,3.6,0.0606060606060606,0.0308370044052863,2,0
00-0038550,Hendon Hooker,2024 W6,2024,6,DAL,0.66,,,0,1
00-0038550,Hendon Hooker,2024 W8,2024,8,TEN,0.24,,,0,0
00-0038550,Hendon Hooker,2024 W11,2024,11,JAX,1.78,,,0,4
00-0038551,Kendre Miller,2024 W8,2024,8,LAC,1.6,,,0,3
00-0038551,Kendre Miller,2024 W14,2024,14,NYG,9.2,0.032258064516129,0.0061349693251533,1,10
00-0038551,Kendre Miller,2024 W15,2024,15,WAS,4.6000000000000005,0.0344827586206897,-0.003584229390681,1,9
00-0038551,Kendre Miller,2024 W16,2024,16,GB,5.1,0.0714285714285714,0.045662100456621,2,8
00-0038551,Kendre Miller,2024 W17,2024,17,LV,2.9000000000000004,0.0294117647058824,-0.0282258064516129,1,3
00-0038555,Tank Bigsby,2024 W14,2024,14,TEN,13.2,0.0666666666666667,-0.0196078431372549,2,18
00-0038555,Tank Bigsby,2024 W15,2024,15,NYJ,4.2,0.0232558139534884,-0.0171232876712329,1,11
00-0038555,Tank Bigsby,2024 W16,2024,16,LV,10.1,0.0285714285714286,-0.0043668122270742,1,12
00-0038555,Tank Bigsby,2024 W17,2024,17,TEN,3.3000000000000003,0.0476190476190476,0.110236220472441,1,11
00-0038555,Tank Bigsby,2024 W18,2024,18,IND,11.200000000000001,0.032258064516129,-0.0148148148148148,1,14
00-0038558,Darnell Washington,2024 W11,2024,11,BAL,6.2,0.125,0.135593220338983,4,0
00-0038558,Darnell Washington,2024 W12,2024,12,CLE,4.4,0.12,0.0,3,0
00-0038558,Darnell Washington,2024 W13,2024,13,CIN,2.0,0.0277777777777778,0.0,1,0
00-0038558,Darnell Washington,2024 W14,2024,14,CLE,0.0,0.0416666666666667,0.0260416666666667,1,0
00-0038558,Darnell Washington,2024 W17,2024,17,KC,1.8,0.0285714285714286,0.0204918032786885,1,0
00-0038559,Michael Wilson,2024 W13,2024,13,MIN,10.5,0.162790697674419,0.276872964169381,7,0
00-0038559,Michael Wilson,2024 W14,2024,14,SEA,13.7,0.0789473684210526,0.222929936305732,3,0
00-0038559,Michael Wilson,2024 W15,2024,15,NE,2.9,0.0645161290322581,0.0559006211180124,2,0
00-0038559,Michael Wilson,2024 W16,2024,16,CAR,6.4,0.172413793103448,0.423913043478261,5,0
00-0038559,Michael Wilson,2024 W17,2024,17,LA,6.9,0.133333333333333,0.176282051282051,6,1
00-0038563,Tre Tucker,2024 W14,2024,14,TB,2.7,0.142857142857143,0.287313432835821,5,0
00-0038563,Tre Tucker,2024 W15,2024,15,ATL,3.8,0.0882352941176471,0.144736842105263,3,0
00-0038563,Tre Tucker,2024 W16,2024,16,JAX,5.300000000000001,0.108108108108108,0.29004329004329,4,1
00-0038563,Tre Tucker,2024 W17,2024,17,NO,10.9,0.228571428571429,0.407079646017699,8,1
00-0038563,Tre Tucker,2024 W18,2024,18,LAC,5.4,0.117647058823529,0.203389830508475,4,0
00-0038573,Derius Davis,2024 W13,2024,13,ATL,1.6,0.0416666666666667,-0.0481927710843374,1,1
00-0038573,Derius Davis,2024 W14,2024,14,KC,2.1,0.137931034482759,0.100334448160535,4,1
00-0038573,Derius Davis,2024 W16,2024,16,DEN,10.8,0.0666666666666667,0.0714285714285714,2,1
00-0038573,Derius Davis,2024 W17,2024,17,NE,10.600000000000001,0.05,0.044973544973545,2,1
00-0038573,Derius Davis,2024 W18,2024,18,LV,1.4,0.0285714285714286,0.0148148148148148,1,1
00-0038576,Charlie Jones,2023 W15,2023,15,MIN,3.0,0.075,0.125748502994012,3,0
00-0038576,Charlie Jones,2023 W16,2023,16,PIT,0.9,0.025,-0.0126050420168067,1,0
00-0038576,Charlie Jones,2023 W18,2023,18,CLE,9.2,0.107142857142857,0.346938775510204,3,2
00-0038576,Charlie Jones,2024 W1,2024,1,NE,1.5,0.0344827586206897,0.0308641975308642,1,0
00-0038576,Charlie Jones,2024 W7,2024,7,CLE,6.0,,,0,0
00-0038579,Aidan O'Connell,2024 W13,2024,13,KC,23.6,,,0,1
00-0038579,Aidan O'Connell,2024 W14,2024,14,TB,6.76,,,0,6
00-0038579,Aidan O'Connell,2024 W16,2024,16,JAX,11.48,,,0,7
00-0038579,Aidan O'Connell,2024 W17,2024,17,NO,21.58,,,0,3
00-0038579,Aidan O'Connell,2024 W18,2024,18,LAC,19.860000000000003,,,0,4
00-0038589,Josh Whyle,2024 W13,2024,13,WAS,1.3,0.0833333333333333,0.130434782608696,3,0
00-0038589,Josh Whyle,2024 W14,2024,14,JAX,5.1,0.0625,0.0058479532163742,2,0
00-0038589,Josh Whyle,2024 W15,2024,15,CIN,14.7,0.135135135135135,0.144927536231884,5,0
00-0038589,Josh Whyle,2024 W17,2024,17,JAX,0.0,0.0333333333333333,0.0719424460431655,1,0
00-0038589,Josh Whyle,2024 W18,2024,18,HOU,9.9,0.269230769230769,0.110367892976589,7,0
00-0038597,Chase Brown,2024 W13,2024,13,PIT,19.0,0.0810810810810811,-0.0227272727272727,3,12
00-0038597,Chase Brown,2024 W14,2024,14,DAL,24.3,0.186046511627907,0.0695970695970696,8,14
00-0038597,Chase Brown,2024 W15,2024,15,TEN,26.300000000000004,0.0857142857142857,0.0368852459016393,3,25
00-0038597,Chase Brown,2024 W16,2024,16,CLE,13.9,0.107142857142857,0.0319634703196347,3,18
00-0038597,Chase Brown,2024 W17,2024,17,DEN,13.1,0.0816326530612245,0.0029154518950437,4,20
00-0038606,Parker Washington,2024 W14,2024,14,TEN,3.5,0.0666666666666667,0.0784313725490196,2,0
00-0038606,Parker Washington,2024 W15,2024,15,NYJ,8.4,0.13953488372093,0.332191780821918,6,0
00-0038606,Parker Washington,2024 W16,2024,16,LV,11.4,0.171428571428571,0.179039301310044,6,0
00-0038606,Parker Washington,2024 W17,2024,17,TEN,12.1,0.142857142857143,0.181102362204724,3,0
00-0038606,Parker Washington,2024 W18,2024,18,IND,9.5,0.129032258064516,0.188888888888889,4,0
00-0038608,Kayshon Boutte,2024 W13,2024,13,IND,9.100000000000001,0.2,0.272727272727273,6,0
00-0038608,Kayshon Boutte,2024 W15,2024,15,ARI,3.9000000000000004,0.217391304347826,0.566473988439307,5,0
00-0038608,Kayshon Boutte,2024 W16,2024,16,BUF,20.5,0.225806451612903,0.439130434782609,7,0
00-0038608,Kayshon Boutte,2024 W17,2024,17,LAC,6.800000000000001,0.217391304347826,0.294392523364486,5,0
00-0038608,Kayshon Boutte,2024 W18,2024,18,BUF,24.700000000000003,0.25,0.299295774647887,7,0
00-0038611,Chris Rodriguez Jr.,2024 W10,2024,10,PIT,0.4,,,0,2
00-0038611,Chris Rodriguez Jr.,2024 W13,2024,13,TEN,15.4,,,0,13
00-0038611,Chris Rodriguez Jr.,2024 W15,2024,15,NO,0.2,,,0,1
00-0038611,Chris Rodriguez Jr.,2024 W16,2024,16,PHI,0.5,,,0,3
00-0038611,Chris Rodriguez Jr.,2024 W17,2024,17,ATL,9.8,0.0285714285714286,0.0041322314049586,1,5
00-0038612,A.T. Perry,2023 W14,2023,14,CAR,5.4,0.0454545454545455,0.346456692913386,1,0
00-0038612,A.T. Perry,2023 W15,2023,15,NYG,5.4,0.0714285714285714,0.136125654450262,2,0
00-0038612,A.T. Perry,2023 W16,2023,16,LA,10.5,0.025,0.0925925925925926,1,0
00-0038612,A.T. Perry,2023 W17,2023,17,TB,1.5,0.0588235294117647,0.0613496932515337,2,0
00-0038612,A.T. Perry,2023 W18,2023,18,ATL,20.3,0.12,0.252525252525253,3,0
00-0038614,Scott Matlock,2024 W1,2024,1,LV,0.0,0.04,0.012987012987013,1,0
00-0038614,Scott Matlock,2024 W4,2024,4,KC,1.7000000000000002,0.037037037037037,0.0103626943005181,1,0
00-0038614,Scott Matlock,2024 W8,2024,8,NO,1.9,0.0333333333333333,0.0130434782608696,1,0
00-0038614,Scott Matlock,2024 W13,2024,13,ATL,1.2,0.0416666666666667,0.0060240963855421,1,0
00-0038614,Scott Matlock,2024 W16,2024,16,DEN,2.0,0.0333333333333333,-0.0054945054945055,1,0
00-0038618,Xavier Hutchinson,2024 W12,2024,12,TEN,0.0,0.032258064516129,0.025830258302583,1,0
00-0038618,Xavier Hutchinson,2024 W15,2024,15,MIA,2.3,0.04,0.0691489361702128,1,0
00-0038618,Xavier Hutchinson,2024 W16,2024,16,KC,1.8,0.027027027027027,0.0168539325842697,1,0
00-0038618,Xavier Hutchinson,2024 W17,2024,17,BAL,4.1,0.129032258064516,0.169934640522876,4,0
00-0038618,Xavier Hutchinson,2024 W18,2024,18,TEN,1.5,0.0714285714285714,0.0331491712707182,2,0
00-0038619,Andrei Iosivas,2024 W14,2024,14,DAL,8.100000000000001,0.116279069767442,0.113553113553114,5,0
00-0038619,Andrei Iosivas,2024 W15,2024,15,TEN,1.5,0.114285714285714,0.114754098360656,4,0
00-0038619,Andrei Iosivas,2024 W16,2024,16,CLE,14.3,0.107142857142857,0.232876712328767,3,0
00-0038619,Andrei Iosivas,2024 W17,2024,17,DEN,8.9,0.0816326530612245,0.134110787172012,4,0
00-0038619,Andrei Iosivas,2024 W18,2024,18,PIT,3.2,0.0652173913043478,0.0846560846560847,3,0
00-0038621,DeMario Douglas,2024 W13,2024,13,IND,6.0,0.133333333333333,0.0454545454545455,4,0
00-0038621,DeMario Douglas,2024 W15,2024,15,ARI,10.1,0.130434782608696,0.0346820809248555,3,0
00-0038621,DeMario Douglas,2024 W16,2024,16,BUF,7.9,0.161290322580645,0.0,5,1
00-0038621,DeMario Douglas,2024 W17,2024,17,LAC,14.600000000000001,0.217391304347826,0.200934579439252,5,0
00-0038621,DeMario Douglas,2024 W18,2024,18,BUF,6.4,0.142857142857143,0.183098591549296,4,0
00-0038632,Colton Dowell,2023 W4,2023,4,CIN,0.0,0.0384615384615385,0.119741100323625,1,0
00-0038632,Colton Dowell,2023 W16,2023,16,SEA,1.3,0.04,0.0236220472440945,1,0
00-0038636,Kenny McIntosh,2024 W14,2024,14,ARI,6.500000000000001,0.0689655172413793,0.01875,2,7
00-0038636,Kenny McIntosh,2024 W15,2024,15,GB,0.9,,,0,3
00-0038636,Kenny McIntosh,2024 W16,2024,16,MIN,3.9000000000000004,0.0238095238095238,0.0061349693251533,1,3
00-0038636,Kenny McIntosh,2024 W17,2024,17,CHI,4.6000000000000005,,,0,7
00-0038636,Kenny McIntosh,2024 W18,2024,18,LA,4.9,0.037037037037037,0.0,1,7
00-0038640,Jalen Brooks,2024 W10,2024,10,PHI,1.4,0.137931034482759,0.352040816326531,4,0
00-0038640,Jalen Brooks,2024 W12,2024,12,WAS,5.1000000000000005,0.09375,0.321243523316062,3,0
00-0038640,Jalen Brooks,2024 W13,2024,13,NYG,1.0,0.0277777777777778,-0.0073529411764705,1,0
00-0038640,Jalen Brooks,2024 W15,2024,15,CAR,8.7,0.0357142857142857,0.101190476190476,1,0
00-0038640,Jalen Brooks,2024 W17,2024,17,PHI,2.2,0.0344827586206897,0.0454545454545455,1,0
00-0038643,Brayden Willis,2024 W18,2024,18,ARI,0.0,0.0476190476190476,0.0328358208955224,2,0
00-0038647,Ronnie Bell,2023 W17,2023,17,WAS,0.0,0.037037037037037,0.0652173913043478,1,0
00-0038647,Ronnie Bell,2023 W18,2023,18,LA,7.5,0.2,0.281746031746032,5,0
00-0038647,Ronnie Bell,2024 W3,2024,3,LA,2.2,0.1,0.149390243902439,3,0
00-0038647,Ronnie Bell,2024 W7,2024,7,KC,2.0,0.0645161290322581,0.0625,2,0
00-0038647,Ronnie Bell,2024 W8,2024,8,DAL,0.0,0.04,-0.0106382978723404,1,0
00-0038679,Tyrell Shavers,2024 W17,2024,17,NYJ,13.9,0.037037037037037,-0.0094339622641509,1,0
00-0038685,Chris Brooks,2024 W13,2024,13,MIA,4.9,0.0714285714285714,-0.0447761194029851,2,3
00-0038685,Chris Brooks,2024 W14,2024,14,DET,0.30000000000000004,,,0,1
00-0038685,Chris Brooks,2024 W15,2024,15,SEA,2.5,0.0384615384615385,-0.0227272727272727,1,1
00-0038685,Chris Brooks,2024 W16,2024,16,NO,9.5,0.037037037037037,-0.0044247787610619,1,6
00-0038685,Chris Brooks,2024 W18,2024,18,CHI,5.9,0.04,-0.0048543689320388,1,8
00-0038705,Emari Demercado,2024 W9,2024,9,CHI,16.0,0.105263157894737,-0.0542635658914729,2,4
00-0038705,Emari Demercado,2024 W10,2024,10,NYJ,2.2,,,0,3
00-0038705,Emari Demercado,2024 W12,2024,12,SEA,1.4000000000000001,,,0,1
00-0038705,Emari Demercado,2024 W13,2024,13,MIN,2.5,0.0465116279069768,-0.0130293159609121,2,3
00-0038705,Emari Demercado,2024 W14,2024,14,SEA,5.5,0.105263157894737,-0.0509554140127389,4,0
00-0038710,Blake Whiteheart,2024 W13,2024,13,DEN,0.0,0.0175438596491228,0.0142276422764228,1,0
00-0038710,Blake Whiteheart,2024 W14,2024,14,PIT,0.0,0.027027027027027,0.0398773006134969,1,0
00-0038710,Blake Whiteheart,2024 W15,2024,15,KC,0.0,0.03125,0.075187969924812,1,0
00-0038710,Blake Whiteheart,2024 W17,2024,17,MIA,1.8,0.0232558139534884,0.0125523012552301,1,0
00-0038710,Blake Whiteheart,2024 W18,2024,18,BAL,1.1,0.0303030303030303,0.0,1,0
00-0038720,Julian Hill,2024 W11,2024,11,LV,4.800000000000001,0.0857142857142857,0.168539325842697,3,0
00-0038720,Julian Hill,2024 W12,2024,12,NE,1.8,0.05,0.0352422907488987,2,0
00-0038720,Julian Hill,2024 W13,2024,13,GB,1.5,0.0217391304347826,0.0064102564102564,1,0
00-0038720,Julian Hill,2024 W14,2024,14,NYJ,2.4000000000000004,0.0222222222222222,0.022140221402214,1,0
00-0038720,Julian Hill,2024 W18,2024,18,NYJ,0.0,0.027027027027027,0.0,1,0
00-0038738,Hunter Luepke,2024 W13,2024,13,NYG,0.4,,,0,3
00-0038738,Hunter Luepke,2024 W14,2024,14,CIN,1.5,0.032258064516129,0.0085836909871244,1,0
00-0038738,Hunter Luepke,2024 W16,2024,16,TB,0.0,0.0606060606060606,0.0262008733624454,2,0
00-0038738,Hunter Luepke,2024 W17,2024,17,PHI,1.1,0.0344827586206897,0.0037878787878787,1,0
00-0038738,Hunter Luepke,2024 W18,2024,18,WAS,1.5,,,0,3
00-0038752,Jake Bobo,2024 W9,2024,9,LA,0.0,0.0294117647058824,0.0429799426934097,1,0
00-0038752,Jake Bobo,2024 W12,2024,12,ARI,1.8,0.0357142857142857,0.0328947368421053,1,0
00-0038752,Jake Bobo,2024 W15,2024,15,GB,1.8,0.032258064516129,0.024390243902439,1,0
00-0038752,Jake Bobo,2024 W16,2024,16,MIN,1.6,0.0238095238095238,0.0184049079754601,1,0
00-0038752,Jake Bobo,2024 W18,2024,18,LA,7.4,0.037037037037037,0.0186046511627907,1,0
00-0038783,Nate Adkins,2024 W13,2024,13,CLE,2.6,0.032258064516129,0.0147783251231527,1,0
00-0038783,Nate Adkins,2024 W15,2024,15,IND,8.5,0.03125,0.0289017341040462,1,0
00-0038783,Nate Adkins,2024 W16,2024,16,LAC,3.8,0.0512820512820513,0.0238095238095238,2,0
00-0038783,Nate Adkins,2024 W17,2024,17,CIN,1.7000000000000002,0.032258064516129,-0.0178571428571429,1,0
00-0038783,Nate Adkins,2024 W18,2024,18,KC,5.5,0.103448275862069,0.0487804878048781,3,0
00-0038794,Jaleel McLaughlin,2024 W12,2024,12,LV,4.4,0.0256410256410256,-0.0188679245283019,1,7
00-0038794,Jaleel McLaughlin,2024 W13,2024,13,CLE,9.4,0.0645161290322581,-0.0344827586206897,2,14
00-0038794,Jaleel McLaughlin,2024 W15,2024,15,IND,6.3999999999999995,0.09375,-0.0578034682080925,3,7
00-0038794,Jaleel McLaughlin,2024 W17,2024,17,CIN,9.6,0.0645161290322581,-0.0223214285714286,2,10
00-0038794,Jaleel McLaughlin,2024 W18,2024,18,KC,6.800000000000001,0.0689655172413793,-0.0670731707317073,2,16
00-0038797,Emanuel Wilson,2024 W14,2024,14,DET,0.7000000000000001,,,0,1
00-0038797,Emanuel Wilson,2024 W15,2024,15,SEA,0.9,,,0,3
00-0038797,Emanuel Wilson,2024 W16,2024,16,NO,12.6,0.037037037037037,-0.0176991150442478,1,11
00-0038797,Emanuel Wilson,2024 W17,2024,17,MIN,8.9,,,0,6
00-0038797,Emanuel Wilson,2024 W18,2024,18,CHI,14.100000000000001,0.04,-0.0339805825242718,1,14
00-0038809,Ben Sims,2023 W17,2023,17,MIN,1.6,0.0294117647058824,0.0056022408963585,1,0
00-0038809,Ben Sims,2024 W6,2024,6,ARI,5.800000000000001,0.0645161290322581,0.120418848167539,2,0
00-0038809,Ben Sims,2024 W7,2024,7,HOU,1.2,0.0303030303030303,0.0067340067340067,1,0
00-0038809,Ben Sims,2024 W8,2024,8,JAX,0.0,0.037037037037037,0.0503597122302158,1,0
00-0038809,Ben Sims,2024 W14,2024,14,DET,1.2,0.0526315789473684,0.005524861878453,1,0
00-0038824,Ryan Miller,2024 W10,2024,10,SF,2.1,0.103448275862069,0.273885350318471,3,0
00-0038824,Ryan Miller,2024 W12,2024,12,NYG,2.4000000000000004,0.0333333333333333,0.0669856459330144,1,0
00-0038824,Ryan Miller,2024 W15,2024,15,LAC,1.1,0.0384615384615385,-0.0081967213114754,1,0
00-0038824,Ryan Miller,2024 W16,2024,16,DAL,9.7,0.0465116279069768,0.0387409200968523,2,0
00-0038824,Ryan Miller,2024 W17,2024,17,CAR,4.6,0.125,0.176245210727969,4,0
00-0038840,Brycen Tremayne,2024 W5,2024,5,CLE,0.8,0.037037037037037,-0.0065573770491803,1,0
00-0038891,Shedrick Jackson,2023 W11,2023,11,BAL,0.0,0.032258064516129,0.120967741935484,1,0
00-0038911,Malik Cunningham,2023 W6,2023,6,LV,0.0,,,0,0
00-0038933,Dalton Kincaid,2024 W9,2024,9,MIA,7.2,0.277777777777778,0.549618320610687,10,0
00-0038933,Dalton Kincaid,2024 W10,2024,10,IND,4.4,0.142857142857143,0.0705394190871369,5,0
00-0038933,Dalton Kincaid,2024 W15,2024,15,DET,9.3,0.21875,0.244897959183673,7,0
00-0038933,Dalton Kincaid,2024 W16,2024,16,NE,5.5,0.259259259259259,0.178913738019169,7,0
00-0038933,Dalton Kincaid,2024 W17,2024,17,NYJ,4.4,0.0740740740740741,-0.0094339622641509,2,0
00-0038935,Brenton Strange,2024 W14,2024,14,TEN,3.1,0.0333333333333333,0.0849673202614379,1,0
00-0038935,Brenton Strange,2024 W15,2024,15,NYJ,18.3,0.27906976744186,0.184931506849315,12,0
00-0038935,Brenton Strange,2024 W16,2024,16,LV,2.2,0.114285714285714,0.074235807860262,4,0
00-0038935,Brenton Strange,2024 W17,2024,17,TEN,0.0,0.0476190476190476,0.031496062992126,1,0
00-0038935,Brenton Strange,2024 W18,2024,18,IND,10.0,0.129032258064516,0.133333333333333,4,0
00-0038938,Jalin Hyatt,2024 W10,2024,10,CAR,7.9,0.125,0.142322097378277,4,0
00-0038938,Jalin Hyatt,2024 W13,2024,13,DAL,2.8,0.0625,0.0166666666666667,2,0
00-0038938,Jalin Hyatt,2024 W14,2024,14,NO,0.0,0.0434782608695652,0.0894308943089431,2,0
00-0038938,Jalin Hyatt,2024 W16,2024,16,ATL,1.9,0.0540540540540541,0.18348623853211,2,0
00-0038938,Jalin Hyatt,2024 W18,2024,18,PHI,0.0,0.0357142857142857,0.287128712871287,1,0
00-0038941,Tyler Scott,2023 W14,2023,14,DET,2.1,0.0333333333333333,0.012987012987013,1,0
00-0038941,Tyler Scott,2023 W15,2023,15,CLE,7.6000000000000005,0.114285714285714,0.106508875739645,4,1
00-0038941,Tyler Scott,2023 W17,2023,17,ATL,3.5,0.166666666666667,0.256704980842912,5,0
00-0038941,Tyler Scott,2023 W18,2023,18,GB,2.2,0.125,0.190140845070423,2,0
00-0038941,Tyler Scott,2024 W15,2024,15,MIN,1.5,0.032258064516129,-0.0093896713615023,1,0
00-0038951,Sean Tucker,2024 W12,2024,12,NYG,8.0,0.0333333333333333,0.0239234449760766,1,4
00-0038951,Sean Tucker,2024 W14,2024,14,LV,4.7,0.0714285714285714,-0.0092165898617511,2,3
00-0038951,Sean Tucker,2024 W15,2024,15,LAC,1.7000000000000002,,,0,7
00-0038951,Sean Tucker,2024 W17,2024,17,CAR,5.4,0.03125,0.0114942528735632,1,8
00-0038951,Sean Tucker,2024 W18,2024,18,NO,1.6,,,0,2
00-0038976,Marvin Mims Jr.,2024 W13,2024,13,CLE,19.9,0.129032258064516,0.189655172413793,4,1
00-0038976,Marvin Mims Jr.,2024 W15,2024,15,IND,6.0,0.125,-0.104046242774566,4,1
00-0038976,Marvin Mims Jr.,2024 W16,2024,16,LAC,9.5,0.128205128205128,0.476190476190476,5,1
00-0038976,Marvin Mims Jr.,2024 W17,2024,17,CIN,30.200000000000003,0.258064516129032,0.272321428571429,8,1
00-0038976,Marvin Mims Jr.,2024 W18,2024,18,KC,22.1,0.172413793103448,-0.109756097560976,5,0
00-0038977,Tank Dell,2024 W11,2024,11,DAL,9.8,0.212121212121212,0.378531073446328,7,1
00-0038977,Tank Dell,2024 W12,2024,12,TEN,10.2,0.161290322580645,0.372693726937269,5,0
00-0038977,Tank Dell,2024 W13,2024,13,JAX,3.3000000000000003,0.121212121212121,0.416083916083916,4,0
00-0038977,Tank Dell,2024 W15,2024,15,MIA,6.1,0.08,0.117021276595745,2,1
00-0038977,Tank Dell,2024 W16,2024,16,KC,21.8,0.189189189189189,0.370786516853933,7,0
00-0038979,Cedric Tillman,2024 W7,2024,7,CIN,18.1,0.25,0.384848484848485,12,0
00-0038979,Cedric Tillman,2024 W8,2024,8,BAL,28.9,0.219512195121951,0.386861313868613,9,0
00-0038979,Cedric Tillman,2024 W9,2024,9,LAC,19.5,0.239130434782609,0.285365853658537,11,0
00-0038979,Cedric Tillman,2024 W11,2024,11,NO,7.7,0.177777777777778,0.264444444444444,8,0
00-0038979,Cedric Tillman,2024 W12,2024,12,PIT,2.8000000000000007,0.148148148148148,0.100840336134454,4,0
00-0038994,Jordan Addison,2024 W14,2024,14,ATL,39.3,0.428571428571429,0.467353951890034,12,0
00-0038994,Jordan Addison,2024 W15,2024,15,CHI,13.3,0.243243243243243,0.267558528428094,9,0
00-0038994,Jordan Addison,2024 W16,2024,16,SEA,14.5,0.228571428571429,0.208955223880597,8,0
00-0038994,Jordan Addison,2024 W17,2024,17,GB,18.9,0.195121951219512,0.347402597402597,8,0
00-0038994,Jordan Addison,2024 W18,2024,18,DET,1.0,0.157894736842105,0.335689045936396,6,0
00-0038996,Tucker Kraft,2024 W14,2024,14,DET,13.100000000000001,0.263157894736842,0.193370165745856,5,0
00-0038996,Tucker Kraft,2024 W15,2024,15,SEA,5.4,0.0769230769230769,0.147727272727273,2,0
00-0038996,Tucker Kraft,2024 W16,2024,16,NO,9.5,0.148148148148148,0.084070796460177,4,1
00-0038996,Tucker Kraft,2024 W17,2024,17,MIN,7.300000000000001,0.103448275862069,0.0962199312714777,3,0
00-0038996,Tucker Kraft,2024 W18,2024,18,CHI,7.6,0.28,0.179611650485437,7,0
00-0038997,Josh Downs,2024 W12,2024,12,DET,5.7,0.28,0.164772727272727,7,0
00-0038997,Josh Downs,2024 W15,2024,15,DEN,6.2,0.222222222222222,0.222222222222222,8,0
00-0038997,Josh Downs,2024 W16,2024,16,TEN,15.100000000000001,0.363636363636364,-0.0337078651685393,4,0
00-0038997,Josh Downs,2024 W17,2024,17,NYG,5.2,0.108108108108108,0.0693333333333333,4,0
00-0038997,Josh Downs,2024 W18,2024,18,JAX,19.4,0.333333333333333,0.18010752688172,13,0
00-0039021,Roschon Johnson,2024 W11,2024,11,GB,11.100000000000001,0.032258064516129,0.0094339622641509,1,10
00-0039021,Roschon Johnson,2024 W12,2024,12,MIN,8.2,0.0212765957446809,0.0138121546961326,1,2
00-0039021,Roschon Johnson,2024 W16,2024,16,DET,0.30000000000000004,,,0,1
00-0039021,Roschon Johnson,2024 W17,2024,17,SEA,0.5,,,0,4
00-0039021,Roschon Johnson,2024 W18,2024,18,GB,6.9,0.208333333333333,-0.153846153846154,5,2
00-0039032,Tyjae Spears,2024 W13,2024,13,WAS,0.30000000000000004,,,0,1
00-0039032,Tyjae Spears,2024 W14,2024,14,JAX,3.3000000000000003,0.0625,-0.0409356725146199,2,6
00-0039032,Tyjae Spears,2024 W15,2024,15,CIN,27.200000000000003,0.189189189189189,-0.0434782608695652,7,4
00-0039032,Tyjae Spears,2024 W16,2024,16,IND,21.6,0.121212121212121,-0.0316742081447964,4,10
00-0039032,Tyjae Spears,2024 W17,2024,17,JAX,13.3,0.133333333333333,0.0431654676258993,4,20
00-0039040,De'Von Achane,2024 W14,2024,14,NYJ,18.9,0.155555555555556,-0.03690036900369,7,14
00-0039040,De'Von Achane,2024 W15,2024,15,HOU,14.600000000000001,0.17948717948718,-0.0786516853932584,7,12
00-0039040,De'Von Achane,2024 W16,2024,16,SF,31.0,0.225806451612903,0.115577889447236,7,17
00-0039040,De'Von Achane,2024 W17,2024,17,CLE,5.8,0.0833333333333333,-0.0287769784172662,2,10
00-0039040,De'Von Achane,2024 W18,2024,18,NYJ,18.1,,,0,11
00-0039041,Elijah Higgins,2024 W12,2024,12,SEA,1.5,0.0588235294117647,0.0070921985815602,2,0
00-0039041,Elijah Higgins,2024 W13,2024,13,MIN,4.300000000000001,0.0465116279069768,0.0684039087947883,2,0
00-0039041,Elijah Higgins,2024 W15,2024,15,NE,1.5,0.032258064516129,0.0186335403726708,1,0
00-0039041,Elijah Higgins,2024 W16,2024,16,CAR,0.0,0.0344827586206897,0.0652173913043478,1,0
00-0039041,Elijah Higgins,2024 W17,2024,17,LA,4.300000000000001,0.0666666666666667,0.0224358974358974,3,0
00-0039050,Payne Durham,2024 W3,2024,3,DEN,1.8,0.03125,0.0185185185185185,1,0
00-0039050,Payne Durham,2024 W12,2024,12,NYG,3.6,0.0333333333333333,0.124401913875598,1,0
00-0039050,Payne Durham,2024 W16,2024,16,DAL,7.9,0.162790697674419,0.113801452784504,7,0
00-0039050,Payne Durham,2024 W17,2024,17,CAR,11.6,0.09375,0.130268199233716,3,0
00-0039050,Payne Durham,2024 W18,2024,18,NO,9.6,0.0645161290322581,0.0602409638554217,2,0
00-0039052,Trey Palmer,2024 W9,2024,9,KC,5.300000000000001,0.129032258064516,0.347517730496454,4,0
00-0039052,Trey Palmer,2024 W10,2024,10,SF,0.0,0.0344827586206897,0.140127388535032,1,0
00-0039052,Trey Palmer,2024 W12,2024,12,NYG,2.8,0.0333333333333333,0.0861244019138756,1,0
00-0039052,Trey Palmer,2024 W13,2024,13,CAR,0.0,0.0294117647058824,0.0956521739130435,1,0
00-0039052,Trey Palmer,2024 W16,2024,16,DAL,5.1,0.0930232558139535,0.222760290556901,4,0
00-0039062,Jonathan Mingo,2024 W12,2024,12,WAS,1.8,0.0625,0.0829015544041451,2,0
00-0039062,Jonathan Mingo,2024 W13,2024,13,NYG,1.2,0.111111111111111,0.261029411764706,4,0
00-0039062,Jonathan Mingo,2024 W14,2024,14,CIN,0.0,0.032258064516129,0.0472103004291846,1,0
00-0039062,Jonathan Mingo,2024 W17,2024,17,PHI,2.2,0.103448275862069,0.193181818181818,3,0
00-0039062,Jonathan Mingo,2024 W18,2024,18,WAS,4.4,0.0606060606060606,0.105726872246696,2,0
00-0039064,Zay Flowers,2024 W13,2024,13,PHI,10.100000000000001,0.2,0.405714285714286,7,1
00-0039064,Zay Flowers,2024 W15,2024,15,NYG,11.3,0.291666666666667,0.233333333333333,7,0
00-0039064,Zay Flowers,2024 W16,2024,16,PIT,15.3,0.347826086956522,0.5,8,1
00-0039064,Zay Flowers,2024 W17,2024,17,HOU,5.1,0.3125,0.417989417989418,5,0
00-0039064,Zay Flowers,2024 W18,2024,18,CLE,3.1,0.0666666666666667,0.0107913669064748,2,1
00-0039065,Sam LaPorta,2024 W14,2024,14,GB,10.4,0.175,0.254464285714286,7,0
00-0039065,Sam LaPorta,2024 W15,2024,15,BUF,18.1,0.185185185185185,0.286069651741294,10,0
00-0039065,Sam LaPorta,2024 W16,2024,16,CHI,14.3,0.21875,0.188888888888889,7,0
00-0039065,Sam LaPorta,2024 W17,2024,17,SF,18.4,0.242424242424242,0.333333333333333,8,0
00-0039065,Sam LaPorta,2024 W18,2024,18,MIN,13.3,0.21875,0.229411764705882,7,0
00-0039066,Michael Mayer,2024 W14,2024,14,TB,13.8,0.257142857142857,0.25,9,0
00-0039066,Michael Mayer,2024 W15,2024,15,ATL,2.1,0.0588235294117647,0.121710526315789,2,0
00-0039066,Michael Mayer,2024 W16,2024,16,JAX,0.0,0.027027027027027,0.0432900432900433,1,0
00-0039066,Michael Mayer,2024 W17,2024,17,NO,2.4000000000000004,0.0571428571428571,0.0412979351032448,2,0
00-0039066,Michael Mayer,2024 W18,2024,18,LAC,6.1,0.117647058823529,0.0338983050847458,4,0
00-0039067,Rashee Rice,2023 W16,2023,16,LV,11.7,0.292682926829268,0.530120481927711,12,0
00-0039067,Rashee Rice,2023 W17,2023,17,CIN,17.700000000000003,0.214285714285714,0.280254777070064,6,0
00-0039067,Rashee Rice,2024 W1,2024,1,BAL,17.3,0.333333333333333,0.3,9,0
00-0039067,Rashee Rice,2024 W2,2024,2,CIN,18.5,0.260869565217391,0.488636363636364,6,0
00-0039067,Rashee Rice,2024 W3,2024,3,ATL,29.1,0.388888888888889,0.331491712707182,14,1
00-0039074,Davis Allen,2024 W5,2024,5,GB,0.0,0.0222222222222222,-0.0136239782016349,1,0
00-0039074,Davis Allen,2024 W9,2024,9,SEA,1.5,0.0714285714285714,0.044811320754717,3,0
00-0039074,Davis Allen,2024 W10,2024,10,MIA,8.4,0.136363636363636,0.0533333333333333,6,0
00-0039074,Davis Allen,2024 W12,2024,12,PHI,0.0,0.0294117647058824,-0.0044444444444444,1,0
00-0039074,Davis Allen,2024 W17,2024,17,ARI,0.0,0.0357142857142857,0.11046511627907,1,0
00-0039075,Puka Nacua,2024 W13,2024,13,NO,17.3,0.347826086956522,0.238341968911917,8,1
00-0039075,Puka Nacua,2024 W14,2024,14,BUF,41.8,0.466666666666667,0.359712230215827,14,5
00-0039075,Puka Nacua,2024 W15,2024,15,SF,17.8,0.307692307692308,0.457627118644068,8,2
00-0039075,Puka Nacua,2024 W16,2024,16,NYJ,13.600000000000001,0.473684210526316,0.0434782608695652,9,0
00-0039075,Puka Nacua,2024 W17,2024,17,ARI,22.9,0.5,0.424418604651163,14,0
00-0039139,Jahmyr Gibbs,2024 W14,2024,14,GB,19.3,0.15,-0.0401785714285714,6,15
00-0039139,Jahmyr Gibbs,2024 W15,2024,15,BUF,28.4,0.12962962962963,0.0024875621890547,7,8
00-0039139,Jahmyr Gibbs,2024 W16,2024,16,CHI,25.4,0.15625,-0.0555555555555556,5,23
00-0039139,Jahmyr Gibbs,2024 W17,2024,17,SF,26.300000000000004,0.121212121212121,0.0192307692307692,4,18
00-0039139,Jahmyr Gibbs,2024 W18,2024,18,MIN,46.0,0.15625,-0.0117647058823529,5,23
00-0039144,Luke Musgrave,2024 W3,2024,3,TEN,1.3,0.0526315789473684,0.0074626865671641,1,0
00-0039144,Luke Musgrave,2024 W4,2024,4,MIN,4.3,0.0555555555555556,0.0121951219512195,3,0
00-0039144,Luke Musgrave,2024 W16,2024,16,NO,0.0,0.037037037037037,0.0265486725663717,1,0
00-0039144,Luke Musgrave,2024 W17,2024,17,MIN,1.4,0.0344827586206897,0.0034364261168384,1,0
00-0039144,Luke Musgrave,2024 W18,2024,18,CHI,2.9000000000000004,0.04,0.0922330097087379,1,0
00-0039146,Jayden Reed,2024 W14,2024,14,DET,0.0,0.0526315789473684,0.0220994475138122,1,0
00-0039146,Jayden Reed,2024 W15,2024,15,SEA,11.100000000000001,0.230769230769231,0.0113636363636364,6,3
00-0039146,Jayden Reed,2024 W16,2024,16,NO,11.100000000000001,0.148148148148148,0.371681415929204,4,1
00-0039146,Jayden Reed,2024 W17,2024,17,MIN,1.6,0.137931034482759,0.147766323024055,4,0
00-0039146,Jayden Reed,2024 W18,2024,18,CHI,5.1000000000000005,0.08,0.233009708737864,2,3
00-0039150,Bryce Young,2024 W14,2024,14,PHI,14.540000000000001,,,0,7
00-0039150,Bryce Young,2024 W15,2024,15,DAL,13.96,,,0,3
00-0039150,Bryce Young,2024 W16,2024,16,ARI,31.12,,,0,5
00-0039150,Bryce Young,2024 W17,2024,17,TB,20.92,,,0,2
00-0039150,Bryce Young,2024 W18,2024,18,ATL,42.44,,,0,5
00-0039152,Will Levis,2024 W12,2024,12,HOU,20.12,,,0,8
00-0039152,Will Levis,2024 W13,2024,13,WAS,20.18,,,0,2
00-0039152,Will Levis,2024 W14,2024,14,JAX,7.02,,,0,1
00-0039152,Will Levis,2024 W15,2024,15,CIN,-4.4399999999999995,,,0,2
00-0039152,Will Levis,2024 W18,2024,18,HOU,13.8,,,0,4
00-0039163,C.J. Stroud,2024 W13,2024,13,JAX,16.38,,,0,5
00-0039163,C.J. Stroud,2024 W15,2024,15,MIA,15.64,,,0,6
00-0039163,C.J. Stroud,2024 W16,2024,16,KC,20.06,,,0,2
00-0039163,C.J. Stroud,2024 W17,2024,17,BAL,6.1000000000000005,,,0,1
00-0039163,C.J. Stroud,2024 W18,2024,18,TEN,8.0,,,0,0
00-0039164,Anthony Richardson,2024 W11,2024,11,NYJ,30.08,,,0,10
00-0039164,Anthony Richardson,2024 W12,2024,12,DET,12.98,,,0,10
00-0039164,Anthony Richardson,2024 W13,2024,13,NE,25.16,,,0,9
00-0039164,Anthony Richardson,2024 W15,2024,15,DEN,14.38,0.0277777777777778,-0.0253968253968254,1,7
00-0039164,Anthony Richardson,2024 W16,2024,16,TEN,22.240000000000002,,,0,9
00-0039165,Zach Charbonnet,2024 W14,2024,14,ARI,38.3,0.241379310344828,-0.0875,7,22
00-0039165,Zach Charbonnet,2024 W15,2024,15,GB,13.600000000000001,0.129032258064516,0.0195121951219512,4,8
00-0039165,Zach Charbonnet,2024 W16,2024,16,MIN,3.3,0.0476190476190476,0.0,2,1
00-0039165,Zach Charbonnet,2024 W17,2024,17,CHI,10.6,0.136363636363636,-0.177215189873418,3,15
00-0039165,Zach Charbonnet,2024 W18,2024,18,LA,5.9,,,0,14
00-0039236,Johnny Wilson,2024 W10,2024,10,DAL,7.5,0.05,0.0223214285714286,1,0
00-0039236,Johnny Wilson,2024 W12,2024,12,LA,0.0,0.0526315789473684,0.073394495412844,1,0
00-0039236,Johnny Wilson,2024 W14,2024,14,CAR,0.0,0.0526315789473684,0.169642857142857,1,0
00-0039236,Johnny Wilson,2024 W15,2024,15,PIT,0.0,0.032258064516129,0.0,1,0
00-0039236,Johnny Wilson,2024 W18,2024,18,NYG,5.4,0.121951219512195,0.137037037037037,5,0
00-0039244,Chris Collier,2024 W17,2024,17,NO,0.6000000000000001,,,0,3
00-0039244,Chris Collier,2024 W18,2024,18,LAC,1.2000000000000002,0.0588235294117647,-0.0169491525423729,2,2
00-0039299,George Holani,2024 W14,2024,14,ARI,0.9,0.0344827586206897,-0.00625,1,0
00-0039299,George Holani,2024 W15,2024,15,GB,1.0,,,0,3
00-0039325,Carson Steele,2024 W9,2024,9,TB,0.9,,,0,3
00-0039325,Carson Steele,2024 W10,2024,10,DEN,0.30000000000000004,,,0,2
00-0039325,Carson Steele,2024 W11,2024,11,BUF,1.7,0.032258064516129,-0.0138248847926267,1,1
00-0039325,Carson Steele,2024 W12,2024,12,CAR,2.3,0.0555555555555556,-0.0091324200913242,2,1
00-0039325,Carson Steele,2024 W18,2024,18,DEN,4.7,0.117647058823529,-0.05,2,8
00-0039337,Malik Nabers,2024 W14,2024,14,NO,14.9,0.217391304347826,0.32520325203252,10,0
00-0039337,Malik Nabers,2024 W15,2024,15,BAL,24.200000000000003,0.411764705882353,0.452631578947368,14,0
00-0039337,Malik Nabers,2024 W16,2024,16,ATL,13.8,0.378378378378378,0.518348623853211,14,0
00-0039337,Malik Nabers,2024 W17,2024,17,IND,36.1,0.363636363636364,0.404371584699454,8,0
00-0039337,Malik Nabers,2024 W18,2024,18,PHI,17.4,0.285714285714286,0.534653465346535,8,0
00-0039338,Brock Bowers,2024 W14,2024,14,TB,8.2,0.142857142857143,0.123134328358209,5,1
00-0039338,Brock Bowers,2024 W15,2024,15,ATL,6.5,0.176470588235294,0.236842105263158,6,0
00-0039338,Brock Bowers,2024 W16,2024,16,JAX,20.9,0.351351351351351,0.186147186147186,13,0
00-0039338,Brock Bowers,2024 W17,2024,17,NO,14.600000000000001,0.2,0.144542772861357,7,1
00-0039338,Brock Bowers,2024 W18,2024,18,LAC,15.0,0.264705882352941,0.338983050847458,9,0
00-0039342,Xavier Legette,2024 W13,2024,13,TB,9.3,0.195121951219512,0.224438902743142,8,0
00-0039342,Xavier Legette,2024 W14,2024,14,PHI,5.9,0.242424242424242,0.350684931506849,8,0
00-0039342,Xavier Legette,2024 W15,2024,15,DAL,2.9000000000000004,0.111111111111111,0.228571428571429,3,1
00-0039342,Xavier Legette,2024 W17,2024,17,TB,7.800000000000001,0.409090909090909,0.457236842105263,9,0
00-0039342,Xavier Legette,2024 W18,2024,18,ATL,6.0,0.142857142857143,0.129032258064516,5,0
00-0039344,Jonathon Brooks,2024 W12,2024,12,KC,0.7000000000000001,,,0,2
00-0039344,Jonathon Brooks,2024 W13,2024,13,TB,7.1,0.0731707317073171,-0.0199501246882793,3,6
00-0039344,Jonathon Brooks,2024 W14,2024,14,PHI,-0.30000000000000004,,,0,1
00-0039355,Luke McCaffrey,2024 W11,2024,11,PHI,0.0,0.03125,0.043859649122807,1,0
00-0039355,Luke McCaffrey,2024 W12,2024,12,DAL,1.8,0.0294117647058824,0.0106382978723404,1,0
00-0039355,Luke McCaffrey,2024 W13,2024,13,TEN,3.3,0.0666666666666667,-0.0120481927710843,2,0
00-0039355,Luke McCaffrey,2024 W15,2024,15,NO,1.0,0.032258064516129,0.0037878787878787,1,0
00-0039355,Luke McCaffrey,2024 W16,2024,16,PHI,2.3,0.0833333333333333,0.126760563380282,3,0
00-0039356,Ja'Tavion Sanders,2024 W12,2024,12,KC,7.9,0.0909090909090909,0.127147766323024,3,0
00-0039356,Ja'Tavion Sanders,2024 W14,2024,14,PHI,0.0,0.0303030303030303,0.106849315068493,1,0
00-0039356,Ja'Tavion Sanders,2024 W15,2024,15,DAL,0.0,0.037037037037037,0.0095238095238095,1,0
00-0039356,Ja'Tavion Sanders,2024 W17,2024,17,TB,1.5,0.0454545454545455,0.0098684210526315,1,0
00-0039356,Ja'Tavion Sanders,2024 W18,2024,18,ATL,6.5,0.142857142857143,0.132258064516129,5,0
00-0039359,Cade Stover,2024 W11,2024,11,DAL,3.5,0.0606060606060606,0.0,2,0
00-0039359,Cade Stover,2024 W12,2024,12,TEN,11.6,0.129032258064516,0.0479704797047971,4,0
00-0039359,Cade Stover,2024 W13,2024,13,JAX,1.4,0.0303030303030303,0.013986013986014,1,0
00-0039359,Cade Stover,2024 W17,2024,17,BAL,1.1,0.032258064516129,-0.0065359477124183,1,0
00-0039359,Cade Stover,2024 W18,2024,18,TEN,0.0,0.0357142857142857,0.0883977900552486,1,0
00-0039361,Bucky Irving,2024 W14,2024,14,LV,2.8,0.0357142857142857,-0.0138248847926267,1,4
00-0039361,Bucky Irving,2024 W15,2024,15,LAC,13.3,0.0769230769230769,-0.0286885245901639,2,15
00-0039361,Bucky Irving,2024 W16,2024,16,DAL,18.200000000000003,0.0697674418604651,-0.026634382566586,3,16
00-0039361,Bucky Irving,2024 W17,2024,17,CAR,23.0,0.125,-0.0498084291187739,4,20
00-0039361,Bucky Irving,2024 W18,2024,18,NO,16.4,0.161290322580645,-0.0923694779116466,5,19
00-0039363,Isaac Guerendo,2024 W13,2024,13,BUF,8.6,0.0588235294117647,-0.0543478260869565,1,4
00-0039363,Isaac Guerendo,2024 W14,2024,14,CHI,26.8,0.0769230769230769,0.0984848484848485,2,15
00-0039363,Isaac Guerendo,2024 W15,2024,15,LA,11.5,0.129032258064516,-0.0080645161290322,4,16
00-0039363,Isaac Guerendo,2024 W17,2024,17,DET,13.9,0.111111111111111,0.0746268656716418,4,9
00-0039363,Isaac Guerendo,2024 W18,2024,18,ARI,0.5,,,0,2
00-0039364,Sione Vaki,2024 W2,2024,2,TB,2.7,0.0188679245283019,0.0394736842105263,1,0
00-0039364,Sione Vaki,2024 W6,2024,6,DAL,0.5,,,0,1
00-0039364,Sione Vaki,2024 W11,2024,11,JAX,0.9,,,0,5
00-0039364,Sione Vaki,2024 W16,2024,16,CHI,4.0,0.0625,0.0111111111111111,2,0
00-0039365,Jacob Cowing,2024 W7,2024,7,KC,7.0,0.0967741935483871,0.135416666666667,3,0
00-0039365,Jacob Cowing,2024 W14,2024,14,CHI,0.0,0.0384615384615385,0.102272727272727,1,0
00-0039365,Jacob Cowing,2024 W18,2024,18,ARI,5.7,0.0476190476190476,0.0597014925373134,2,1
00-0039373,Audric Estimé,2024 W13,2024,13,CLE,1.2000000000000002,,,0,3
00-0039373,Audric Estimé,2024 W15,2024,15,IND,2.8,0.03125,-0.0173410404624277,1,5
00-0039373,Audric Estimé,2024 W16,2024,16,LAC,10.8,,,0,9
00-0039373,Audric Estimé,2024 W17,2024,17,CIN,4.7,0.032258064516129,-0.0044642857142857,1,9
00-0039373,Audric Estimé,2024 W18,2024,18,KC,9.4,,,0,12
00-0039376,Spencer Rattler,2024 W8,2024,8,LAC,6.24,,,0,0
00-0039376,Spencer Rattler,2024 W15,2024,15,WAS,11.4,,,0,0
00-0039376,Spencer Rattler,2024 W16,2024,16,GB,4.92,,,0,5
00-0039376,Spencer Rattler,2024 W17,2024,17,LV,15.32,,,0,3
00-0039376,Spencer Rattler,2024 W18,2024,18,TB,16.7,,,0,1
00-0039379,Jamari Thrash,2024 W13,2024,13,DEN,3.1,0.0350877192982456,0.0101626016260163,2,0
00-0039379,Jamari Thrash,2024 W15,2024,15,KC,0.0,0.03125,0.0413533834586466,1,0
00-0039379,Jamari Thrash,2024 W16,2024,16,CIN,0.0,0.032258064516129,-0.0108108108108108,1,0
00-0039379,Jamari Thrash,2024 W17,2024,17,MIA,0.0,0.0232558139534884,0.0292887029288703,1,0
00-0039379,Jamari Thrash,2024 W18,2024,18,BAL,0.0,0.0303030303030303,0.107142857142857,1,0
00-0039384,Tyrone Tracy Jr.,2024 W14,2024,14,NO,19.3,0.217391304347826,0.0758807588075881,10,16
00-0039384,Tyrone Tracy Jr.,2024 W15,2024,15,BAL,4.5,0.117647058823529,0.0263157894736842,4,10
00-0039384,Tyrone Tracy Jr.,2024 W16,2024,16,ATL,16.9,0.108108108108108,-0.055045871559633,4,7
00-0039384,Tyrone Tracy Jr.,2024 W17,2024,17,IND,9.3,0.136363636363636,0.0437158469945355,3,20
00-0039384,Tyrone Tracy Jr.,2024 W18,2024,18,PHI,8.6,0.0714285714285714,-0.0099009900990099,2,14
00-0039386,Bub Means,2024 W1,2024,1,CAR,0.0,0.0416666666666667,0.0384615384615385,1,0
00-0039386,Bub Means,2024 W6,2024,6,TB,15.5,0.210526315789474,0.215686274509804,8,0
00-0039386,Bub Means,2024 W7,2024,7,DEN,6.7,0.128205128205128,0.218978102189781,5,0
00-0039386,Bub Means,2024 W8,2024,8,LAC,4.6,0.0263157894736842,0.131386861313869,1,0
00-0039391,Kimani Vidal,2024 W13,2024,13,ATL,2.0,,,0,4
00-0039391,Kimani Vidal,2024 W14,2024,14,KC,3.4000000000000004,0.0344827586206897,0.0133779264214047,1,8
00-0039391,Kimani Vidal,2024 W15,2024,15,TB,4.2,0.09375,0.0148698884758364,3,3
00-0039391,Kimani Vidal,2024 W16,2024,16,DEN,2.4000000000000004,,,0,5
00-0039391,Kimani Vidal,2024 W17,2024,17,NE,2.4000000000000004,0.05,0.044973544973545,2,5
00-0039392,Jha'Quan Jackson,2024 W8,2024,8,DET,0.0,0.0263157894736842,0.112328767123288,1,0
00-0039392,Jha'Quan Jackson,2024 W9,2024,9,NE,1.3,0.0740740740740741,0.137037037037037,2,1
00-0039394,Casey Washington,2024 W7,2024,7,SEA,2.4000000000000004,0.0277777777777778,0.0114503816793893,1,0
00-0039394,Casey Washington,2024 W11,2024,11,DEN,0.0,0.0344827586206897,0.139830508474576,1,0
00-0039398,Joe Milton III,2024 W18,2024,18,BUF,21.240000000000002,,,0,10
00-0039407,Dylan Laube,2024 W6,2024,6,PIT,-2.0,,,0,1
00-0039410,Ryan Flournoy,2024 W11,2024,11,HOU,3.9000000000000004,0.0555555555555556,0.116766467065868,3,0
00-0039410,Ryan Flournoy,2024 W14,2024,14,CIN,0.0,0.032258064516129,0.0686695278969957,1,0
00-0039410,Ryan Flournoy,2024 W16,2024,16,TB,7.1000000000000005,0.0909090909090909,0.117903930131004,3,0
00-0039410,Ryan Flournoy,2024 W17,2024,17,PHI,1.3,0.0689655172413793,0.0303030303030303,2,0
00-0039410,Ryan Flournoy,2024 W18,2024,18,WAS,3.4000000000000004,0.0606060606060606,0.052863436123348,2,0
00-0039420,Jaheim Bell,2024 W9,2024,9,TEN,1.1,0.0256410256410256,-0.0069930069930069,1,0
00-0039420,Jaheim Bell,2024 W11,2024,11,LA,0.0,0.027027027027027,0.036036036036036,1,0
00-0039420,Jaheim Bell,2024 W18,2024,18,BUF,2.9000000000000004,0.0357142857142857,0.0598591549295775,1,0
00-0039424,Devaughn Vele,2024 W13,2024,13,CLE,2.6,0.129032258064516,0.0960591133004926,4,0
00-0039424,Devaughn Vele,2024 W15,2024,15,IND,0.0,0.03125,0.0289017341040462,1,0
00-0039424,Devaughn Vele,2024 W16,2024,16,LAC,10.1,0.0769230769230769,0.134920634920635,3,0
00-0039424,Devaughn Vele,2024 W17,2024,17,CIN,4.7,0.0645161290322581,0.09375,2,0
00-0039424,Devaughn Vele,2024 W18,2024,18,KC,15.0,0.137931034482759,0.286585365853659,4,0
00-0039451,Isaiah Williams,2024 W8,2024,8,TEN,2.6,0.166666666666667,0.223880597014925,3,0
00-0039458,Brenden Bates,2024 W18,2024,18,BAL,0.0,0.0303030303030303,-0.0079365079365079,1,0
00-0039491,Jalen Coker,2024 W10,2024,10,NYG,7.1000000000000005,0.32,0.496969696969697,8,0
00-0039491,Jalen Coker,2024 W15,2024,15,DAL,21.0,0.222222222222222,0.342857142857143,6,0
00-0039491,Jalen Coker,2024 W16,2024,16,ARI,2.8,0.208333333333333,0.231788079470199,5,0
00-0039491,Jalen Coker,2024 W17,2024,17,TB,5.5,0.0909090909090909,0.111842105263158,2,0
00-0039491,Jalen Coker,2024 W18,2024,18,ATL,13.96,0.2,0.132258064516129,7,0
00-0039521,Xavier Weaver,2024 W6,2024,6,GB,0.0,0.03125,0.109375,1,0
00-0039521,Xavier Weaver,2024 W18,2024,18,SF,0.0,0.03125,0.0807174887892377,1,0
00-0039530,Brevyn Spann-Ford,2024 W5,2024,5,PIT,4.0,0.0731707317073171,0.0839160839160839,3,0
00-0039530,Brevyn Spann-Ford,2024 W8,2024,8,SF,0.0,0.0540540540540541,0.0321637426900585,2,0
00-0039530,Brevyn Spann-Ford,2024 W11,2024,11,HOU,8.2,0.0925925925925926,0.0658682634730539,5,0
00-0039530,Brevyn Spann-Ford,2024 W12,2024,12,WAS,4.4,0.0625,0.0932642487046632,2,0
00-0039530,Brevyn Spann-Ford,2024 W15,2024,15,CAR,1.2,0.0357142857142857,0.0059523809523809,1,0
00-0039589,Kameron Johnson,2024 W1,2024,1,WAS,0.0,,,0,1
00-0039589,Kameron Johnson,2024 W4,2024,4,PHI,0.0,0.0212765957446809,0.009933774834437,1,0
00-0039589,Kameron Johnson,2024 W17,2024,17,CAR,1.1,,,0,1
00-0039603,British Brooks,2024 W3,2024,3,MIN,0.2,,,0,1
00-0039623,Mason Tipton,2024 W6,2024,6,TB,2.5,0.0526315789473684,0.0392156862745098,2,0
00-0039623,Mason Tipton,2024 W7,2024,7,DEN,10.5,0.230769230769231,0.445255474452555,9,0
00-0039623,Mason Tipton,2024 W8,2024,8,LAC,3.4000000000000004,0.0526315789473684,0.0510948905109489,2,0
00-0039623,Mason Tipton,2024 W9,2024,9,CAR,0.0,0.107142857142857,0.269230769230769,3,0
00-0039623,Mason Tipton,2024 W16,2024,16,GB,0.0,0.0357142857142857,0.0136986301369863,1,0
00-0039631,Cam Grandy,2024 W10,2024,10,BAL,1.0,0.0185185185185185,-0.0020408163265306,1,0
00-0039631,Cam Grandy,2024 W15,2024,15,TEN,3.2,0.0571428571428571,0.0368852459016393,2,0
00-0039631,Cam Grandy,2024 W17,2024,17,DEN,1.7000000000000002,0.0204081632653061,0.0029154518950437,1,0
00-0039631,Cam Grandy,2024 W18,2024,18,PIT,1.9,0.0217391304347826,0.0158730158730159,1,0
00-0039648,David Martin-Robinson,2024 W14,2024,14,JAX,0.0,0.03125,0.0,1,0
00-0039648,David Martin-Robinson,2024 W16,2024,16,IND,1.6,0.0303030303030303,0.0,1,0
00-0039650,Bryce Oliver,2024 W10,2024,10,LAC,4.300000000000001,0.0869565217391304,0.0842105263157895,2,0
00-0039650,Bryce Oliver,2024 W11,2024,11,MIN,4.300000000000001,0.0344827586206897,0.0864197530864198,1,0
00-0039650,Bryce Oliver,2024 W14,2024,14,JAX,2.6,0.03125,0.0526315789473684,1,0
00-0039650,Bryce Oliver,2024 W15,2024,15,CIN,1.8,0.0540540540540541,0.0483091787439614,2,0
00-0039650,Bryce Oliver,2024 W18,2024,18,HOU,2.5,0.115384615384615,0.107023411371237,3,0
00-0039703,Cody Schrader,2024 W18,2024,18,SEA,1.9000000000000001,0.025,0.0,1,1
00-0039732,Bo Nix,2024 W13,2024,13,CLE,14.159999999999998,,,0,3
00-0039732,Bo Nix,2024 W15,2024,15,IND,19.5,,,0,8
00-0039732,Bo Nix,2024 W16,2024,16,LAC,25.02,,,0,3
00-0039732,Bo Nix,2024 W17,2024,17,CIN,27.86,,,0,7
00-0039732,Bo Nix,2024 W18,2024,18,KC,41.540000000000006,,,0,7
00-0039737,Tip Reiman,2024 W5,2024,5,SF,1.5,0.0333333333333333,0.009009009009009,1,0
00-0039737,Tip Reiman,2024 W7,2024,7,LAC,1.1,0.04,0.0,1,0
00-0039737,Tip Reiman,2024 W13,2024,13,MIN,1.9,0.0232558139534884,0.0162866449511401,1,0
00-0039737,Tip Reiman,2024 W14,2024,14,SEA,2.4000000000000004,0.0263157894736842,-0.0063694267515923,1,0
00-0039737,Tip Reiman,2024 W15,2024,15,NE,2.8,0.0967741935483871,0.0372670807453416,3,0
00-0039738,Blake Corum,2024 W14,2024,14,BUF,3.4000000000000004,,,0,8
00-0039738,Blake Corum,2024 W15,2024,15,SF,4.0,0.115384615384615,-0.0056497175141242,3,3
00-0039738,Blake Corum,2024 W16,2024,16,NYJ,1.4000000000000001,,,0,5
00-0039738,Blake Corum,2024 W17,2024,17,ARI,-0.4,,,0,3
00-0039738,Blake Corum,2024 W18,2024,18,SEA,3.2,0.025,0.0049751243781094,1,2
00-0039746,Will Shipley,2024 W7,2024,7,NYG,1.5,,,0,8
00-0039746,Will Shipley,2024 W8,2024,8,CIN,-0.30000000000000004,,,0,2
00-0039746,Will Shipley,2024 W10,2024,10,DAL,3.4000000000000004,,,0,9
00-0039746,Will Shipley,2024 W13,2024,13,BAL,0.4,,,0,1
00-0039746,Will Shipley,2024 W18,2024,18,NYG,10.7,0.0975609756097561,0.0259259259259259,4,10
00-0039747,Ainias Smith,2024 W9,2024,9,JAX,1.2,0.0434782608695652,-0.0086206896551724,1,1
00-0039747,Ainias Smith,2024 W10,2024,10,DAL,2.6,0.1,0.0044642857142857,2,0
00-0039747,Ainias Smith,2024 W18,2024,18,NYG,13.9,0.146341463414634,0.144444444444444,6,1
00-0039751,Jordan Whittington,2024 W3,2024,3,SF,5.800000000000001,0.130434782608696,0.0186567164179104,3,0
00-0039751,Jordan Whittington,2024 W4,2024,4,CHI,12.2,0.275862068965517,0.263681592039801,8,0
00-0039751,Jordan Whittington,2024 W5,2024,5,GB,15.9,0.222222222222222,0.215258855585831,10,0
00-0039751,Jordan Whittington,2024 W17,2024,17,ARI,1.6,0.0357142857142857,0.005813953488372,1,0
00-0039751,Jordan Whittington,2024 W18,2024,18,SEA,12.8,0.1,0.0845771144278607,4,2
00-0039754,Devin Culp,2024 W17,2024,17,CAR,8.2,0.125,0.191570881226054,4,0
00-0039754,Devin Culp,2024 W18,2024,18,NO,5.6,0.0645161290322581,0.0923694779116466,2,0
00-0039757,Terrell Jennings,2024 W6,2024,6,HOU,1.3,,,0,5
00-0039757,Terrell Jennings,2024 W18,2024,18,BUF,2.0,0.0357142857142857,0.102112676056338,1,8
00-0039792,Devontez Walker,2024 W15,2024,15,NYG,9.1,0.0416666666666667,0.0875,1,0
00-0039792,Devontez Walker,2024 W17,2024,17,HOU,0.0,0.125,0.333333333333333,2,0
00-0039793,AJ Barner,2024 W13,2024,13,NYJ,9.4,0.0689655172413793,-0.0204081632653061,2,0
00-0039793,AJ Barner,2024 W14,2024,14,ARI,2.3,0.0344827586206897,-0.00625,1,0
00-0039793,AJ Barner,2024 W15,2024,15,GB,1.5,0.0967741935483871,0.165853658536585,3,0
00-0039793,AJ Barner,2024 W16,2024,16,MIN,9.3,0.0476190476190476,0.0122699386503067,2,0
00-0039793,AJ Barner,2024 W18,2024,18,LA,14.4,0.185185185185185,0.0325581395348837,5,0
00-0039794,Braelon Allen,2024 W14,2024,14,MIA,12.100000000000001,0.128205128205128,0.0038022813688212,5,11
00-0039794,Braelon Allen,2024 W15,2024,15,JAX,0.5,,,0,2
00-0039794,Braelon Allen,2024 W16,2024,16,LA,2.0,0.0238095238095238,0.0090497737556561,1,2
00-0039794,Braelon Allen,2024 W17,2024,17,BUF,2.6,,,0,6
00-0039794,Braelon Allen,2024 W18,2024,18,MIA,4.3,0.0857142857142857,0.0197044334975369,3,4
00-0039796,Rasheen Ali,2024 W15,2024,15,NYG,3.2,,,0,8
00-0039796,Rasheen Ali,2024 W16,2024,16,PIT,0.2,,,0,1
00-0039796,Rasheen Ali,2024 W17,2024,17,HOU,-0.30000000000000004,,,0,1
00-0039796,Rasheen Ali,2024 W18,2024,18,CLE,0.0,0.0666666666666667,-0.0179856115107914,2,0
00-0039798,Isaiah Davis,2024 W14,2024,14,MIA,15.7,0.153846153846154,0.0836501901140684,6,10
00-0039798,Isaiah Davis,2024 W15,2024,15,JAX,3.6000000000000005,0.0357142857142857,-0.0115273775216138,1,5
00-0039798,Isaiah Davis,2024 W16,2024,16,LA,1.2000000000000002,,,0,3
00-0039798,Isaiah Davis,2024 W17,2024,17,BUF,5.3,0.032258064516129,-0.0396825396825397,1,3
00-0039798,Isaiah Davis,2024 W18,2024,18,MIA,4.1000000000000005,,,0,4
00-0039811,MarShawn Lloyd,2024 W2,2024,2,IND,2.8,0.0769230769230769,-0.0617283950617284,1,6
00-0039814,Erick All,2024 W5,2024,5,BAL,3.0,0.0512820512820513,0.0062111801242236,2,0
00-0039814,Erick All,2024 W6,2024,6,NYG,3.0,0.130434782608696,0.0454545454545455,3,0
00-0039814,Erick All,2024 W7,2024,7,CLE,0.0,0.0416666666666667,-0.0038461538461538,1,0
00-0039814,Erick All,2024 W8,2024,8,PHI,5.2,0.0555555555555556,0.0721649484536082,2,0
00-0039814,Erick All,2024 W9,2024,9,LV,4.4,0.0540540540540541,0.076555023923445,2,0
00-0039816,Anthony Gould,2024 W15,2024,15,DEN,3.3000000000000003,0.0277777777777778,0.0571428571428571,1,0
00-0039824,Jared Wiley,2024 W2,2024,2,CIN,1.7000000000000002,0.0434782608695652,0.0454545454545455,1,0
00-0039847,Theo Johnson,2024 W8,2024,8,PIT,6.5,0.108108108108108,0.105263157894737,4,0
00-0039847,Theo Johnson,2024 W9,2024,9,WAS,14.100000000000001,0.230769230769231,0.419689119170984,6,0
00-0039847,Theo Johnson,2024 W10,2024,10,CAR,7.7,0.1875,0.176029962546816,6,0
00-0039847,Theo Johnson,2024 W12,2024,12,TB,6.9,0.2,0.092485549132948,6,0
00-0039847,Theo Johnson,2024 W13,2024,13,DAL,10.4,0.15625,0.138888888888889,5,0
00-0039849,Marvin Harrison Jr.,2024 W14,2024,14,SEA,8.9,0.210526315789474,0.528662420382166,8,0
00-0039849,Marvin Harrison Jr.,2024 W15,2024,15,NE,5.2,0.193548387096774,0.546583850931677,6,0
00-0039849,Marvin Harrison Jr.,2024 W16,2024,16,CAR,7.9,0.275862068965517,0.461956521739131,8,0
00-0039849,Marvin Harrison Jr.,2024 W17,2024,17,LA,15.600000000000001,0.222222222222222,0.5,10,0
00-0039849,Marvin Harrison Jr.,2024 W18,2024,18,SF,17.3,0.1875,0.31390134529148,6,0
00-0039851,Drake Maye,2024 W13,2024,13,IND,21.42,,,0,5
00-0039851,Drake Maye,2024 W15,2024,15,ARI,19.48,,,0,4
00-0039851,Drake Maye,2024 W16,2024,16,BUF,21.439999999999998,,,0,6
00-0039851,Drake Maye,2024 W17,2024,17,LAC,11.879999999999999,,,0,6
00-0039851,Drake Maye,2024 W18,2024,18,BUF,0.0,,,0,0
00-0039855,Jalen McMillan,2024 W14,2024,14,LV,21.9,0.25,0.267281105990783,7,0
00-0039855,Jalen McMillan,2024 W15,2024,15,LAC,18.5,0.230769230769231,0.311475409836066,6,0
00-0039855,Jalen McMillan,2024 W16,2024,16,DAL,16.7,0.162790697674419,0.25181598062954,7,0
00-0039855,Jalen McMillan,2024 W17,2024,17,CAR,23.0,0.15625,0.122605363984674,5,1
00-0039855,Jalen McMillan,2024 W18,2024,18,NO,19.0,0.193548387096774,0.289156626506024,6,1
00-0039868,Troy Franklin,2024 W13,2024,13,CLE,4.800000000000001,0.161290322580645,0.241379310344828,5,0
00-0039868,Troy Franklin,2024 W15,2024,15,IND,2.9,0.15625,0.15028901734104,5,0
00-0039868,Troy Franklin,2024 W16,2024,16,LAC,4.5,0.0769230769230769,0.19047619047619,3,0
00-0039868,Troy Franklin,2024 W17,2024,17,CIN,0.9,0.0645161290322581,0.129464285714286,2,0
00-0039868,Troy Franklin,2024 W18,2024,18,KC,3.2,0.0689655172413793,-0.0426829268292683,2,0
00-0039874,Jaylen Wright,2024 W11,2024,11,LV,1.5999999999999999,0.0285714285714286,0.0112359550561798,1,5
00-0039874,Jaylen Wright,2024 W12,2024,12,NE,0.8000000000000003,0.025,0.0,1,7
00-0039874,Jaylen Wright,2024 W14,2024,14,NYJ,3.3000000000000003,0.0666666666666667,-0.025830258302583,3,2
00-0039874,Jaylen Wright,2024 W15,2024,15,HOU,0.30000000000000004,,,0,1
00-0039874,Jaylen Wright,2024 W18,2024,18,NYJ,-0.4,,,0,6
00-0039875,Ray Davis,2024 W13,2024,13,SF,13.700000000000001,0.0555555555555556,0.018018018018018,1,11
00-0039875,Ray Davis,2024 W15,2024,15,DET,10.9,0.0625,0.0204081632653061,2,7
00-0039875,Ray Davis,2024 W16,2024,16,NE,3.9000000000000004,0.037037037037037,0.0031948881789137,1,5
00-0039875,Ray Davis,2024 W17,2024,17,NYJ,2.3,0.037037037037037,-0.0330188679245283,1,6
00-0039875,Ray Davis,2024 W18,2024,18,NE,14.5,0.0967741935483871,-0.0344827586206897,3,15
00-0039880,Malik Washington,2024 W14,2024,14,NYJ,0.0,0.0222222222222222,0.0922509225092251,1,0
00-0039880,Malik Washington,2024 W15,2024,15,HOU,10.2,0.153846153846154,0.0786516853932584,6,0
00-0039880,Malik Washington,2024 W16,2024,16,SF,5.800000000000001,0.129032258064516,0.21608040201005,4,0
00-0039880,Malik Washington,2024 W17,2024,17,CLE,7.0,0.208333333333333,0.258992805755396,5,1
00-0039880,Malik Washington,2024 W18,2024,18,NYJ,8.8,0.135135135135135,0.108695652173913,5,0
00-0039890,Adonai Mitchell,2024 W13,2024,13,NE,0.0,0.0833333333333333,0.0862944162436548,2,0
00-0039890,Adonai Mitchell,2024 W15,2024,15,DEN,-3.0,0.111111111111111,0.20952380952381,4,1
00-0039890,Adonai Mitchell,2024 W16,2024,16,TEN,4.6,0.0909090909090909,0.382022471910112,1,0
00-0039890,Adonai Mitchell,2024 W17,2024,17,NYG,4.2,0.108108108108108,0.0853333333333333,4,0
00-0039890,Adonai Mitchell,2024 W18,2024,18,JAX,0.0,0.0256410256410256,0.0537634408602151,1,0
00-0039893,Brian Thomas Jr.,2024 W14,2024,14,TEN,16.6,0.4,0.738562091503268,12,0
00-0039893,Brian Thomas Jr.,2024 W15,2024,15,NYJ,32.5,0.325581395348837,0.294520547945206,14,0
00-0039893,Brian Thomas Jr.,2024 W16,2024,16,LV,28.200000000000003,0.371428571428571,0.611353711790393,13,0
00-0039893,Brian Thomas Jr.,2024 W17,2024,17,TEN,23.9,0.476190476190476,0.614173228346457,10,1
00-0039893,Brian Thomas Jr.,2024 W18,2024,18,IND,17.3,0.354838709677419,0.618518518518519,11,0
00-0039894,Xavier Worthy,2024 W13,2024,13,LV,10.4,0.155555555555556,0.187012987012987,7,0
00-0039894,Xavier Worthy,2024 W14,2024,14,LAC,9.600000000000001,0.166666666666667,0.0923076923076923,6,1
00-0039894,Xavier Worthy,2024 W15,2024,15,CLE,19.6,0.289473684210526,0.271929824561404,11,3
00-0039894,Xavier Worthy,2024 W16,2024,16,HOU,20.5,0.268292682926829,0.28755364806867,11,3
00-0039894,Xavier Worthy,2024 W17,2024,17,PIT,22.9,0.236842105263158,0.0277777777777778,9,2
00-0039901,Keon Coleman,2024 W9,2024,9,MIA,5.1,0.0555555555555556,0.137404580152672,2,0
00-0039901,Keon Coleman,2024 W15,2024,15,DET,7.4,0.0625,0.230320699708455,2,0
00-0039901,Keon Coleman,2024 W16,2024,16,NE,2.7,0.0740740740740741,0.188498402555911,2,0
00-0039901,Keon Coleman,2024 W17,2024,17,NYJ,11.7,0.259259259259259,0.325471698113208,7,0
00-0039901,Keon Coleman,2024 W18,2024,18,NE,6.0,0.32258064516129,0.810344827586207,10,1
00-0039907,Ja'Lynn Polk,2024 W10,2024,10,CHI,7.2,0.0434782608695652,0.0100502512562814,1,0
00-0039907,Ja'Lynn Polk,2024 W12,2024,12,MIA,1.7000000000000002,0.0540540540540541,0.0136986301369863,2,0
00-0039907,Ja'Lynn Polk,2024 W13,2024,13,IND,0.0,0.0333333333333333,0.0252525252525253,1,0
00-0039907,Ja'Lynn Polk,2024 W15,2024,15,ARI,0.0,0.0434782608695652,0.0751445086705202,1,0
00-0039907,Ja'Lynn Polk,2024 W17,2024,17,LAC,0.0,0.0434782608695652,0.107476635514019,1,0
00-0039910,Jayden Daniels,2024 W13,2024,13,TEN,33.64,,,0,9
00-0039910,Jayden Daniels,2024 W15,2024,15,NO,27.64,,,0,11
00-0039910,Jayden Daniels,2024 W16,2024,16,PHI,44.42,,,0,9
00-0039910,Jayden Daniels,2024 W17,2024,17,ATL,37.78,,,0,16
00-0039910,Jayden Daniels,2024 W18,2024,18,DAL,4.220000000000001,,,0,4
00-0039912,Ben Sinnott,2024 W7,2024,7,CAR,8.6,0.08,0.0,2,0
00-0039912,Ben Sinnott,2024 W9,2024,9,NYG,2.2,0.0526315789473684,0.0330578512396694,1,0
00-0039912,Ben Sinnott,2024 W13,2024,13,TEN,1.3,0.0333333333333333,0.0120481927710843,1,0
00-0039912,Ben Sinnott,2024 W15,2024,15,NO,1.7000000000000002,0.032258064516129,0.0113636363636364,1,0
00-0039915,Ladd McConkey,2024 W13,2024,13,ATL,20.700000000000003,0.5,0.692771084337349,12,0
00-0039915,Ladd McConkey,2024 W15,2024,15,TB,16.8,0.21875,0.20817843866171,7,0
00-0039915,Ladd McConkey,2024 W16,2024,16,DEN,14.700000000000001,0.2,0.197802197802198,6,0
00-0039915,Ladd McConkey,2024 W17,2024,17,NE,29.4,0.25,0.298941798941799,10,0
00-0039915,Ladd McConkey,2024 W18,2024,18,LV,16.5,0.228571428571429,0.259259259259259,8,0
00-0039916,Ricky Pearsall,2024 W14,2024,14,CHI,1.5,0.0769230769230769,0.143939393939394,2,0
00-0039916,Ricky Pearsall,2024 W15,2024,15,LA,2.6,0.129032258064516,0.209677419354839,4,0
00-0039916,Ricky Pearsall,2024 W16,2024,16,MIA,7.7,0.108108108108108,0.142857142857143,4,0
00-0039916,Ricky Pearsall,2024 W17,2024,17,DET,28.700000000000003,0.277777777777778,0.4,10,2
00-0039916,Ricky Pearsall,2024 W18,2024,18,ARI,18.9,0.19047619047619,0.22089552238806,8,0
00-0039917,Michael Penix Jr.,2024 W7,2024,7,SEA,0.56,,,0,0
00-0039917,Michael Penix Jr.,2024 W11,2024,11,DEN,0.96,,,0,0
00-0039917,Michael Penix Jr.,2024 W16,2024,16,NYG,6.38,,,0,4
00-0039917,Michael Penix Jr.,2024 W17,2024,17,WAS,13.22,,,0,2
00-0039917,Michael Penix Jr.,2024 W18,2024,18,CAR,28.98,,,0,1
00-0039918,Caleb Williams,2024 W14,2024,14,SF,18.06,,,0,4
00-0039918,Caleb Williams,2024 W15,2024,15,MIN,11.940000000000001,,,0,4
00-0039918,Caleb Williams,2024 W16,2024,16,DET,26.759999999999998,,,0,6
00-0039918,Caleb Williams,2024 W17,2024,17,SEA,6.58,,,0,5
00-0039918,Caleb Williams,2024 W18,2024,18,GB,12.92,,,0,3
00-0039919,Rome Odunze,2024 W14,2024,14,SF,20.2,0.208333333333333,0.442857142857143,5,0
00-0039919,Rome Odunze,2024 W15,2024,15,MIN,5.9,0.225806451612903,0.323943661971831,7,0
00-0039919,Rome Odunze,2024 W16,2024,16,DET,9.7,0.189189189189189,0.28486646884273,7,0
00-0039919,Rome Odunze,2024 W17,2024,17,SEA,2.5,0.153846153846154,0.467065868263473,4,0
00-0039919,Rome Odunze,2024 W18,2024,18,GB,3.8,0.0833333333333333,0.215384615384615,2,0
00-0039920,Malachi Corley,2024 W2,2024,2,TEN,1.4,0.0344827586206897,-0.006578947368421,1,0
00-0039920,Malachi Corley,2024 W9,2024,9,HOU,1.8,,,0,1
00-0039920,Malachi Corley,2024 W10,2024,10,ARI,1.2,0.0606060606060606,0.0576923076923077,2,0
00-0039920,Malachi Corley,2024 W11,2024,11,IND,2.0,0.0344827586206897,0.0806451612903226,1,0
00-0039920,Malachi Corley,2024 W13,2024,13,SEA,0.8,0.0526315789473684,0.0935483870967742,2,1
00-0039921,Trey Benson,2024 W10,2024,10,NYJ,10.7,0.0833333333333333,-0.0720720720720721,2,10
00-0039921,Trey Benson,2024 W12,2024,12,SEA,1.8,,,0,4
00-0039921,Trey Benson,2024 W13,2024,13,MIN,2.0,,,0,3
00-0039921,Trey Benson,2024 W14,2024,14,SEA,2.9,0.0263157894736842,-0.0318471337579618,1,2
00-0039921,Trey Benson,2024 W15,2024,15,NE,2.2,,,0,5
